2001251025,CierreMasivo 06Feb25,1,6,Solicitud atendida la cuenta se encuentra activa.,0
2201250286,CierreMasivo 06Feb25,1,6,Solicitud atendida la cuenta se encuentra activa.,0
2401251282,CierreMasivo 06Feb25,1,6,Solicitud atendida la cuenta se encuentra activa.,0
2701252621,CierreMasivo 06Feb25,1,6,Solicitud atendida la cuenta se encuentra activa.,0
2701251590,CierreMasivo 06Feb25,1,6,Solicitud atendida la cuenta se encuentra activa.,0
2801253415,CierreMasivo 06Feb25,1,6,Solicitud atendida la cuenta se encuentra activa.,0
2801253405,CierreMasivo 06Feb25,1,6,Solicitud atendida la cuenta se encuentra activa.,0
2801253369,CierreMasivo 06Feb25,1,6,Solicitud atendida la cuenta se encuentra activa.,0
2801253396,CierreMasivo 06Feb25,1,6,Solicitud atendida la cuenta se encuentra activa.,0
2801253384,CierreMasivo 06Feb25,1,6,Solicitud atendida la cuenta se encuentra activa.,0
2801253234,CierreMasivo 06Feb25,1,6,Solicitud atendida la cuenta se encuentra activa.,0
2801253214,CierreMasivo 06Feb25,1,6,Solicitud atendida la cuenta se encuentra activa.,0
2801253129,CierreMasivo 06Feb25,1,6,Solicitud atendida la cuenta se encuentra activa.,0
2801253082,CierreMasivo 06Feb25,1,6,Solicitud atendida la cuenta se encuentra activa.,0
2801253146,CierreMasivo 06Feb25,1,6,Solicitud atendida la cuenta se encuentra activa.,0
2801253040,CierreMasivo 06Feb25,1,6,Solicitud atendida la cuenta se encuentra activa.,0
2801252996,CierreMasivo 06Feb25,1,6,Solicitud atendida la cuenta se encuentra activa.,0
2801252055,CierreMasivo 06Feb25,1,6,Solicitud atendida la cuenta se encuentra activa.,0
2901254314,CierreMasivo 06Feb25,1,6,Solicitud atendida la cuenta se encuentra activa.,0
2901253361,CierreMasivo 06Feb25,1,6,Solicitud atendida la cuenta se encuentra activa.,0
3001250761,CierreMasivo 06Feb25,1,6,Solicitud atendida la cuenta se encuentra activa.,0
3101253848,CierreMasivo 06Feb25,1,6,Solicitud atendida la cuenta se encuentra activa.,0
0102252027,CierreMasivo 06Feb25,1,6,Solicitud atendida la cuenta se encuentra activa.,0
0102250617,CierreMasivo 06Feb25,1,6,Solicitud atendida la cuenta se encuentra activa.,0
0202251237,CierreMasivo 06Feb25,1,6,Solicitud atendida la cuenta se encuentra activa.,0
0302252398,CierreMasivo 06Feb25,1,6,Solicitud atendida la cuenta se encuentra activa.,0
0402253504,CierreMasivo 06Feb25,1,6,Solicitud atendida la cuenta se encuentra activa.,0
0502253010,CierreMasivo 06Feb25,1,6,Solicitud atendida la cuenta se encuentra activa.,0
0502252980,CierreMasivo 06Feb25,1,6,Solicitud atendida la cuenta se encuentra activa.,0
0502252584,CierreMasivo 06Feb25,1,6,Solicitud atendida la cuenta se encuentra activa.,0
0502252588,CierreMasivo 06Feb25,0,5,Estimado cliente: Tras revisar la información de todos los detalles involucrados y según nuestras políticas/procedimientos lamentamos informarte que tu solicitud de aclaración para la compra realizada no es procedente. ,0
0502252536,CierreMasivo 06Feb25,0,5,Estimado cliente: Tras revisar la información de todos los detalles involucrados y según nuestras políticas/procedimientos lamentamos informarte que tu solicitud de aclaración para la compra realizada no es procedente. ,0
0502253340,CierreMasivo 06Feb25,0,5,Estimado cliente: Tras revisar la información de todos los detalles involucrados y según nuestras políticas/procedimientos lamentamos informarte que tu solicitud de aclaración para la compra realizada no es procedente. ,0
0502250721,CierreMasivo 06Feb25,0,5,Estimado cliente: Tras revisar la información de todos los detalles involucrados y según nuestras políticas/procedimientos lamentamos informarte que tu solicitud de aclaración para la compra realizada no es procedente. ,0
0502252344,CierreMasivo 06Feb25,0,5,Estimado cliente: Tras revisar la información de todos los detalles involucrados y según nuestras políticas/procedimientos lamentamos informarte que tu solicitud de aclaración para la compra realizada no es procedente. ,0
0502253144,CierreMasivo 06Feb25,0,5,Estimado cliente: Tras revisar la información de todos los detalles involucrados y según nuestras políticas/procedimientos lamentamos informarte que tu solicitud de aclaración para la compra realizada no es procedente. ,0
0502253125,CierreMasivo 06Feb25,0,5,Estimado cliente: Tras revisar la información de todos los detalles involucrados y según nuestras políticas/procedimientos lamentamos informarte que tu solicitud de aclaración para la compra realizada no es procedente. ,0
0502253118,CierreMasivo 06Feb25,0,5,Estimado cliente: Tras revisar la información de todos los detalles involucrados y según nuestras políticas/procedimientos lamentamos informarte que tu solicitud de aclaración para la compra realizada no es procedente. ,0
0502253110,CierreMasivo 06Feb25,0,5,Estimado cliente: Tras revisar la información de todos los detalles involucrados y según nuestras políticas/procedimientos lamentamos informarte que tu solicitud de aclaración para la compra realizada no es procedente. ,0
0502253087,CierreMasivo 06Feb25,0,5,Estimado cliente: Tras revisar la información de todos los detalles involucrados y según nuestras políticas/procedimientos lamentamos informarte que tu solicitud de aclaración para la compra realizada no es procedente. ,0
0502253009,CierreMasivo 06Feb25,0,5,Estimado cliente: Tras revisar la información de todos los detalles involucrados y según nuestras políticas/procedimientos lamentamos informarte que tu solicitud de aclaración para la compra realizada no es procedente. ,0
0502252996,CierreMasivo 06Feb25,0,5,Estimado cliente: Tras revisar la información de todos los detalles involucrados y según nuestras políticas/procedimientos lamentamos informarte que tu solicitud de aclaración para la compra realizada no es procedente. ,0
0502252995,CierreMasivo 06Feb25,0,5,Estimado cliente: Tras revisar la información de todos los detalles involucrados y según nuestras políticas/procedimientos lamentamos informarte que tu solicitud de aclaración para la compra realizada no es procedente. ,0
0502252972,CierreMasivo 06Feb25,0,5,Estimado cliente: Tras revisar la información de todos los detalles involucrados y según nuestras políticas/procedimientos lamentamos informarte que tu solicitud de aclaración para la compra realizada no es procedente. ,0
0502252957,CierreMasivo 06Feb25,0,5,Estimado cliente: Tras revisar la información de todos los detalles involucrados y según nuestras políticas/procedimientos lamentamos informarte que tu solicitud de aclaración para la compra realizada no es procedente. ,0
0502252942,CierreMasivo 06Feb25,0,5,Estimado cliente: Tras revisar la información de todos los detalles involucrados y según nuestras políticas/procedimientos lamentamos informarte que tu solicitud de aclaración para la compra realizada no es procedente. ,0
0502252916,CierreMasivo 06Feb25,0,5,Estimado cliente: Tras revisar la información de todos los detalles involucrados y según nuestras políticas/procedimientos lamentamos informarte que tu solicitud de aclaración para la compra realizada no es procedente. ,0
0502252876,CierreMasivo 06Feb25,0,5,Estimado cliente: Tras revisar la información de todos los detalles involucrados y según nuestras políticas/procedimientos lamentamos informarte que tu solicitud de aclaración para la compra realizada no es procedente. ,0
0502250764,CierreMasivo 06Feb25,0,5,Estimado cliente: Tras revisar la información de todos los detalles involucrados y según nuestras políticas/procedimientos lamentamos informarte que tu solicitud de aclaración para la compra realizada no es procedente. ,0
0502250715,CierreMasivo 06Feb25,0,5,Estimado cliente: Tras revisar la información de todos los detalles involucrados y según nuestras políticas/procedimientos lamentamos informarte que tu solicitud de aclaración para la compra realizada no es procedente. ,0
0502250737,CierreMasivo 06Feb25,0,5,Estimado cliente: Tras revisar la información de todos los detalles involucrados y según nuestras políticas/procedimientos lamentamos informarte que tu solicitud de aclaración para la compra realizada no es procedente. ,0
0502250648,CierreMasivo 06Feb25,0,5,Estimado cliente: Tras revisar la información de todos los detalles involucrados y según nuestras políticas/procedimientos lamentamos informarte que tu solicitud de aclaración para la compra realizada no es procedente. ,0
0502250630,CierreMasivo 06Feb25,0,5,Estimado cliente: Tras revisar la información de todos los detalles involucrados y según nuestras políticas/procedimientos lamentamos informarte que tu solicitud de aclaración para la compra realizada no es procedente. ,0
0502250661,CierreMasivo 06Feb25,0,5,Estimado cliente: Tras revisar la información de todos los detalles involucrados y según nuestras políticas/procedimientos lamentamos informarte que tu solicitud de aclaración para la compra realizada no es procedente. ,0
0502250563,CierreMasivo 06Feb25,0,5,Estimado cliente: Tras revisar la información de todos los detalles involucrados y según nuestras políticas/procedimientos lamentamos informarte que tu solicitud de aclaración para la compra realizada no es procedente. ,0
0502252982,CierreMasivo 06Feb25,0,5,Estimado cliente: Tras revisar la información de todos los detalles involucrados y según nuestras políticas/procedimientos lamentamos informarte que tu solicitud de aclaración para la compra realizada no es procedente. ,0
0502252976,CierreMasivo 06Feb25,0,5,Estimado cliente: Tras revisar la información de todos los detalles involucrados y según nuestras políticas/procedimientos lamentamos informarte que tu solicitud de aclaración para la compra realizada no es procedente. ,0
0502250551,CierreMasivo 06Feb25,0,5,Estimado cliente: Tras revisar la información de todos los detalles involucrados y según nuestras políticas/procedimientos lamentamos informarte que tu solicitud de aclaración para la compra realizada no es procedente. ,0
0502250543,CierreMasivo 06Feb25,0,5,Estimado cliente: Tras revisar la información de todos los detalles involucrados y según nuestras políticas/procedimientos lamentamos informarte que tu solicitud de aclaración para la compra realizada no es procedente. ,0
0502253422,CierreMasivo 06Feb25,0,5,Estimado cliente: Tras revisar la información de todos los detalles involucrados y según nuestras políticas/procedimientos lamentamos informarte que tu solicitud de aclaración para la compra realizada no es procedente. ,0
0502251313,CierreMasivo 06Feb25,0,5,Estimado cliente: Tras revisar la información de todos los detalles involucrados y según nuestras políticas/procedimientos lamentamos informarte que tu solicitud de aclaración para la compra realizada no es procedente. ,0
0502251277,CierreMasivo 06Feb25,0,5,Estimado cliente: Tras revisar la información de todos los detalles involucrados y según nuestras políticas/procedimientos lamentamos informarte que tu solicitud de aclaración para la compra realizada no es procedente. ,0
0502251253,CierreMasivo 06Feb25,0,5,Estimado cliente: Tras revisar la información de todos los detalles involucrados y según nuestras políticas/procedimientos lamentamos informarte que tu solicitud de aclaración para la compra realizada no es procedente. ,0
0502251489,CierreMasivo 06Feb25,0,5,Estimado cliente: Tras revisar la información de todos los detalles involucrados y según nuestras políticas/procedimientos lamentamos informarte que tu solicitud de aclaración para la compra realizada no es procedente. ,0
0502251460,CierreMasivo 06Feb25,0,5,Estimado cliente: Tras revisar la información de todos los detalles involucrados y según nuestras políticas/procedimientos lamentamos informarte que tu solicitud de aclaración para la compra realizada no es procedente. ,0
0502251438,CierreMasivo 06Feb25,0,5,Estimado cliente: Tras revisar la información de todos los detalles involucrados y según nuestras políticas/procedimientos lamentamos informarte que tu solicitud de aclaración para la compra realizada no es procedente. ,0
0502251393,CierreMasivo 06Feb25,0,5,Estimado cliente: Tras revisar la información de todos los detalles involucrados y según nuestras políticas/procedimientos lamentamos informarte que tu solicitud de aclaración para la compra realizada no es procedente. ,0
0502253052,CierreMasivo 06Feb25,0,5,Estimado cliente: Tras revisar la información de todos los detalles involucrados y según nuestras políticas/procedimientos lamentamos informarte que tu solicitud de aclaración para la compra realizada no es procedente. ,0
0502253041,CierreMasivo 06Feb25,0,5,Estimado cliente: Tras revisar la información de todos los detalles involucrados y según nuestras políticas/procedimientos lamentamos informarte que tu solicitud de aclaración para la compra realizada no es procedente. ,0
0502250088,CierreMasivo 06Feb25,0,5,Estimado cliente: Tras revisar la información de todos los detalles involucrados y según nuestras políticas/procedimientos lamentamos informarte que tu solicitud de aclaración para la compra realizada no es procedente. ,0
0502250082,CierreMasivo 06Feb25,0,5,Estimado cliente: Tras revisar la información de todos los detalles involucrados y según nuestras políticas/procedimientos lamentamos informarte que tu solicitud de aclaración para la compra realizada no es procedente. ,0
0502250078,CierreMasivo 06Feb25,0,5,Estimado cliente: Tras revisar la información de todos los detalles involucrados y según nuestras políticas/procedimientos lamentamos informarte que tu solicitud de aclaración para la compra realizada no es procedente. ,0
0502253126,CierreMasivo 06Feb25,0,5,Estimado cliente: Tras revisar la información de todos los detalles involucrados y según nuestras políticas/procedimientos lamentamos informarte que tu solicitud de aclaración para la compra realizada no es procedente. ,0
0502252576,CierreMasivo 06Feb25,0,5,Estimado cliente: Tras revisar la información de todos los detalles involucrados y según nuestras políticas/procedimientos lamentamos informarte que tu solicitud de aclaración para la compra realizada no es procedente. ,0
0502252555,CierreMasivo 06Feb25,0,5,Estimado cliente: Tras revisar la información de todos los detalles involucrados y según nuestras políticas/procedimientos lamentamos informarte que tu solicitud de aclaración para la compra realizada no es procedente. ,0
0602250277,CierreMasivo 06Feb25,0,5,Estimado cliente: Tras revisar la información de todos los detalles involucrados y según nuestras políticas/procedimientos lamentamos informarte que tu solicitud de aclaración para la compra realizada no es procedente. ,0
0602250070,CierreMasivo 06Feb25,0,5,Estimado cliente: Tras revisar la información de todos los detalles involucrados y según nuestras políticas/procedimientos lamentamos informarte que tu solicitud de aclaración para la compra realizada no es procedente. ,0
0502253102,CierreMasivo 06Feb25,1,6,Estimado cliente el día 06/02/2025 se cierra el folio depositándole los fondos. Su cuenta se encuentra activa.,0
0502253054,CierreMasivo 06Feb25,1,6,Estimado cliente el día 06/02/2025 se cierra el folio depositándole los fondos. Su cuenta se encuentra activa.,0
0502252860,CierreMasivo 06Feb25,1,6,Estimado cliente el día 06/02/2025 se cierra el folio depositándole los fondos. Su cuenta se encuentra activa.,0
0502252526,CierreMasivo 06Feb25,1,6,Estimado cliente el día 06/02/2025 se cierra el folio depositándole los fondos. Su cuenta se encuentra activa.,0
0502252570,CierreMasivo 06Feb25,1,6,Estimado cliente el día 06/02/2025 se cierra el folio depositándole los fondos. Su cuenta se encuentra activa.,0
0502252308,CierreMasivo 06Feb25,1,6,Estimado cliente el día 06/02/2025 se cierra el folio depositándole los fondos. Su cuenta se encuentra activa.,0
0502252159,CierreMasivo 06Feb25,1,6,Estimado cliente el día 06/02/2025 se cierra el folio depositándole los fondos. Su cuenta se encuentra activa.,0
0502251857,CierreMasivo 06Feb25,1,6,Estimado cliente el día 06/02/2025 se cierra el folio depositándole los fondos. Su cuenta se encuentra activa.,0
0502251736,CierreMasivo 06Feb25,1,6,Estimado cliente el día 06/02/2025 se cierra el folio depositándole los fondos. Su cuenta se encuentra activa.,0
0502251684,CierreMasivo 06Feb25,1,6,Estimado cliente el día 06/02/2025 se cierra el folio depositándole los fondos. Su cuenta se encuentra activa.,0
0502251617,CierreMasivo 06Feb25,1,6,Estimado cliente el día 06/02/2025 se cierra el folio depositándole los fondos. Su cuenta se encuentra activa.,0
0502251564,CierreMasivo 06Feb25,1,6,Estimado cliente el día 06/02/2025 se cierra el folio depositándole los fondos. Su cuenta se encuentra activa.,0
0502251550,CierreMasivo 06Feb25,1,6,Estimado cliente el día 06/02/2025 se cierra el folio depositándole los fondos. Su cuenta se encuentra activa.,0
0502251209,CierreMasivo 06Feb25,1,6,Estimado cliente el día 06/02/2025 se cierra el folio depositándole los fondos. Su cuenta se encuentra activa.,0
0502251266,CierreMasivo 06Feb25,1,6,Estimado cliente el día 06/02/2025 se cierra el folio depositándole los fondos. Su cuenta se encuentra activa.,0
0502251166,CierreMasivo 06Feb25,1,6,Estimado cliente el día 06/02/2025 se cierra el folio depositándole los fondos. Su cuenta se encuentra activa.,0
0502251188,CierreMasivo 06Feb25,1,6,Estimado cliente el día 06/02/2025 se cierra el folio depositándole los fondos. Su cuenta se encuentra activa.,0
0502251043,CierreMasivo 06Feb25,1,6,Estimado cliente el día 06/02/2025 se cierra el folio depositándole los fondos. Su cuenta se encuentra activa.,0
0502251019,CierreMasivo 06Feb25,1,6,Estimado cliente el día 06/02/2025 se cierra el folio depositándole los fondos. Su cuenta se encuentra activa.,0
0502250923,CierreMasivo 06Feb25,1,6,Estimado cliente el día 06/02/2025 se cierra el folio depositándole los fondos. Su cuenta se encuentra activa.,0
0502250985,CierreMasivo 06Feb25,1,6,Estimado cliente el día 06/02/2025 se cierra el folio depositándole los fondos. Su cuenta se encuentra activa.,0
0502250869,CierreMasivo 06Feb25,1,6,Estimado cliente el día 06/02/2025 se cierra el folio depositándole los fondos. Su cuenta se encuentra activa.,0
0502250663,CierreMasivo 06Feb25,1,6,Estimado cliente el día 06/02/2025 se cierra el folio depositándole los fondos. Su cuenta se encuentra activa.,0
0502250711,CierreMasivo 06Feb25,1,6,Estimado cliente el día 06/02/2025 se cierra el folio depositándole los fondos. Su cuenta se encuentra activa.,0
0502250712,CierreMasivo 06Feb25,1,6,Estimado cliente el día 06/02/2025 se cierra el folio depositándole los fondos. Su cuenta se encuentra activa.,0
0502250519,CierreMasivo 06Feb25,1,6,Estimado cliente el día 06/02/2025 se cierra el folio depositándole los fondos. Su cuenta se encuentra activa.,0
0502250402,CierreMasivo 06Feb25,1,6,Estimado cliente el día 06/02/2025 se cierra el folio depositándole los fondos. Su cuenta se encuentra activa.,0
0502250293,CierreMasivo 06Feb25,1,6,Estimado cliente el día 06/02/2025 se cierra el folio depositándole los fondos. Su cuenta se encuentra activa.,0
0502253596,CierreMasivo 06Feb25,1,6,*] Hemos atendido tu aclaración y abonado el importe reclamado a tu cuenta. Valoramos tu elección como cliente en BanCoppel y esperamos seguir siendo tu elección para futuras compras. ¡Siempre estaremos aquí para ayudarte!,1
0502253603,CierreMasivo 06Feb25,1,6,*] Hemos atendido tu aclaración y abonado el importe reclamado a tu cuenta. Valoramos tu elección como cliente en BanCoppel y esperamos seguir siendo tu elección para futuras compras. ¡Siempre estaremos aquí para ayudarte!,1
0502253526,CierreMasivo 06Feb25,1,6,*] Hemos atendido tu aclaración y abonado el importe reclamado a tu cuenta. Valoramos tu elección como cliente en BanCoppel y esperamos seguir siendo tu elección para futuras compras. ¡Siempre estaremos aquí para ayudarte!,1
0502253535,CierreMasivo 06Feb25,1,6,*] Hemos atendido tu aclaración y abonado el importe reclamado a tu cuenta. Valoramos tu elección como cliente en BanCoppel y esperamos seguir siendo tu elección para futuras compras. ¡Siempre estaremos aquí para ayudarte!,1
0502253545,CierreMasivo 06Feb25,1,6,*] Hemos atendido tu aclaración y abonado el importe reclamado a tu cuenta. Valoramos tu elección como cliente en BanCoppel y esperamos seguir siendo tu elección para futuras compras. ¡Siempre estaremos aquí para ayudarte!,1
0502253548,CierreMasivo 06Feb25,1,6,*] Hemos atendido tu aclaración y abonado el importe reclamado a tu cuenta. Valoramos tu elección como cliente en BanCoppel y esperamos seguir siendo tu elección para futuras compras. ¡Siempre estaremos aquí para ayudarte!,1
0502253567,CierreMasivo 06Feb25,1,6,*] Hemos atendido tu aclaración y abonado el importe reclamado a tu cuenta. Valoramos tu elección como cliente en BanCoppel y esperamos seguir siendo tu elección para futuras compras. ¡Siempre estaremos aquí para ayudarte!,1
0502253571,CierreMasivo 06Feb25,1,6,*] Hemos atendido tu aclaración y abonado el importe reclamado a tu cuenta. Valoramos tu elección como cliente en BanCoppel y esperamos seguir siendo tu elección para futuras compras. ¡Siempre estaremos aquí para ayudarte!,1
0502253584,CierreMasivo 06Feb25,1,6,*] Hemos atendido tu aclaración y abonado el importe reclamado a tu cuenta. Valoramos tu elección como cliente en BanCoppel y esperamos seguir siendo tu elección para futuras compras. ¡Siempre estaremos aquí para ayudarte!,1
0502253581,CierreMasivo 06Feb25,1,6,*] Hemos atendido tu aclaración y abonado el importe reclamado a tu cuenta. Valoramos tu elección como cliente en BanCoppel y esperamos seguir siendo tu elección para futuras compras. ¡Siempre estaremos aquí para ayudarte!,1
0502253591,CierreMasivo 06Feb25,1,6,*] Hemos atendido tu aclaración y abonado el importe reclamado a tu cuenta. Valoramos tu elección como cliente en BanCoppel y esperamos seguir siendo tu elección para futuras compras. ¡Siempre estaremos aquí para ayudarte!,1
0502251868,CierreMasivo 06Feb25,1,6,*] Hemos atendido tu aclaración y abonado el importe reclamado a tu cuenta. Valoramos tu elección como cliente en BanCoppel y esperamos seguir siendo tu elección para futuras compras. ¡Siempre estaremos aquí para ayudarte!,1
0502251861,CierreMasivo 06Feb25,1,6,*] Hemos atendido tu aclaración y abonado el importe reclamado a tu cuenta. Valoramos tu elección como cliente en BanCoppel y esperamos seguir siendo tu elección para futuras compras. ¡Siempre estaremos aquí para ayudarte!,1
0502251851,CierreMasivo 06Feb25,1,6,*] Hemos atendido tu aclaración y abonado el importe reclamado a tu cuenta. Valoramos tu elección como cliente en BanCoppel y esperamos seguir siendo tu elección para futuras compras. ¡Siempre estaremos aquí para ayudarte!,1
0502251744,CierreMasivo 06Feb25,1,6,*] Hemos atendido tu aclaración y abonado el importe reclamado a tu cuenta. Valoramos tu elección como cliente en BanCoppel y esperamos seguir siendo tu elección para futuras compras. ¡Siempre estaremos aquí para ayudarte!,1
0502251729,CierreMasivo 06Feb25,1,6,*] Hemos atendido tu aclaración y abonado el importe reclamado a tu cuenta. Valoramos tu elección como cliente en BanCoppel y esperamos seguir siendo tu elección para futuras compras. ¡Siempre estaremos aquí para ayudarte!,1
0502251702,CierreMasivo 06Feb25,1,6,*] Hemos atendido tu aclaración y abonado el importe reclamado a tu cuenta. Valoramos tu elección como cliente en BanCoppel y esperamos seguir siendo tu elección para futuras compras. ¡Siempre estaremos aquí para ayudarte!,1
0502251714,CierreMasivo 06Feb25,1,6,*] Hemos atendido tu aclaración y abonado el importe reclamado a tu cuenta. Valoramos tu elección como cliente en BanCoppel y esperamos seguir siendo tu elección para futuras compras. ¡Siempre estaremos aquí para ayudarte!,1
0502251678,CierreMasivo 06Feb25,1,6,*] Hemos atendido tu aclaración y abonado el importe reclamado a tu cuenta. Valoramos tu elección como cliente en BanCoppel y esperamos seguir siendo tu elección para futuras compras. ¡Siempre estaremos aquí para ayudarte!,1
0502250012,CierreMasivo 06Feb25,1,6,*] Hemos atendido tu aclaración y abonado el importe reclamado a tu cuenta. Valoramos tu elección como cliente en BanCoppel y esperamos seguir siendo tu elección para futuras compras. ¡Siempre estaremos aquí para ayudarte!,1
0502250351,CierreMasivo 06Feb25,1,6,{* Hemos atendido tu aclaración y abonado el importe reclamado a tu cuenta. Valoramos tu elección como cliente en BanCoppel y esperamos seguir siendo tu elección para futuras compras. ¡Siempre estaremos aquí para ayudarte!,1
0502250363,CierreMasivo 06Feb25,1,6,{* Hemos atendido tu aclaración y abonado el importe reclamado a tu cuenta. Valoramos tu elección como cliente en BanCoppel y esperamos seguir siendo tu elección para futuras compras. ¡Siempre estaremos aquí para ayudarte!,1
0502251025,CierreMasivo 06Feb25,1,6,{* Hemos atendido tu aclaración y abonado el importe reclamado a tu cuenta. Valoramos tu elección como cliente en BanCoppel y esperamos seguir siendo tu elección para futuras compras. ¡Siempre estaremos aquí para ayudarte!,1
0502251060,CierreMasivo 06Feb25,1,6,{* Hemos atendido tu aclaración y abonado el importe reclamado a tu cuenta. Valoramos tu elección como cliente en BanCoppel y esperamos seguir siendo tu elección para futuras compras. ¡Siempre estaremos aquí para ayudarte!,1
0502251009,CierreMasivo 06Feb25,1,6,{* Hemos atendido tu aclaración y abonado el importe reclamado a tu cuenta. Valoramos tu elección como cliente en BanCoppel y esperamos seguir siendo tu elección para futuras compras. ¡Siempre estaremos aquí para ayudarte!,1
0502251659,CierreMasivo 06Feb25,1,6,{* Hemos atendido tu aclaración y abonado el importe reclamado a tu cuenta. Valoramos tu elección como cliente en BanCoppel y esperamos seguir siendo tu elección para futuras compras. ¡Siempre estaremos aquí para ayudarte!,1
0502252509,CierreMasivo 06Feb25,1,6,{* Hemos atendido tu aclaración y abonado el importe reclamado a tu cuenta. Valoramos tu elección como cliente en BanCoppel y esperamos seguir siendo tu elección para futuras compras. ¡Siempre estaremos aquí para ayudarte!,1
0502252545,CierreMasivo 06Feb25,1,6,{* Hemos atendido tu aclaración y abonado el importe reclamado a tu cuenta. Valoramos tu elección como cliente en BanCoppel y esperamos seguir siendo tu elección para futuras compras. ¡Siempre estaremos aquí para ayudarte!,1
0502252521,CierreMasivo 06Feb25,1,6,{* Hemos atendido tu aclaración y abonado el importe reclamado a tu cuenta. Valoramos tu elección como cliente en BanCoppel y esperamos seguir siendo tu elección para futuras compras. ¡Siempre estaremos aquí para ayudarte!,1
0502252527,CierreMasivo 06Feb25,1,6,{* Hemos atendido tu aclaración y abonado el importe reclamado a tu cuenta. Valoramos tu elección como cliente en BanCoppel y esperamos seguir siendo tu elección para futuras compras. ¡Siempre estaremos aquí para ayudarte!,1
0502252534,CierreMasivo 06Feb25,1,6,{* Hemos atendido tu aclaración y abonado el importe reclamado a tu cuenta. Valoramos tu elección como cliente en BanCoppel y esperamos seguir siendo tu elección para futuras compras. ¡Siempre estaremos aquí para ayudarte!,1
0502252316,CierreMasivo 06Feb25,1,6,{* Hemos atendido tu aclaración y abonado el importe reclamado a tu cuenta. Valoramos tu elección como cliente en BanCoppel y esperamos seguir siendo tu elección para futuras compras. ¡Siempre estaremos aquí para ayudarte!,1
0502252341,CierreMasivo 06Feb25,1,6,{* Hemos atendido tu aclaración y abonado el importe reclamado a tu cuenta. Valoramos tu elección como cliente en BanCoppel y esperamos seguir siendo tu elección para futuras compras. ¡Siempre estaremos aquí para ayudarte!,1
0502252291,CierreMasivo 06Feb25,1,6,{* Hemos atendido tu aclaración y abonado el importe reclamado a tu cuenta. Valoramos tu elección como cliente en BanCoppel y esperamos seguir siendo tu elección para futuras compras. ¡Siempre estaremos aquí para ayudarte!,1
0502250730,CierreMasivo 06Feb25,1,6,{* Hemos atendido tu aclaración y abonado el importe reclamado a tu cuenta. Valoramos tu elección como cliente en BanCoppel y esperamos seguir siendo tu elección para futuras compras. ¡Siempre estaremos aquí para ayudarte!,1
0502251219,CierreMasivo 06Feb25,1,6,{* Hemos atendido tu aclaración y abonado el importe reclamado a tu cuenta. Valoramos tu elección como cliente en BanCoppel y esperamos seguir siendo tu elección para futuras compras. ¡Siempre estaremos aquí para ayudarte!,1
0502251228,CierreMasivo 06Feb25,1,6,{* Hemos atendido tu aclaración y abonado el importe reclamado a tu cuenta. Valoramos tu elección como cliente en BanCoppel y esperamos seguir siendo tu elección para futuras compras. ¡Siempre estaremos aquí para ayudarte!,1
0502251324,CierreMasivo 06Feb25,1,6,{* Hemos atendido tu aclaración y abonado el importe reclamado a tu cuenta. Valoramos tu elección como cliente en BanCoppel y esperamos seguir siendo tu elección para futuras compras. ¡Siempre estaremos aquí para ayudarte!,1
0502251339,CierreMasivo 06Feb25,1,6,{* Hemos atendido tu aclaración y abonado el importe reclamado a tu cuenta. Valoramos tu elección como cliente en BanCoppel y esperamos seguir siendo tu elección para futuras compras. ¡Siempre estaremos aquí para ayudarte!,1
0502251252,CierreMasivo 06Feb25,1,6,{* Hemos atendido tu aclaración y abonado el importe reclamado a tu cuenta. Valoramos tu elección como cliente en BanCoppel y esperamos seguir siendo tu elección para futuras compras. ¡Siempre estaremos aquí para ayudarte!,1
0502251178,CierreMasivo 06Feb25,1,6,{* Hemos atendido tu aclaración y abonado el importe reclamado a tu cuenta. Valoramos tu elección como cliente en BanCoppel y esperamos seguir siendo tu elección para futuras compras. ¡Siempre estaremos aquí para ayudarte!,1
0502252608,CierreMasivo 06Feb25,1,6,{* Hemos atendido tu aclaración y abonado el importe reclamado a tu cuenta. Valoramos tu elección como cliente en BanCoppel y esperamos seguir siendo tu elección para futuras compras. ¡Siempre estaremos aquí para ayudarte!,1
0502252579,CierreMasivo 06Feb25,1,6,{* Hemos atendido tu aclaración y abonado el importe reclamado a tu cuenta. Valoramos tu elección como cliente en BanCoppel y esperamos seguir siendo tu elección para futuras compras. ¡Siempre estaremos aquí para ayudarte!,1
0502252554,CierreMasivo 06Feb25,1,6,{* Hemos atendido tu aclaración y abonado el importe reclamado a tu cuenta. Valoramos tu elección como cliente en BanCoppel y esperamos seguir siendo tu elección para futuras compras. ¡Siempre estaremos aquí para ayudarte!,1
0502252646,CierreMasivo 06Feb25,1,6,{* Hemos atendido tu aclaración y abonado el importe reclamado a tu cuenta. Valoramos tu elección como cliente en BanCoppel y esperamos seguir siendo tu elección para futuras compras. ¡Siempre estaremos aquí para ayudarte!,1
0502250434,CierreMasivo 06Feb25,1,6,{* Hemos atendido tu aclaración y abonado el importe reclamado a tu cuenta. Valoramos tu elección como cliente en BanCoppel y esperamos seguir siendo tu elección para futuras compras. ¡Siempre estaremos aquí para ayudarte!,1
0502250654,CierreMasivo 06Feb25,1,6,{* Hemos atendido tu aclaración y abonado el importe reclamado a tu cuenta. Valoramos tu elección como cliente en BanCoppel y esperamos seguir siendo tu elección para futuras compras. ¡Siempre estaremos aquí para ayudarte!,1
0502250399,CierreMasivo 06Feb25,1,6,{* Hemos atendido tu aclaración y abonado el importe reclamado a tu cuenta. Valoramos tu elección como cliente en BanCoppel y esperamos seguir siendo tu elección para futuras compras. ¡Siempre estaremos aquí para ayudarte!,1
0502250814,CierreMasivo 06Feb25,1,6,{* Hemos atendido tu aclaración y abonado el importe reclamado a tu cuenta. Valoramos tu elección como cliente en BanCoppel y esperamos seguir siendo tu elección para futuras compras. ¡Siempre estaremos aquí para ayudarte!,1
0502250779,CierreMasivo 06Feb25,1,6,{* Hemos atendido tu aclaración y abonado el importe reclamado a tu cuenta. Valoramos tu elección como cliente en BanCoppel y esperamos seguir siendo tu elección para futuras compras. ¡Siempre estaremos aquí para ayudarte!,1
0502250723,CierreMasivo 06Feb25,1,6,{* Hemos atendido tu aclaración y abonado el importe reclamado a tu cuenta. Valoramos tu elección como cliente en BanCoppel y esperamos seguir siendo tu elección para futuras compras. ¡Siempre estaremos aquí para ayudarte!,1
0502250546,CierreMasivo 06Feb25,1,6,{* Hemos atendido tu aclaración y abonado el importe reclamado a tu cuenta. Valoramos tu elección como cliente en BanCoppel y esperamos seguir siendo tu elección para futuras compras. ¡Siempre estaremos aquí para ayudarte!,1
0502250373,CierreMasivo 06Feb25,1,6,{* Hemos atendido tu aclaración y abonado el importe reclamado a tu cuenta. Valoramos tu elección como cliente en BanCoppel y esperamos seguir siendo tu elección para futuras compras. ¡Siempre estaremos aquí para ayudarte!,1
0502250425,CierreMasivo 06Feb25,1,6,{* Hemos atendido tu aclaración y abonado el importe reclamado a tu cuenta. Valoramos tu elección como cliente en BanCoppel y esperamos seguir siendo tu elección para futuras compras. ¡Siempre estaremos aquí para ayudarte!,1
0502250981,CierreMasivo 06Feb25,1,6,{* Hemos atendido tu aclaración y abonado el importe reclamado a tu cuenta. Valoramos tu elección como cliente en BanCoppel y esperamos seguir siendo tu elección para futuras compras. ¡Siempre estaremos aquí para ayudarte!,1
0502250787,CierreMasivo 06Feb25,1,6,{* Hemos atendido tu aclaración y abonado el importe reclamado a tu cuenta. Valoramos tu elección como cliente en BanCoppel y esperamos seguir siendo tu elección para futuras compras. ¡Siempre estaremos aquí para ayudarte!,1
0502250825,CierreMasivo 06Feb25,1,6,{* Hemos atendido tu aclaración y abonado el importe reclamado a tu cuenta. Valoramos tu elección como cliente en BanCoppel y esperamos seguir siendo tu elección para futuras compras. ¡Siempre estaremos aquí para ayudarte!,1
0502250669,CierreMasivo 06Feb25,1,6,{* Hemos atendido tu aclaración y abonado el importe reclamado a tu cuenta. Valoramos tu elección como cliente en BanCoppel y esperamos seguir siendo tu elección para futuras compras. ¡Siempre estaremos aquí para ayudarte!,1
0502250476,CierreMasivo 06Feb25,1,6,{* Hemos atendido tu aclaración y abonado el importe reclamado a tu cuenta. Valoramos tu elección como cliente en BanCoppel y esperamos seguir siendo tu elección para futuras compras. ¡Siempre estaremos aquí para ayudarte!,1
0502250640,CierreMasivo 06Feb25,1,6,{* Hemos atendido tu aclaración y abonado el importe reclamado a tu cuenta. Valoramos tu elección como cliente en BanCoppel y esperamos seguir siendo tu elección para futuras compras. ¡Siempre estaremos aquí para ayudarte!,1
0502250832,CierreMasivo 06Feb25,1,6,{* Hemos atendido tu aclaración y abonado el importe reclamado a tu cuenta. Valoramos tu elección como cliente en BanCoppel y esperamos seguir siendo tu elección para futuras compras. ¡Siempre estaremos aquí para ayudarte!,1
0502250623,CierreMasivo 06Feb25,1,6,{* Hemos atendido tu aclaración y abonado el importe reclamado a tu cuenta. Valoramos tu elección como cliente en BanCoppel y esperamos seguir siendo tu elección para futuras compras. ¡Siempre estaremos aquí para ayudarte!,1
0502250848,CierreMasivo 06Feb25,1,6,{* Hemos atendido tu aclaración y abonado el importe reclamado a tu cuenta. Valoramos tu elección como cliente en BanCoppel y esperamos seguir siendo tu elección para futuras compras. ¡Siempre estaremos aquí para ayudarte!,1
0502250716,CierreMasivo 06Feb25,1,6,{* Hemos atendido tu aclaración y abonado el importe reclamado a tu cuenta. Valoramos tu elección como cliente en BanCoppel y esperamos seguir siendo tu elección para futuras compras. ¡Siempre estaremos aquí para ayudarte!,1
0502250684,CierreMasivo 06Feb25,1,6,{* Hemos atendido tu aclaración y abonado el importe reclamado a tu cuenta. Valoramos tu elección como cliente en BanCoppel y esperamos seguir siendo tu elección para futuras compras. ¡Siempre estaremos aquí para ayudarte!,1
0502251005,CierreMasivo 06Feb25,1,6,{* Hemos atendido tu aclaración y abonado el importe reclamado a tu cuenta. Valoramos tu elección como cliente en BanCoppel y esperamos seguir siendo tu elección para futuras compras. ¡Siempre estaremos aquí para ayudarte!,1
0502250664,CierreMasivo 06Feb25,1,6,{* Hemos atendido tu aclaración y abonado el importe reclamado a tu cuenta. Valoramos tu elección como cliente en BanCoppel y esperamos seguir siendo tu elección para futuras compras. ¡Siempre estaremos aquí para ayudarte!,1
0502250586,CierreMasivo 06Feb25,1,6,{* Hemos atendido tu aclaración y abonado el importe reclamado a tu cuenta. Valoramos tu elección como cliente en BanCoppel y esperamos seguir siendo tu elección para futuras compras. ¡Siempre estaremos aquí para ayudarte!,1
0502250872,CierreMasivo 06Feb25,1,6,{* Hemos atendido tu aclaración y abonado el importe reclamado a tu cuenta. Valoramos tu elección como cliente en BanCoppel y esperamos seguir siendo tu elección para futuras compras. ¡Siempre estaremos aquí para ayudarte!,1
0502250570,CierreMasivo 06Feb25,1,6,{* Hemos atendido tu aclaración y abonado el importe reclamado a tu cuenta. Valoramos tu elección como cliente en BanCoppel y esperamos seguir siendo tu elección para futuras compras. ¡Siempre estaremos aquí para ayudarte!,1
0502250839,CierreMasivo 06Feb25,1,6,{* Hemos atendido tu aclaración y abonado el importe reclamado a tu cuenta. Valoramos tu elección como cliente en BanCoppel y esperamos seguir siendo tu elección para futuras compras. ¡Siempre estaremos aquí para ayudarte!,1
0502252901,CierreMasivo 06Feb25,1,6,{* Hemos atendido tu aclaración y abonado el importe reclamado a tu cuenta. Valoramos tu elección como cliente en BanCoppel y esperamos seguir siendo tu elección para futuras compras. ¡Siempre estaremos aquí para ayudarte!,1
0502253310,CierreMasivo 06Feb25,1,6,{* Hemos atendido tu aclaración y abonado el importe reclamado a tu cuenta. Valoramos tu elección como cliente en BanCoppel y esperamos seguir siendo tu elección para futuras compras. ¡Siempre estaremos aquí para ayudarte!,1
0502251360,CierreMasivo 06Feb25,1,6,{* Hemos atendido tu aclaración y abonado el importe reclamado a tu cuenta. Valoramos tu elección como cliente en BanCoppel y esperamos seguir siendo tu elección para futuras compras. ¡Siempre estaremos aquí para ayudarte!,1
0502251889,CierreMasivo 06Feb25,1,6,{* Hemos atendido tu aclaración y abonado el importe reclamado a tu cuenta. Valoramos tu elección como cliente en BanCoppel y esperamos seguir siendo tu elección para futuras compras. ¡Siempre estaremos aquí para ayudarte!,1
0502252743,CierreMasivo 06Feb25,1,6,{* Hemos atendido tu aclaración y abonado el importe reclamado a tu cuenta. Valoramos tu elección como cliente en BanCoppel y esperamos seguir siendo tu elección para futuras compras. ¡Siempre estaremos aquí para ayudarte!,1
0502252556,CierreMasivo 06Feb25,1,6,{* Hemos atendido tu aclaración y abonado el importe reclamado a tu cuenta. Valoramos tu elección como cliente en BanCoppel y esperamos seguir siendo tu elección para futuras compras. ¡Siempre estaremos aquí para ayudarte!,1
0502251646,CierreMasivo 06Feb25,1,6,{* Hemos atendido tu aclaración y abonado el importe reclamado a tu cuenta. Valoramos tu elección como cliente en BanCoppel y esperamos seguir siendo tu elección para futuras compras. ¡Siempre estaremos aquí para ayudarte!,1
0502251681,CierreMasivo 06Feb25,1,6,{* Hemos atendido tu aclaración y abonado el importe reclamado a tu cuenta. Valoramos tu elección como cliente en BanCoppel y esperamos seguir siendo tu elección para futuras compras. ¡Siempre estaremos aquí para ayudarte!,1
0502253250,CierreMasivo 06Feb25,1,6,{* Hemos atendido tu aclaración y abonado el importe reclamado a tu cuenta. Valoramos tu elección como cliente en BanCoppel y esperamos seguir siendo tu elección para futuras compras. ¡Siempre estaremos aquí para ayudarte!,1
0502250268,CierreMasivo 06Feb25,1,6,{* Hemos atendido tu aclaración y abonado el importe reclamado a tu cuenta. Valoramos tu elección como cliente en BanCoppel y esperamos seguir siendo tu elección para futuras compras. ¡Siempre estaremos aquí para ayudarte!,1
0502250285,CierreMasivo 06Feb25,1,6,{* Hemos atendido tu aclaración y abonado el importe reclamado a tu cuenta. Valoramos tu elección como cliente en BanCoppel y esperamos seguir siendo tu elección para futuras compras. ¡Siempre estaremos aquí para ayudarte!,1
0502252371,CierreMasivo 06Feb25,1,6,{* Hemos atendido tu aclaración y abonado el importe reclamado a tu cuenta. Valoramos tu elección como cliente en BanCoppel y esperamos seguir siendo tu elección para futuras compras. ¡Siempre estaremos aquí para ayudarte!,1
0502252305,CierreMasivo 06Feb25,1,6,{* Hemos atendido tu aclaración y abonado el importe reclamado a tu cuenta. Valoramos tu elección como cliente en BanCoppel y esperamos seguir siendo tu elección para futuras compras. ¡Siempre estaremos aquí para ayudarte!,1
0502252356,CierreMasivo 06Feb25,1,6,{* Hemos atendido tu aclaración y abonado el importe reclamado a tu cuenta. Valoramos tu elección como cliente en BanCoppel y esperamos seguir siendo tu elección para futuras compras. ¡Siempre estaremos aquí para ayudarte!,1
0502252337,CierreMasivo 06Feb25,1,6,{* Hemos atendido tu aclaración y abonado el importe reclamado a tu cuenta. Valoramos tu elección como cliente en BanCoppel y esperamos seguir siendo tu elección para futuras compras. ¡Siempre estaremos aquí para ayudarte!,1
0502252280,CierreMasivo 06Feb25,1,6,{* Hemos atendido tu aclaración y abonado el importe reclamado a tu cuenta. Valoramos tu elección como cliente en BanCoppel y esperamos seguir siendo tu elección para futuras compras. ¡Siempre estaremos aquí para ayudarte!,1
0502250191,CierreMasivo 06Feb25,1,6,{* Hemos atendido tu aclaración y abonado el importe reclamado a tu cuenta. Valoramos tu elección como cliente en BanCoppel y esperamos seguir siendo tu elección para futuras compras. ¡Siempre estaremos aquí para ayudarte!,1
0502251046,CierreMasivo 06Feb25,1,6,{* Hemos atendido tu aclaración y abonado el importe reclamado a tu cuenta. Valoramos tu elección como cliente en BanCoppel y esperamos seguir siendo tu elección para futuras compras. ¡Siempre estaremos aquí para ayudarte!,1
0502251098,CierreMasivo 06Feb25,1,6,{* Hemos atendido tu aclaración y abonado el importe reclamado a tu cuenta. Valoramos tu elección como cliente en BanCoppel y esperamos seguir siendo tu elección para futuras compras. ¡Siempre estaremos aquí para ayudarte!,1
0502250947,CierreMasivo 06Feb25,1,6,{* Hemos atendido tu aclaración y abonado el importe reclamado a tu cuenta. Valoramos tu elección como cliente en BanCoppel y esperamos seguir siendo tu elección para futuras compras. ¡Siempre estaremos aquí para ayudarte!,1
0502251378,CierreMasivo 06Feb25,1,6,{* Hemos atendido tu aclaración y abonado el importe reclamado a tu cuenta. Valoramos tu elección como cliente en BanCoppel y esperamos seguir siendo tu elección para futuras compras. ¡Siempre estaremos aquí para ayudarte!,1
0502252867,CierreMasivo 06Feb25,1,6,{* Hemos atendido tu aclaración y abonado el importe reclamado a tu cuenta. Valoramos tu elección como cliente en BanCoppel y esperamos seguir siendo tu elección para futuras compras. ¡Siempre estaremos aquí para ayudarte!,1
0502252815,CierreMasivo 06Feb25,1,6,{* Hemos atendido tu aclaración y abonado el importe reclamado a tu cuenta. Valoramos tu elección como cliente en BanCoppel y esperamos seguir siendo tu elección para futuras compras. ¡Siempre estaremos aquí para ayudarte!,1
0502250740,CierreMasivo 06Feb25,1,6,{* Hemos atendido tu aclaración y abonado el importe reclamado a tu cuenta. Valoramos tu elección como cliente en BanCoppel y esperamos seguir siendo tu elección para futuras compras. ¡Siempre estaremos aquí para ayudarte!,1
0502251991,CierreMasivo 06Feb25,1,6,{* Hemos atendido tu aclaración y abonado el importe reclamado a tu cuenta. Valoramos tu elección como cliente en BanCoppel y esperamos seguir siendo tu elección para futuras compras. ¡Siempre estaremos aquí para ayudarte!,1
0502253397,CierreMasivo 06Feb25,1,6,{* Hemos atendido tu aclaración y abonado el importe reclamado a tu cuenta. Valoramos tu elección como cliente en BanCoppel y esperamos seguir siendo tu elección para futuras compras. ¡Siempre estaremos aquí para ayudarte!,1
0502253107,CierreMasivo 06Feb25,1,6,{* Hemos atendido tu aclaración y abonado el importe reclamado a tu cuenta. Valoramos tu elección como cliente en BanCoppel y esperamos seguir siendo tu elección para futuras compras. ¡Siempre estaremos aquí para ayudarte!,1
0502253122,CierreMasivo 06Feb25,1,6,{* Hemos atendido tu aclaración y abonado el importe reclamado a tu cuenta. Valoramos tu elección como cliente en BanCoppel y esperamos seguir siendo tu elección para futuras compras. ¡Siempre estaremos aquí para ayudarte!,1
0502253114,CierreMasivo 06Feb25,1,6,{* Hemos atendido tu aclaración y abonado el importe reclamado a tu cuenta. Valoramos tu elección como cliente en BanCoppel y esperamos seguir siendo tu elección para futuras compras. ¡Siempre estaremos aquí para ayudarte!,1
0502253394,CierreMasivo 06Feb25,1,6,{* Hemos atendido tu aclaración y abonado el importe reclamado a tu cuenta. Valoramos tu elección como cliente en BanCoppel y esperamos seguir siendo tu elección para futuras compras. ¡Siempre estaremos aquí para ayudarte!,1
0502253157,CierreMasivo 06Feb25,1,6,{* Hemos atendido tu aclaración y abonado el importe reclamado a tu cuenta. Valoramos tu elección como cliente en BanCoppel y esperamos seguir siendo tu elección para futuras compras. ¡Siempre estaremos aquí para ayudarte!,1
0502253371,CierreMasivo 06Feb25,1,6,{* Hemos atendido tu aclaración y abonado el importe reclamado a tu cuenta. Valoramos tu elección como cliente en BanCoppel y esperamos seguir siendo tu elección para futuras compras. ¡Siempre estaremos aquí para ayudarte!,1
0502253166,CierreMasivo 06Feb25,1,6,{* Hemos atendido tu aclaración y abonado el importe reclamado a tu cuenta. Valoramos tu elección como cliente en BanCoppel y esperamos seguir siendo tu elección para futuras compras. ¡Siempre estaremos aquí para ayudarte!,1
0502253354,CierreMasivo 06Feb25,1,6,{* Hemos atendido tu aclaración y abonado el importe reclamado a tu cuenta. Valoramos tu elección como cliente en BanCoppel y esperamos seguir siendo tu elección para futuras compras. ¡Siempre estaremos aquí para ayudarte!,1
0502253407,CierreMasivo 06Feb25,1,6,{* Hemos atendido tu aclaración y abonado el importe reclamado a tu cuenta. Valoramos tu elección como cliente en BanCoppel y esperamos seguir siendo tu elección para futuras compras. ¡Siempre estaremos aquí para ayudarte!,1
0502253141,CierreMasivo 06Feb25,1,6,{* Hemos atendido tu aclaración y abonado el importe reclamado a tu cuenta. Valoramos tu elección como cliente en BanCoppel y esperamos seguir siendo tu elección para futuras compras. ¡Siempre estaremos aquí para ayudarte!,1
0502253382,CierreMasivo 06Feb25,1,6,{* Hemos atendido tu aclaración y abonado el importe reclamado a tu cuenta. Valoramos tu elección como cliente en BanCoppel y esperamos seguir siendo tu elección para futuras compras. ¡Siempre estaremos aquí para ayudarte!,1
0502253188,CierreMasivo 06Feb25,1,6,{* Hemos atendido tu aclaración y abonado el importe reclamado a tu cuenta. Valoramos tu elección como cliente en BanCoppel y esperamos seguir siendo tu elección para futuras compras. ¡Siempre estaremos aquí para ayudarte!,1
0502253090,CierreMasivo 06Feb25,1,6,{* Hemos atendido tu aclaración y abonado el importe reclamado a tu cuenta. Valoramos tu elección como cliente en BanCoppel y esperamos seguir siendo tu elección para futuras compras. ¡Siempre estaremos aquí para ayudarte!,1
0502253130,CierreMasivo 06Feb25,1,6,{* Hemos atendido tu aclaración y abonado el importe reclamado a tu cuenta. Valoramos tu elección como cliente en BanCoppel y esperamos seguir siendo tu elección para futuras compras. ¡Siempre estaremos aquí para ayudarte!,1
0502253362,CierreMasivo 06Feb25,1,6,{* Hemos atendido tu aclaración y abonado el importe reclamado a tu cuenta. Valoramos tu elección como cliente en BanCoppel y esperamos seguir siendo tu elección para futuras compras. ¡Siempre estaremos aquí para ayudarte!,1
0502253337,CierreMasivo 06Feb25,1,6,{* Hemos atendido tu aclaración y abonado el importe reclamado a tu cuenta. Valoramos tu elección como cliente en BanCoppel y esperamos seguir siendo tu elección para futuras compras. ¡Siempre estaremos aquí para ayudarte!,1
0502253389,CierreMasivo 06Feb25,1,6,{* Hemos atendido tu aclaración y abonado el importe reclamado a tu cuenta. Valoramos tu elección como cliente en BanCoppel y esperamos seguir siendo tu elección para futuras compras. ¡Siempre estaremos aquí para ayudarte!,1
0502253328,CierreMasivo 06Feb25,1,6,{* Hemos atendido tu aclaración y abonado el importe reclamado a tu cuenta. Valoramos tu elección como cliente en BanCoppel y esperamos seguir siendo tu elección para futuras compras. ¡Siempre estaremos aquí para ayudarte!,1
0502253212,CierreMasivo 06Feb25,1,6,{* Hemos atendido tu aclaración y abonado el importe reclamado a tu cuenta. Valoramos tu elección como cliente en BanCoppel y esperamos seguir siendo tu elección para futuras compras. ¡Siempre estaremos aquí para ayudarte!,1
0502253120,CierreMasivo 06Feb25,1,6,{* Hemos atendido tu aclaración y abonado el importe reclamado a tu cuenta. Valoramos tu elección como cliente en BanCoppel y esperamos seguir siendo tu elección para futuras compras. ¡Siempre estaremos aquí para ayudarte!,1
0502253152,CierreMasivo 06Feb25,1,6,{* Hemos atendido tu aclaración y abonado el importe reclamado a tu cuenta. Valoramos tu elección como cliente en BanCoppel y esperamos seguir siendo tu elección para futuras compras. ¡Siempre estaremos aquí para ayudarte!,1
0502253228,CierreMasivo 06Feb25,1,6,{* Hemos atendido tu aclaración y abonado el importe reclamado a tu cuenta. Valoramos tu elección como cliente en BanCoppel y esperamos seguir siendo tu elección para futuras compras. ¡Siempre estaremos aquí para ayudarte!,1
0502253233,CierreMasivo 06Feb25,1,6,{* Hemos atendido tu aclaración y abonado el importe reclamado a tu cuenta. Valoramos tu elección como cliente en BanCoppel y esperamos seguir siendo tu elección para futuras compras. ¡Siempre estaremos aquí para ayudarte!,1
0502253246,CierreMasivo 06Feb25,1,6,{* Hemos atendido tu aclaración y abonado el importe reclamado a tu cuenta. Valoramos tu elección como cliente en BanCoppel y esperamos seguir siendo tu elección para futuras compras. ¡Siempre estaremos aquí para ayudarte!,1
0502253257,CierreMasivo 06Feb25,1,6,{* Hemos atendido tu aclaración y abonado el importe reclamado a tu cuenta. Valoramos tu elección como cliente en BanCoppel y esperamos seguir siendo tu elección para futuras compras. ¡Siempre estaremos aquí para ayudarte!,1
0502253272,CierreMasivo 06Feb25,1,6,{* Hemos atendido tu aclaración y abonado el importe reclamado a tu cuenta. Valoramos tu elección como cliente en BanCoppel y esperamos seguir siendo tu elección para futuras compras. ¡Siempre estaremos aquí para ayudarte!,1
0502253280,CierreMasivo 06Feb25,1,6,{* Hemos atendido tu aclaración y abonado el importe reclamado a tu cuenta. Valoramos tu elección como cliente en BanCoppel y esperamos seguir siendo tu elección para futuras compras. ¡Siempre estaremos aquí para ayudarte!,1
0502253284,CierreMasivo 06Feb25,1,6,{* Hemos atendido tu aclaración y abonado el importe reclamado a tu cuenta. Valoramos tu elección como cliente en BanCoppel y esperamos seguir siendo tu elección para futuras compras. ¡Siempre estaremos aquí para ayudarte!,1
0502253290,CierreMasivo 06Feb25,1,6,{* Hemos atendido tu aclaración y abonado el importe reclamado a tu cuenta. Valoramos tu elección como cliente en BanCoppel y esperamos seguir siendo tu elección para futuras compras. ¡Siempre estaremos aquí para ayudarte!,1
0502253299,CierreMasivo 06Feb25,1,6,{* Hemos atendido tu aclaración y abonado el importe reclamado a tu cuenta. Valoramos tu elección como cliente en BanCoppel y esperamos seguir siendo tu elección para futuras compras. ¡Siempre estaremos aquí para ayudarte!,1
0502253306,CierreMasivo 06Feb25,1,6,{* Hemos atendido tu aclaración y abonado el importe reclamado a tu cuenta. Valoramos tu elección como cliente en BanCoppel y esperamos seguir siendo tu elección para futuras compras. ¡Siempre estaremos aquí para ayudarte!,1
0502253308,CierreMasivo 06Feb25,1,6,{* Hemos atendido tu aclaración y abonado el importe reclamado a tu cuenta. Valoramos tu elección como cliente en BanCoppel y esperamos seguir siendo tu elección para futuras compras. ¡Siempre estaremos aquí para ayudarte!,1
0502253320,CierreMasivo 06Feb25,1,6,{* Hemos atendido tu aclaración y abonado el importe reclamado a tu cuenta. Valoramos tu elección como cliente en BanCoppel y esperamos seguir siendo tu elección para futuras compras. ¡Siempre estaremos aquí para ayudarte!,1
0502253180,CierreMasivo 06Feb25,1,6,{* Hemos atendido tu aclaración y abonado el importe reclamado a tu cuenta. Valoramos tu elección como cliente en BanCoppel y esperamos seguir siendo tu elección para futuras compras. ¡Siempre estaremos aquí para ayudarte!,1
0502253440,CierreMasivo 06Feb25,1,6,{* Hemos atendido tu aclaración y abonado el importe reclamado a tu cuenta. Valoramos tu elección como cliente en BanCoppel y esperamos seguir siendo tu elección para futuras compras. ¡Siempre estaremos aquí para ayudarte!,1
0502252756,CierreMasivo 06Feb25,1,6,{* Hemos atendido tu aclaración y abonado el importe reclamado a tu cuenta. Valoramos tu elección como cliente en BanCoppel y esperamos seguir siendo tu elección para futuras compras. ¡Siempre estaremos aquí para ayudarte!,1
0502252740,CierreMasivo 06Feb25,1,6,{* Hemos atendido tu aclaración y abonado el importe reclamado a tu cuenta. Valoramos tu elección como cliente en BanCoppel y esperamos seguir siendo tu elección para futuras compras. ¡Siempre estaremos aquí para ayudarte!,1
0502252706,CierreMasivo 06Feb25,1,6,{* Hemos atendido tu aclaración y abonado el importe reclamado a tu cuenta. Valoramos tu elección como cliente en BanCoppel y esperamos seguir siendo tu elección para futuras compras. ¡Siempre estaremos aquí para ayudarte!,1
0502251800,CierreMasivo 06Feb25,1,6,{* Hemos atendido tu aclaración y abonado el importe reclamado a tu cuenta. Valoramos tu elección como cliente en BanCoppel y esperamos seguir siendo tu elección para futuras compras. ¡Siempre estaremos aquí para ayudarte!,1
0502250821,CierreMasivo 06Feb25,1,6,{* Hemos atendido tu aclaración y abonado el importe reclamado a tu cuenta. Valoramos tu elección como cliente en BanCoppel y esperamos seguir siendo tu elección para futuras compras. ¡Siempre estaremos aquí para ayudarte!,1
0502250792,CierreMasivo 06Feb25,1,6,{* Hemos atendido tu aclaración y abonado el importe reclamado a tu cuenta. Valoramos tu elección como cliente en BanCoppel y esperamos seguir siendo tu elección para futuras compras. ¡Siempre estaremos aquí para ayudarte!,1
0502250801,CierreMasivo 06Feb25,1,6,{* Hemos atendido tu aclaración y abonado el importe reclamado a tu cuenta. Valoramos tu elección como cliente en BanCoppel y esperamos seguir siendo tu elección para futuras compras. ¡Siempre estaremos aquí para ayudarte!,1
0502250812,CierreMasivo 06Feb25,1,6,{* Hemos atendido tu aclaración y abonado el importe reclamado a tu cuenta. Valoramos tu elección como cliente en BanCoppel y esperamos seguir siendo tu elección para futuras compras. ¡Siempre estaremos aquí para ayudarte!,1
0502251010,CierreMasivo 06Feb25,1,6,{* Hemos atendido tu aclaración y abonado el importe reclamado a tu cuenta. Valoramos tu elección como cliente en BanCoppel y esperamos seguir siendo tu elección para futuras compras. ¡Siempre estaremos aquí para ayudarte!,1
0502251021,CierreMasivo 06Feb25,1,6,{* Hemos atendido tu aclaración y abonado el importe reclamado a tu cuenta. Valoramos tu elección como cliente en BanCoppel y esperamos seguir siendo tu elección para futuras compras. ¡Siempre estaremos aquí para ayudarte!,1
0502250782,CierreMasivo 06Feb25,1,6,{* Hemos atendido tu aclaración y abonado el importe reclamado a tu cuenta. Valoramos tu elección como cliente en BanCoppel y esperamos seguir siendo tu elección para futuras compras. ¡Siempre estaremos aquí para ayudarte!,1
0502250831,CierreMasivo 06Feb25,1,6,{* Hemos atendido tu aclaración y abonado el importe reclamado a tu cuenta. Valoramos tu elección como cliente en BanCoppel y esperamos seguir siendo tu elección para futuras compras. ¡Siempre estaremos aquí para ayudarte!,1
0502251004,CierreMasivo 06Feb25,1,6,{* Hemos atendido tu aclaración y abonado el importe reclamado a tu cuenta. Valoramos tu elección como cliente en BanCoppel y esperamos seguir siendo tu elección para futuras compras. ¡Siempre estaremos aquí para ayudarte!,1
0502251034,CierreMasivo 06Feb25,1,6,{* Hemos atendido tu aclaración y abonado el importe reclamado a tu cuenta. Valoramos tu elección como cliente en BanCoppel y esperamos seguir siendo tu elección para futuras compras. ¡Siempre estaremos aquí para ayudarte!,1
0502251063,CierreMasivo 06Feb25,1,6,{* Hemos atendido tu aclaración y abonado el importe reclamado a tu cuenta. Valoramos tu elección como cliente en BanCoppel y esperamos seguir siendo tu elección para futuras compras. ¡Siempre estaremos aquí para ayudarte!,1
0502251074,CierreMasivo 06Feb25,1,6,{* Hemos atendido tu aclaración y abonado el importe reclamado a tu cuenta. Valoramos tu elección como cliente en BanCoppel y esperamos seguir siendo tu elección para futuras compras. ¡Siempre estaremos aquí para ayudarte!,1
0502250075,CierreMasivo 06Feb25,1,6,{* Hemos atendido tu aclaración y abonado el importe reclamado a tu cuenta. Valoramos tu elección como cliente en BanCoppel y esperamos seguir siendo tu elección para futuras compras. ¡Siempre estaremos aquí para ayudarte!,1
0502250964,CierreMasivo 06Feb25,1,6,{* Hemos atendido tu aclaración y abonado el importe reclamado a tu cuenta. Valoramos tu elección como cliente en BanCoppel y esperamos seguir siendo tu elección para futuras compras. ¡Siempre estaremos aquí para ayudarte!,1
0502252552,CierreMasivo 06Feb25,1,6,{* Hemos atendido tu aclaración y abonado el importe reclamado a tu cuenta. Valoramos tu elección como cliente en BanCoppel y esperamos seguir siendo tu elección para futuras compras. ¡Siempre estaremos aquí para ayudarte!,1
0502252560,CierreMasivo 06Feb25,1,6,{* Hemos atendido tu aclaración y abonado el importe reclamado a tu cuenta. Valoramos tu elección como cliente en BanCoppel y esperamos seguir siendo tu elección para futuras compras. ¡Siempre estaremos aquí para ayudarte!,1
0502250286,CierreMasivo 06Feb25,1,6,{* Hemos atendido tu aclaración y abonado el importe reclamado a tu cuenta. Valoramos tu elección como cliente en BanCoppel y esperamos seguir siendo tu elección para futuras compras. ¡Siempre estaremos aquí para ayudarte!,1
0502250305,CierreMasivo 06Feb25,1,6,{* Hemos atendido tu aclaración y abonado el importe reclamado a tu cuenta. Valoramos tu elección como cliente en BanCoppel y esperamos seguir siendo tu elección para futuras compras. ¡Siempre estaremos aquí para ayudarte!,1
0502253117,CierreMasivo 06Feb25,1,6,{* Hemos atendido tu aclaración y abonado el importe reclamado a tu cuenta. Valoramos tu elección como cliente en BanCoppel y esperamos seguir siendo tu elección para futuras compras. ¡Siempre estaremos aquí para ayudarte!,1
0502252569,CierreMasivo 06Feb25,1,6,{* Hemos atendido tu aclaración y abonado el importe reclamado a tu cuenta. Valoramos tu elección como cliente en BanCoppel y esperamos seguir siendo tu elección para futuras compras. ¡Siempre estaremos aquí para ayudarte!,1
0502250810,CierreMasivo 06Feb25,1,6,{* Hemos atendido tu aclaración y abonado el importe reclamado a tu cuenta. Valoramos tu elección como cliente en BanCoppel y esperamos seguir siendo tu elección para futuras compras. ¡Siempre estaremos aquí para ayudarte!,1
0502250883,CierreMasivo 06Feb25,1,6,{* Hemos atendido tu aclaración y abonado el importe reclamado a tu cuenta. Valoramos tu elección como cliente en BanCoppel y esperamos seguir siendo tu elección para futuras compras. ¡Siempre estaremos aquí para ayudarte!,1
0502250902,CierreMasivo 06Feb25,1,6,{* Hemos atendido tu aclaración y abonado el importe reclamado a tu cuenta. Valoramos tu elección como cliente en BanCoppel y esperamos seguir siendo tu elección para futuras compras. ¡Siempre estaremos aquí para ayudarte!,1
0502250849,CierreMasivo 06Feb25,1,6,{* Hemos atendido tu aclaración y abonado el importe reclamado a tu cuenta. Valoramos tu elección como cliente en BanCoppel y esperamos seguir siendo tu elección para futuras compras. ¡Siempre estaremos aquí para ayudarte!,1
0502250867,CierreMasivo 06Feb25,1,6,{* Hemos atendido tu aclaración y abonado el importe reclamado a tu cuenta. Valoramos tu elección como cliente en BanCoppel y esperamos seguir siendo tu elección para futuras compras. ¡Siempre estaremos aquí para ayudarte!,1
0502250914,CierreMasivo 06Feb25,1,6,{* Hemos atendido tu aclaración y abonado el importe reclamado a tu cuenta. Valoramos tu elección como cliente en BanCoppel y esperamos seguir siendo tu elección para futuras compras. ¡Siempre estaremos aquí para ayudarte!,1
0502253369,CierreMasivo 06Feb25,1,6,{* Hemos atendido tu aclaración y abonado el importe reclamado a tu cuenta. Valoramos tu elección como cliente en BanCoppel y esperamos seguir siendo tu elección para futuras compras. ¡Siempre estaremos aquí para ayudarte!,1
0502253378,CierreMasivo 06Feb25,1,6,{* Hemos atendido tu aclaración y abonado el importe reclamado a tu cuenta. Valoramos tu elección como cliente en BanCoppel y esperamos seguir siendo tu elección para futuras compras. ¡Siempre estaremos aquí para ayudarte!,1
0502253363,CierreMasivo 06Feb25,1,6,{* Hemos atendido tu aclaración y abonado el importe reclamado a tu cuenta. Valoramos tu elección como cliente en BanCoppel y esperamos seguir siendo tu elección para futuras compras. ¡Siempre estaremos aquí para ayudarte!,1
0502250685,CierreMasivo 06Feb25,1,6,{* Hemos atendido tu aclaración y abonado el importe reclamado a tu cuenta. Valoramos tu elección como cliente en BanCoppel y esperamos seguir siendo tu elección para futuras compras. ¡Siempre estaremos aquí para ayudarte!,1
0502252073,CierreMasivo 06Feb25,1,6,{* Hemos atendido tu aclaración y abonado el importe reclamado a tu cuenta. Valoramos tu elección como cliente en BanCoppel y esperamos seguir siendo tu elección para futuras compras. ¡Siempre estaremos aquí para ayudarte!,1
0502252108,CierreMasivo 06Feb25,1,6,{* Hemos atendido tu aclaración y abonado el importe reclamado a tu cuenta. Valoramos tu elección como cliente en BanCoppel y esperamos seguir siendo tu elección para futuras compras. ¡Siempre estaremos aquí para ayudarte!,1
0502252121,CierreMasivo 06Feb25,1,6,{* Hemos atendido tu aclaración y abonado el importe reclamado a tu cuenta. Valoramos tu elección como cliente en BanCoppel y esperamos seguir siendo tu elección para futuras compras. ¡Siempre estaremos aquí para ayudarte!,1
0502252098,CierreMasivo 06Feb25,1,6,{* Hemos atendido tu aclaración y abonado el importe reclamado a tu cuenta. Valoramos tu elección como cliente en BanCoppel y esperamos seguir siendo tu elección para futuras compras. ¡Siempre estaremos aquí para ayudarte!,1
0502250593,CierreMasivo 06Feb25,1,6,{* Hemos atendido tu aclaración y abonado el importe reclamado a tu cuenta. Valoramos tu elección como cliente en BanCoppel y esperamos seguir siendo tu elección para futuras compras. ¡Siempre estaremos aquí para ayudarte!,1
0502251168,CierreMasivo 06Feb25,1,6,{* Hemos atendido tu aclaración y abonado el importe reclamado a tu cuenta. Valoramos tu elección como cliente en BanCoppel y esperamos seguir siendo tu elección para futuras compras. ¡Siempre estaremos aquí para ayudarte!,1
0502253364,CierreMasivo 06Feb25,1,6,{* Hemos atendido tu aclaración y abonado el importe reclamado a tu cuenta. Valoramos tu elección como cliente en BanCoppel y esperamos seguir siendo tu elección para futuras compras. ¡Siempre estaremos aquí para ayudarte!,1
0502253380,CierreMasivo 06Feb25,1,6,{* Hemos atendido tu aclaración y abonado el importe reclamado a tu cuenta. Valoramos tu elección como cliente en BanCoppel y esperamos seguir siendo tu elección para futuras compras. ¡Siempre estaremos aquí para ayudarte!,1
0502251520,CierreMasivo 06Feb25,1,6,{* Hemos atendido tu aclaración y abonado el importe reclamado a tu cuenta. Valoramos tu elección como cliente en BanCoppel y esperamos seguir siendo tu elección para futuras compras. ¡Siempre estaremos aquí para ayudarte!,1
0502252212,CierreMasivo 06Feb25,1,6,{* Hemos atendido tu aclaración y abonado el importe reclamado a tu cuenta. Valoramos tu elección como cliente en BanCoppel y esperamos seguir siendo tu elección para futuras compras. ¡Siempre estaremos aquí para ayudarte!,1
0502252227,CierreMasivo 06Feb25,1,6,{* Hemos atendido tu aclaración y abonado el importe reclamado a tu cuenta. Valoramos tu elección como cliente en BanCoppel y esperamos seguir siendo tu elección para futuras compras. ¡Siempre estaremos aquí para ayudarte!,1
0502253411,CierreMasivo 06Feb25,1,6,{* Hemos atendido tu aclaración y abonado el importe reclamado a tu cuenta. Valoramos tu elección como cliente en BanCoppel y esperamos seguir siendo tu elección para futuras compras. ¡Siempre estaremos aquí para ayudarte!,1
0502253406,CierreMasivo 06Feb25,1,6,{* Hemos atendido tu aclaración y abonado el importe reclamado a tu cuenta. Valoramos tu elección como cliente en BanCoppel y esperamos seguir siendo tu elección para futuras compras. ¡Siempre estaremos aquí para ayudarte!,1
0502253375,CierreMasivo 06Feb25,1,6,{* Hemos atendido tu aclaración y abonado el importe reclamado a tu cuenta. Valoramos tu elección como cliente en BanCoppel y esperamos seguir siendo tu elección para futuras compras. ¡Siempre estaremos aquí para ayudarte!,1
0502253294,CierreMasivo 06Feb25,1,6,{* Hemos atendido tu aclaración y abonado el importe reclamado a tu cuenta. Valoramos tu elección como cliente en BanCoppel y esperamos seguir siendo tu elección para futuras compras. ¡Siempre estaremos aquí para ayudarte!,1
0502250690,CierreMasivo 06Feb25,1,6,{* Hemos atendido tu aclaración y abonado el importe reclamado a tu cuenta. Valoramos tu elección como cliente en BanCoppel y esperamos seguir siendo tu elección para futuras compras. ¡Siempre estaremos aquí para ayudarte!,1
0502252578,CierreMasivo 06Feb25,1,6,{* Hemos atendido tu aclaración y abonado el importe reclamado a tu cuenta. Valoramos tu elección como cliente en BanCoppel y esperamos seguir siendo tu elección para futuras compras. ¡Siempre estaremos aquí para ayudarte!,1
0502252519,CierreMasivo 06Feb25,1,6,{* Hemos atendido tu aclaración y abonado el importe reclamado a tu cuenta. Valoramos tu elección como cliente en BanCoppel y esperamos seguir siendo tu elección para futuras compras. ¡Siempre estaremos aquí para ayudarte!,1
0502252387,CierreMasivo 06Feb25,1,6,{* Hemos atendido tu aclaración y abonado el importe reclamado a tu cuenta. Valoramos tu elección como cliente en BanCoppel y esperamos seguir siendo tu elección para futuras compras. ¡Siempre estaremos aquí para ayudarte!,1
0502252506,CierreMasivo 06Feb25,1,6,{* Hemos atendido tu aclaración y abonado el importe reclamado a tu cuenta. Valoramos tu elección como cliente en BanCoppel y esperamos seguir siendo tu elección para futuras compras. ¡Siempre estaremos aquí para ayudarte!,1
0502252562,CierreMasivo 06Feb25,1,6,{* Hemos atendido tu aclaración y abonado el importe reclamado a tu cuenta. Valoramos tu elección como cliente en BanCoppel y esperamos seguir siendo tu elección para futuras compras. ¡Siempre estaremos aquí para ayudarte!,1
0502253616,CierreMasivo 06Feb25,1,6,{* Hemos atendido tu aclaración y abonado el importe reclamado a tu cuenta. Valoramos tu elección como cliente en BanCoppel y esperamos seguir siendo tu elección para futuras compras. ¡Siempre estaremos aquí para ayudarte!,1
0502253254,CierreMasivo 06Feb25,1,6,{* Hemos atendido tu aclaración y abonado el importe reclamado a tu cuenta. Valoramos tu elección como cliente en BanCoppel y esperamos seguir siendo tu elección para futuras compras. ¡Siempre estaremos aquí para ayudarte!,1
0502250891,CierreMasivo 06Feb25,1,6,{* Hemos atendido tu aclaración y abonado el importe reclamado a tu cuenta. Valoramos tu elección como cliente en BanCoppel y esperamos seguir siendo tu elección para futuras compras. ¡Siempre estaremos aquí para ayudarte!,1
0502250899,CierreMasivo 06Feb25,1,6,{* Hemos atendido tu aclaración y abonado el importe reclamado a tu cuenta. Valoramos tu elección como cliente en BanCoppel y esperamos seguir siendo tu elección para futuras compras. ¡Siempre estaremos aquí para ayudarte!,1
0502250910,CierreMasivo 06Feb25,1,6,{* Hemos atendido tu aclaración y abonado el importe reclamado a tu cuenta. Valoramos tu elección como cliente en BanCoppel y esperamos seguir siendo tu elección para futuras compras. ¡Siempre estaremos aquí para ayudarte!,1
0502250922,CierreMasivo 06Feb25,1,6,{* Hemos atendido tu aclaración y abonado el importe reclamado a tu cuenta. Valoramos tu elección como cliente en BanCoppel y esperamos seguir siendo tu elección para futuras compras. ¡Siempre estaremos aquí para ayudarte!,1
0502250945,CierreMasivo 06Feb25,1,6,{* Hemos atendido tu aclaración y abonado el importe reclamado a tu cuenta. Valoramos tu elección como cliente en BanCoppel y esperamos seguir siendo tu elección para futuras compras. ¡Siempre estaremos aquí para ayudarte!,1
0502251057,CierreMasivo 06Feb25,1,6,{* Hemos atendido tu aclaración y abonado el importe reclamado a tu cuenta. Valoramos tu elección como cliente en BanCoppel y esperamos seguir siendo tu elección para futuras compras. ¡Siempre estaremos aquí para ayudarte!,1
0502250520,CierreMasivo 06Feb25,1,6,{* Hemos atendido tu aclaración y abonado el importe reclamado a tu cuenta. Valoramos tu elección como cliente en BanCoppel y esperamos seguir siendo tu elección para futuras compras. ¡Siempre estaremos aquí para ayudarte!,1
0502252103,CierreMasivo 06Feb25,1,6,{* Hemos atendido tu aclaración y abonado el importe reclamado a tu cuenta. Valoramos tu elección como cliente en BanCoppel y esperamos seguir siendo tu elección para futuras compras. ¡Siempre estaremos aquí para ayudarte!,1
0502252046,CierreMasivo 06Feb25,1,6,{* Hemos atendido tu aclaración y abonado el importe reclamado a tu cuenta. Valoramos tu elección como cliente en BanCoppel y esperamos seguir siendo tu elección para futuras compras. ¡Siempre estaremos aquí para ayudarte!,1
0502253047,CierreMasivo 06Feb25,1,6,{* Hemos atendido tu aclaración y abonado el importe reclamado a tu cuenta. Valoramos tu elección como cliente en BanCoppel y esperamos seguir siendo tu elección para futuras compras. ¡Siempre estaremos aquí para ayudarte!,1
0502250256,CierreMasivo 06Feb25,1,6,{* Hemos atendido tu aclaración y abonado el importe reclamado a tu cuenta. Valoramos tu elección como cliente en BanCoppel y esperamos seguir siendo tu elección para futuras compras. ¡Siempre estaremos aquí para ayudarte!,1
0502250229,CierreMasivo 06Feb25,1,6,{* Hemos atendido tu aclaración y abonado el importe reclamado a tu cuenta. Valoramos tu elección como cliente en BanCoppel y esperamos seguir siendo tu elección para futuras compras. ¡Siempre estaremos aquí para ayudarte!,1
0502251961,CierreMasivo 06Feb25,1,6,{* Hemos atendido tu aclaración y abonado el importe reclamado a tu cuenta. Valoramos tu elección como cliente en BanCoppel y esperamos seguir siendo tu elección para futuras compras. ¡Siempre estaremos aquí para ayudarte!,1
0502250244,CierreMasivo 06Feb25,1,6,{* Hemos atendido tu aclaración y abonado el importe reclamado a tu cuenta. Valoramos tu elección como cliente en BanCoppel y esperamos seguir siendo tu elección para futuras compras. ¡Siempre estaremos aquí para ayudarte!,1
0502251948,CierreMasivo 06Feb25,1,6,{* Hemos atendido tu aclaración y abonado el importe reclamado a tu cuenta. Valoramos tu elección como cliente en BanCoppel y esperamos seguir siendo tu elección para futuras compras. ¡Siempre estaremos aquí para ayudarte!,1
0502251988,CierreMasivo 06Feb25,1,6,{* Hemos atendido tu aclaración y abonado el importe reclamado a tu cuenta. Valoramos tu elección como cliente en BanCoppel y esperamos seguir siendo tu elección para futuras compras. ¡Siempre estaremos aquí para ayudarte!,1
0502251940,CierreMasivo 06Feb25,1,6,{* Hemos atendido tu aclaración y abonado el importe reclamado a tu cuenta. Valoramos tu elección como cliente en BanCoppel y esperamos seguir siendo tu elección para futuras compras. ¡Siempre estaremos aquí para ayudarte!,1
0502250276,CierreMasivo 06Feb25,1,6,{* Hemos atendido tu aclaración y abonado el importe reclamado a tu cuenta. Valoramos tu elección como cliente en BanCoppel y esperamos seguir siendo tu elección para futuras compras. ¡Siempre estaremos aquí para ayudarte!,1
0502252004,CierreMasivo 06Feb25,1,6,{* Hemos atendido tu aclaración y abonado el importe reclamado a tu cuenta. Valoramos tu elección como cliente en BanCoppel y esperamos seguir siendo tu elección para futuras compras. ¡Siempre estaremos aquí para ayudarte!,1
0502252021,CierreMasivo 06Feb25,1,6,{* Hemos atendido tu aclaración y abonado el importe reclamado a tu cuenta. Valoramos tu elección como cliente en BanCoppel y esperamos seguir siendo tu elección para futuras compras. ¡Siempre estaremos aquí para ayudarte!,1
0502252032,CierreMasivo 06Feb25,1,6,{* Hemos atendido tu aclaración y abonado el importe reclamado a tu cuenta. Valoramos tu elección como cliente en BanCoppel y esperamos seguir siendo tu elección para futuras compras. ¡Siempre estaremos aquí para ayudarte!,1
0502251905,CierreMasivo 06Feb25,1,6,{* Hemos atendido tu aclaración y abonado el importe reclamado a tu cuenta. Valoramos tu elección como cliente en BanCoppel y esperamos seguir siendo tu elección para futuras compras. ¡Siempre estaremos aquí para ayudarte!,1
0502252041,CierreMasivo 06Feb25,1,6,{* Hemos atendido tu aclaración y abonado el importe reclamado a tu cuenta. Valoramos tu elección como cliente en BanCoppel y esperamos seguir siendo tu elección para futuras compras. ¡Siempre estaremos aquí para ayudarte!,1
0502251971,CierreMasivo 06Feb25,1,6,{* Hemos atendido tu aclaración y abonado el importe reclamado a tu cuenta. Valoramos tu elección como cliente en BanCoppel y esperamos seguir siendo tu elección para futuras compras. ¡Siempre estaremos aquí para ayudarte!,1
0502251981,CierreMasivo 06Feb25,1,6,{* Hemos atendido tu aclaración y abonado el importe reclamado a tu cuenta. Valoramos tu elección como cliente en BanCoppel y esperamos seguir siendo tu elección para futuras compras. ¡Siempre estaremos aquí para ayudarte!,1
0502252064,CierreMasivo 06Feb25,1,6,{* Hemos atendido tu aclaración y abonado el importe reclamado a tu cuenta. Valoramos tu elección como cliente en BanCoppel y esperamos seguir siendo tu elección para futuras compras. ¡Siempre estaremos aquí para ayudarte!,1
0502250295,CierreMasivo 06Feb25,1,6,{* Hemos atendido tu aclaración y abonado el importe reclamado a tu cuenta. Valoramos tu elección como cliente en BanCoppel y esperamos seguir siendo tu elección para futuras compras. ¡Siempre estaremos aquí para ayudarte!,1
0502250288,CierreMasivo 06Feb25,1,6,{* Hemos atendido tu aclaración y abonado el importe reclamado a tu cuenta. Valoramos tu elección como cliente en BanCoppel y esperamos seguir siendo tu elección para futuras compras. ¡Siempre estaremos aquí para ayudarte!,1
0502252077,CierreMasivo 06Feb25,1,6,{* Hemos atendido tu aclaración y abonado el importe reclamado a tu cuenta. Valoramos tu elección como cliente en BanCoppel y esperamos seguir siendo tu elección para futuras compras. ¡Siempre estaremos aquí para ayudarte!,1
0502250316,CierreMasivo 06Feb25,1,6,{* Hemos atendido tu aclaración y abonado el importe reclamado a tu cuenta. Valoramos tu elección como cliente en BanCoppel y esperamos seguir siendo tu elección para futuras compras. ¡Siempre estaremos aquí para ayudarte!,1
0502252051,CierreMasivo 06Feb25,1,6,{* Hemos atendido tu aclaración y abonado el importe reclamado a tu cuenta. Valoramos tu elección como cliente en BanCoppel y esperamos seguir siendo tu elección para futuras compras. ¡Siempre estaremos aquí para ayudarte!,1
0502251927,CierreMasivo 06Feb25,1,6,{* Hemos atendido tu aclaración y abonado el importe reclamado a tu cuenta. Valoramos tu elección como cliente en BanCoppel y esperamos seguir siendo tu elección para futuras compras. ¡Siempre estaremos aquí para ayudarte!,1
0502253472,CierreMasivo 06Feb25,1,6,{* Hemos atendido tu aclaración y abonado el importe reclamado a tu cuenta. Valoramos tu elección como cliente en BanCoppel y esperamos seguir siendo tu elección para futuras compras. ¡Siempre estaremos aquí para ayudarte!,1
0502252406,CierreMasivo 06Feb25,1,6,{* Hemos atendido tu aclaración y abonado el importe reclamado a tu cuenta. Valoramos tu elección como cliente en BanCoppel y esperamos seguir siendo tu elección para futuras compras. ¡Siempre estaremos aquí para ayudarte!,1
0502252909,CierreMasivo 06Feb25,1,6,{* Hemos atendido tu aclaración y abonado el importe reclamado a tu cuenta. Valoramos tu elección como cliente en BanCoppel y esperamos seguir siendo tu elección para futuras compras. ¡Siempre estaremos aquí para ayudarte!,1
0502253069,CierreMasivo 06Feb25,1,6,{* Hemos atendido tu aclaración y abonado el importe reclamado a tu cuenta. Valoramos tu elección como cliente en BanCoppel y esperamos seguir siendo tu elección para futuras compras. ¡Siempre estaremos aquí para ayudarte!,1
0502250436,CierreMasivo 06Feb25,1,6,{* Hemos atendido tu aclaración y abonado el importe reclamado a tu cuenta. Valoramos tu elección como cliente en BanCoppel y esperamos seguir siendo tu elección para futuras compras. ¡Siempre estaremos aquí para ayudarte!,1
0502251602,CierreMasivo 06Feb25,1,6,{* Hemos atendido tu aclaración y abonado el importe reclamado a tu cuenta. Valoramos tu elección como cliente en BanCoppel y esperamos seguir siendo tu elección para futuras compras. ¡Siempre estaremos aquí para ayudarte!,1
0502250562,CierreMasivo 06Feb25,1,6,{* Hemos atendido tu aclaración y abonado el importe reclamado a tu cuenta. Valoramos tu elección como cliente en BanCoppel y esperamos seguir siendo tu elección para futuras compras. ¡Siempre estaremos aquí para ayudarte!,1
0502252257,CierreMasivo 06Feb25,1,6,{* Hemos atendido tu aclaración y abonado el importe reclamado a tu cuenta. Valoramos tu elección como cliente en BanCoppel y esperamos seguir siendo tu elección para futuras compras. ¡Siempre estaremos aquí para ayudarte!,1
0502250564,CierreMasivo 06Feb25,1,6,{* Hemos atendido tu aclaración y abonado el importe reclamado a tu cuenta. Valoramos tu elección como cliente en BanCoppel y esperamos seguir siendo tu elección para futuras compras. ¡Siempre estaremos aquí para ayudarte!,1
0502250592,CierreMasivo 06Feb25,1,6,{* Hemos atendido tu aclaración y abonado el importe reclamado a tu cuenta. Valoramos tu elección como cliente en BanCoppel y esperamos seguir siendo tu elección para futuras compras. ¡Siempre estaremos aquí para ayudarte!,1
0502250612,CierreMasivo 06Feb25,1,6,{* Hemos atendido tu aclaración y abonado el importe reclamado a tu cuenta. Valoramos tu elección como cliente en BanCoppel y esperamos seguir siendo tu elección para futuras compras. ¡Siempre estaremos aquí para ayudarte!,1
0502250619,CierreMasivo 06Feb25,1,6,{* Hemos atendido tu aclaración y abonado el importe reclamado a tu cuenta. Valoramos tu elección como cliente en BanCoppel y esperamos seguir siendo tu elección para futuras compras. ¡Siempre estaremos aquí para ayudarte!,1
0502250603,CierreMasivo 06Feb25,1,6,{* Hemos atendido tu aclaración y abonado el importe reclamado a tu cuenta. Valoramos tu elección como cliente en BanCoppel y esperamos seguir siendo tu elección para futuras compras. ¡Siempre estaremos aquí para ayudarte!,1
0502251786,CierreMasivo 06Feb25,1,6,{* Hemos atendido tu aclaración y abonado el importe reclamado a tu cuenta. Valoramos tu elección como cliente en BanCoppel y esperamos seguir siendo tu elección para futuras compras. ¡Siempre estaremos aquí para ayudarte!,1
0502251538,CierreMasivo 06Feb25,1,6,{* Hemos atendido tu aclaración y abonado el importe reclamado a tu cuenta. Valoramos tu elección como cliente en BanCoppel y esperamos seguir siendo tu elección para futuras compras. ¡Siempre estaremos aquí para ayudarte!,1
0502253336,CierreMasivo 06Feb25,1,6,{* Hemos atendido tu aclaración y abonado el importe reclamado a tu cuenta. Valoramos tu elección como cliente en BanCoppel y esperamos seguir siendo tu elección para futuras compras. ¡Siempre estaremos aquí para ayudarte!,1
0502253323,CierreMasivo 06Feb25,1,6,{* Hemos atendido tu aclaración y abonado el importe reclamado a tu cuenta. Valoramos tu elección como cliente en BanCoppel y esperamos seguir siendo tu elección para futuras compras. ¡Siempre estaremos aquí para ayudarte!,1
0502253379,CierreMasivo 06Feb25,1,6,{* Hemos atendido tu aclaración y abonado el importe reclamado a tu cuenta. Valoramos tu elección como cliente en BanCoppel y esperamos seguir siendo tu elección para futuras compras. ¡Siempre estaremos aquí para ayudarte!,1
0502253373,CierreMasivo 06Feb25,1,6,{* Hemos atendido tu aclaración y abonado el importe reclamado a tu cuenta. Valoramos tu elección como cliente en BanCoppel y esperamos seguir siendo tu elección para futuras compras. ¡Siempre estaremos aquí para ayudarte!,1
0502253366,CierreMasivo 06Feb25,1,6,{* Hemos atendido tu aclaración y abonado el importe reclamado a tu cuenta. Valoramos tu elección como cliente en BanCoppel y esperamos seguir siendo tu elección para futuras compras. ¡Siempre estaremos aquí para ayudarte!,1
0502251671,CierreMasivo 06Feb25,1,6,{* Hemos atendido tu aclaración y abonado el importe reclamado a tu cuenta. Valoramos tu elección como cliente en BanCoppel y esperamos seguir siendo tu elección para futuras compras. ¡Siempre estaremos aquí para ayudarte!,1
0502251913,CierreMasivo 06Feb25,1,6,{* Hemos atendido tu aclaración y abonado el importe reclamado a tu cuenta. Valoramos tu elección como cliente en BanCoppel y esperamos seguir siendo tu elección para futuras compras. ¡Siempre estaremos aquí para ayudarte!,1
0502252565,CierreMasivo 06Feb25,1,6,{* Hemos atendido tu aclaración y abonado el importe reclamado a tu cuenta. Valoramos tu elección como cliente en BanCoppel y esperamos seguir siendo tu elección para futuras compras. ¡Siempre estaremos aquí para ayudarte!,1
0502252583,CierreMasivo 06Feb25,1,6,{* Hemos atendido tu aclaración y abonado el importe reclamado a tu cuenta. Valoramos tu elección como cliente en BanCoppel y esperamos seguir siendo tu elección para futuras compras. ¡Siempre estaremos aquí para ayudarte!,1
0502252130,CierreMasivo 06Feb25,1,6,{* Hemos atendido tu aclaración y abonado el importe reclamado a tu cuenta. Valoramos tu elección como cliente en BanCoppel y esperamos seguir siendo tu elección para futuras compras. ¡Siempre estaremos aquí para ayudarte!,1
0502250941,CierreMasivo 06Feb25,1,6,{* Hemos atendido tu aclaración y abonado el importe reclamado a tu cuenta. Valoramos tu elección como cliente en BanCoppel y esperamos seguir siendo tu elección para futuras compras. ¡Siempre estaremos aquí para ayudarte!,1
0502252770,CierreMasivo 06Feb25,1,6,{* Hemos atendido tu aclaración y abonado el importe reclamado a tu cuenta. Valoramos tu elección como cliente en BanCoppel y esperamos seguir siendo tu elección para futuras compras. ¡Siempre estaremos aquí para ayudarte!,1
0502252873,CierreMasivo 06Feb25,1,6,{* Hemos atendido tu aclaración y abonado el importe reclamado a tu cuenta. Valoramos tu elección como cliente en BanCoppel y esperamos seguir siendo tu elección para futuras compras. ¡Siempre estaremos aquí para ayudarte!,1
0502252818,CierreMasivo 06Feb25,1,6,{* Hemos atendido tu aclaración y abonado el importe reclamado a tu cuenta. Valoramos tu elección como cliente en BanCoppel y esperamos seguir siendo tu elección para futuras compras. ¡Siempre estaremos aquí para ayudarte!,1
0502252890,CierreMasivo 06Feb25,1,6,{* Hemos atendido tu aclaración y abonado el importe reclamado a tu cuenta. Valoramos tu elección como cliente en BanCoppel y esperamos seguir siendo tu elección para futuras compras. ¡Siempre estaremos aquí para ayudarte!,1
0502252749,CierreMasivo 06Feb25,1,6,{* Hemos atendido tu aclaración y abonado el importe reclamado a tu cuenta. Valoramos tu elección como cliente en BanCoppel y esperamos seguir siendo tu elección para futuras compras. ¡Siempre estaremos aquí para ayudarte!,1
0502252912,CierreMasivo 06Feb25,1,6,{* Hemos atendido tu aclaración y abonado el importe reclamado a tu cuenta. Valoramos tu elección como cliente en BanCoppel y esperamos seguir siendo tu elección para futuras compras. ¡Siempre estaremos aquí para ayudarte!,1
0502251146,CierreMasivo 06Feb25,1,6,{* Hemos atendido tu aclaración y abonado el importe reclamado a tu cuenta. Valoramos tu elección como cliente en BanCoppel y esperamos seguir siendo tu elección para futuras compras. ¡Siempre estaremos aquí para ayudarte!,1
0502251174,CierreMasivo 06Feb25,1,6,{* Hemos atendido tu aclaración y abonado el importe reclamado a tu cuenta. Valoramos tu elección como cliente en BanCoppel y esperamos seguir siendo tu elección para futuras compras. ¡Siempre estaremos aquí para ayudarte!,1
0502251208,CierreMasivo 06Feb25,1,6,{* Hemos atendido tu aclaración y abonado el importe reclamado a tu cuenta. Valoramos tu elección como cliente en BanCoppel y esperamos seguir siendo tu elección para futuras compras. ¡Siempre estaremos aquí para ayudarte!,1
0502251240,CierreMasivo 06Feb25,1,6,{* Hemos atendido tu aclaración y abonado el importe reclamado a tu cuenta. Valoramos tu elección como cliente en BanCoppel y esperamos seguir siendo tu elección para futuras compras. ¡Siempre estaremos aquí para ayudarte!,1
0502250029,CierreMasivo 06Feb25,1,6,{* Hemos atendido tu aclaración y abonado el importe reclamado a tu cuenta. Valoramos tu elección como cliente en BanCoppel y esperamos seguir siendo tu elección para futuras compras. ¡Siempre estaremos aquí para ayudarte!,1
0502250986,CierreMasivo 06Feb25,1,6,{* Hemos atendido tu aclaración y abonado el importe reclamado a tu cuenta. Valoramos tu elección como cliente en BanCoppel y esperamos seguir siendo tu elección para futuras compras. ¡Siempre estaremos aquí para ayudarte!,1
0502250969,CierreMasivo 06Feb25,1,6,{* Hemos atendido tu aclaración y abonado el importe reclamado a tu cuenta. Valoramos tu elección como cliente en BanCoppel y esperamos seguir siendo tu elección para futuras compras. ¡Siempre estaremos aquí para ayudarte!,1
0502250936,CierreMasivo 06Feb25,1,6,{* Hemos atendido tu aclaración y abonado el importe reclamado a tu cuenta. Valoramos tu elección como cliente en BanCoppel y esperamos seguir siendo tu elección para futuras compras. ¡Siempre estaremos aquí para ayudarte!,1
0502250930,CierreMasivo 06Feb25,1,6,{* Hemos atendido tu aclaración y abonado el importe reclamado a tu cuenta. Valoramos tu elección como cliente en BanCoppel y esperamos seguir siendo tu elección para futuras compras. ¡Siempre estaremos aquí para ayudarte!,1
0502251259,CierreMasivo 06Feb25,1,6,{* Hemos atendido tu aclaración y abonado el importe reclamado a tu cuenta. Valoramos tu elección como cliente en BanCoppel y esperamos seguir siendo tu elección para futuras compras. ¡Siempre estaremos aquí para ayudarte!,1
0502251238,CierreMasivo 06Feb25,1,6,{* Hemos atendido tu aclaración y abonado el importe reclamado a tu cuenta. Valoramos tu elección como cliente en BanCoppel y esperamos seguir siendo tu elección para futuras compras. ¡Siempre estaremos aquí para ayudarte!,1
0502251271,CierreMasivo 06Feb25,1,6,{* Hemos atendido tu aclaración y abonado el importe reclamado a tu cuenta. Valoramos tu elección como cliente en BanCoppel y esperamos seguir siendo tu elección para futuras compras. ¡Siempre estaremos aquí para ayudarte!,1
0502253036,CierreMasivo 06Feb25,1,6,{* Hemos atendido tu aclaración y abonado el importe reclamado a tu cuenta. Valoramos tu elección como cliente en BanCoppel y esperamos seguir siendo tu elección para futuras compras. ¡Siempre estaremos aquí para ayudarte!,1
0502253059,CierreMasivo 06Feb25,1,6,{* Hemos atendido tu aclaración y abonado el importe reclamado a tu cuenta. Valoramos tu elección como cliente en BanCoppel y esperamos seguir siendo tu elección para futuras compras. ¡Siempre estaremos aquí para ayudarte!,1
0502252997,CierreMasivo 06Feb25,1,6,{* Hemos atendido tu aclaración y abonado el importe reclamado a tu cuenta. Valoramos tu elección como cliente en BanCoppel y esperamos seguir siendo tu elección para futuras compras. ¡Siempre estaremos aquí para ayudarte!,1
0502252005,CierreMasivo 06Feb25,1,6,{* Hemos atendido tu aclaración y abonado el importe reclamado a tu cuenta. Valoramos tu elección como cliente en BanCoppel y esperamos seguir siendo tu elección para futuras compras. ¡Siempre estaremos aquí para ayudarte!,1
0502251986,CierreMasivo 06Feb25,1,6,{* Hemos atendido tu aclaración y abonado el importe reclamado a tu cuenta. Valoramos tu elección como cliente en BanCoppel y esperamos seguir siendo tu elección para futuras compras. ¡Siempre estaremos aquí para ayudarte!,1
0502252023,CierreMasivo 06Feb25,1,6,{* Hemos atendido tu aclaración y abonado el importe reclamado a tu cuenta. Valoramos tu elección como cliente en BanCoppel y esperamos seguir siendo tu elección para futuras compras. ¡Siempre estaremos aquí para ayudarte!,1
0502251995,CierreMasivo 06Feb25,1,6,{* Hemos atendido tu aclaración y abonado el importe reclamado a tu cuenta. Valoramos tu elección como cliente en BanCoppel y esperamos seguir siendo tu elección para futuras compras. ¡Siempre estaremos aquí para ayudarte!,1
0502251099,CierreMasivo 06Feb25,1,6,{* Hemos atendido tu aclaración y abonado el importe reclamado a tu cuenta. Valoramos tu elección como cliente en BanCoppel y esperamos seguir siendo tu elección para futuras compras. ¡Siempre estaremos aquí para ayudarte!,1
0502252889,CierreMasivo 06Feb25,1,6,{* Hemos atendido tu aclaración y abonado el importe reclamado a tu cuenta. Valoramos tu elección como cliente en BanCoppel y esperamos seguir siendo tu elección para futuras compras. ¡Siempre estaremos aquí para ayudarte!,1
0502250568,CierreMasivo 06Feb25,1,6,{* Hemos atendido tu aclaración y abonado el importe reclamado a tu cuenta. Valoramos tu elección como cliente en BanCoppel y esperamos seguir siendo tu elección para futuras compras. ¡Siempre estaremos aquí para ayudarte!,1
0502251890,CierreMasivo 06Feb25,1,6,{* Hemos atendido tu aclaración y abonado el importe reclamado a tu cuenta. Valoramos tu elección como cliente en BanCoppel y esperamos seguir siendo tu elección para futuras compras. ¡Siempre estaremos aquí para ayudarte!,1
0502250437,CierreMasivo 06Feb25,1,6,{* Hemos atendido tu aclaración y abonado el importe reclamado a tu cuenta. Valoramos tu elección como cliente en BanCoppel y esperamos seguir siendo tu elección para futuras compras. ¡Siempre estaremos aquí para ayudarte!,1
0502251820,CierreMasivo 06Feb25,1,6,{* Hemos atendido tu aclaración y abonado el importe reclamado a tu cuenta. Valoramos tu elección como cliente en BanCoppel y esperamos seguir siendo tu elección para futuras compras. ¡Siempre estaremos aquí para ayudarte!,1
0502251812,CierreMasivo 06Feb25,1,6,{* Hemos atendido tu aclaración y abonado el importe reclamado a tu cuenta. Valoramos tu elección como cliente en BanCoppel y esperamos seguir siendo tu elección para futuras compras. ¡Siempre estaremos aquí para ayudarte!,1
0502252952,CierreMasivo 06Feb25,1,6,{* Hemos atendido tu aclaración y abonado el importe reclamado a tu cuenta. Valoramos tu elección como cliente en BanCoppel y esperamos seguir siendo tu elección para futuras compras. ¡Siempre estaremos aquí para ayudarte!,1
0502252920,CierreMasivo 06Feb25,1,6,{* Hemos atendido tu aclaración y abonado el importe reclamado a tu cuenta. Valoramos tu elección como cliente en BanCoppel y esperamos seguir siendo tu elección para futuras compras. ¡Siempre estaremos aquí para ayudarte!,1
0502252936,CierreMasivo 06Feb25,1,6,{* Hemos atendido tu aclaración y abonado el importe reclamado a tu cuenta. Valoramos tu elección como cliente en BanCoppel y esperamos seguir siendo tu elección para futuras compras. ¡Siempre estaremos aquí para ayudarte!,1
0502252899,CierreMasivo 06Feb25,1,6,{* Hemos atendido tu aclaración y abonado el importe reclamado a tu cuenta. Valoramos tu elección como cliente en BanCoppel y esperamos seguir siendo tu elección para futuras compras. ¡Siempre estaremos aquí para ayudarte!,1
0502252974,CierreMasivo 06Feb25,1,6,{* Hemos atendido tu aclaración y abonado el importe reclamado a tu cuenta. Valoramos tu elección como cliente en BanCoppel y esperamos seguir siendo tu elección para futuras compras. ¡Siempre estaremos aquí para ayudarte!,1
0502251707,CierreMasivo 06Feb25,1,6,{* Hemos atendido tu aclaración y abonado el importe reclamado a tu cuenta. Valoramos tu elección como cliente en BanCoppel y esperamos seguir siendo tu elección para futuras compras. ¡Siempre estaremos aquí para ayudarte!,1
0502251698,CierreMasivo 06Feb25,1,6,{* Hemos atendido tu aclaración y abonado el importe reclamado a tu cuenta. Valoramos tu elección como cliente en BanCoppel y esperamos seguir siendo tu elección para futuras compras. ¡Siempre estaremos aquí para ayudarte!,1
0502253115,CierreMasivo 06Feb25,1,6,{* Hemos atendido tu aclaración y abonado el importe reclamado a tu cuenta. Valoramos tu elección como cliente en BanCoppel y esperamos seguir siendo tu elección para futuras compras. ¡Siempre estaremos aquí para ayudarte!,1
0502253071,CierreMasivo 06Feb25,1,6,{* Hemos atendido tu aclaración y abonado el importe reclamado a tu cuenta. Valoramos tu elección como cliente en BanCoppel y esperamos seguir siendo tu elección para futuras compras. ¡Siempre estaremos aquí para ayudarte!,1
0502253079,CierreMasivo 06Feb25,1,6,{* Hemos atendido tu aclaración y abonado el importe reclamado a tu cuenta. Valoramos tu elección como cliente en BanCoppel y esperamos seguir siendo tu elección para futuras compras. ¡Siempre estaremos aquí para ayudarte!,1
0502252375,CierreMasivo 06Feb25,1,6,{* Hemos atendido tu aclaración y abonado el importe reclamado a tu cuenta. Valoramos tu elección como cliente en BanCoppel y esperamos seguir siendo tu elección para futuras compras. ¡Siempre estaremos aquí para ayudarte!,1
0502252397,CierreMasivo 06Feb25,1,6,{* Hemos atendido tu aclaración y abonado el importe reclamado a tu cuenta. Valoramos tu elección como cliente en BanCoppel y esperamos seguir siendo tu elección para futuras compras. ¡Siempre estaremos aquí para ayudarte!,1
0502252413,CierreMasivo 06Feb25,1,6,{* Hemos atendido tu aclaración y abonado el importe reclamado a tu cuenta. Valoramos tu elección como cliente en BanCoppel y esperamos seguir siendo tu elección para futuras compras. ¡Siempre estaremos aquí para ayudarte!,1
0502252427,CierreMasivo 06Feb25,1,6,{* Hemos atendido tu aclaración y abonado el importe reclamado a tu cuenta. Valoramos tu elección como cliente en BanCoppel y esperamos seguir siendo tu elección para futuras compras. ¡Siempre estaremos aquí para ayudarte!,1
0502251893,CierreMasivo 06Feb25,1,6,{* Hemos atendido tu aclaración y abonado el importe reclamado a tu cuenta. Valoramos tu elección como cliente en BanCoppel y esperamos seguir siendo tu elección para futuras compras. ¡Siempre estaremos aquí para ayudarte!,1
0502252022,CierreMasivo 06Feb25,1,6,{* Hemos atendido tu aclaración y abonado el importe reclamado a tu cuenta. Valoramos tu elección como cliente en BanCoppel y esperamos seguir siendo tu elección para futuras compras. ¡Siempre estaremos aquí para ayudarte!,1
0502252198,CierreMasivo 06Feb25,1,6,{* Hemos atendido tu aclaración y abonado el importe reclamado a tu cuenta. Valoramos tu elección como cliente en BanCoppel y esperamos seguir siendo tu elección para futuras compras. ¡Siempre estaremos aquí para ayudarte!,1
0502251822,CierreMasivo 06Feb25,1,6,{* Hemos atendido tu aclaración y abonado el importe reclamado a tu cuenta. Valoramos tu elección como cliente en BanCoppel y esperamos seguir siendo tu elección para futuras compras. ¡Siempre estaremos aquí para ayudarte!,1
0502251918,CierreMasivo 06Feb25,1,6,{* Hemos atendido tu aclaración y abonado el importe reclamado a tu cuenta. Valoramos tu elección como cliente en BanCoppel y esperamos seguir siendo tu elección para futuras compras. ¡Siempre estaremos aquí para ayudarte!,1
0502251954,CierreMasivo 06Feb25,1,6,{* Hemos atendido tu aclaración y abonado el importe reclamado a tu cuenta. Valoramos tu elección como cliente en BanCoppel y esperamos seguir siendo tu elección para futuras compras. ¡Siempre estaremos aquí para ayudarte!,1
0502251771,CierreMasivo 06Feb25,1,6,{* Hemos atendido tu aclaración y abonado el importe reclamado a tu cuenta. Valoramos tu elección como cliente en BanCoppel y esperamos seguir siendo tu elección para futuras compras. ¡Siempre estaremos aquí para ayudarte!,1
0502252185,CierreMasivo 06Feb25,1,6,{* Hemos atendido tu aclaración y abonado el importe reclamado a tu cuenta. Valoramos tu elección como cliente en BanCoppel y esperamos seguir siendo tu elección para futuras compras. ¡Siempre estaremos aquí para ayudarte!,1
0502251908,CierreMasivo 06Feb25,1,6,{* Hemos atendido tu aclaración y abonado el importe reclamado a tu cuenta. Valoramos tu elección como cliente en BanCoppel y esperamos seguir siendo tu elección para futuras compras. ¡Siempre estaremos aquí para ayudarte!,1
0502251785,CierreMasivo 06Feb25,1,6,{* Hemos atendido tu aclaración y abonado el importe reclamado a tu cuenta. Valoramos tu elección como cliente en BanCoppel y esperamos seguir siendo tu elección para futuras compras. ¡Siempre estaremos aquí para ayudarte!,1
0502251813,CierreMasivo 06Feb25,1,6,{* Hemos atendido tu aclaración y abonado el importe reclamado a tu cuenta. Valoramos tu elección como cliente en BanCoppel y esperamos seguir siendo tu elección para futuras compras. ¡Siempre estaremos aquí para ayudarte!,1
0502251880,CierreMasivo 06Feb25,1,6,{* Hemos atendido tu aclaración y abonado el importe reclamado a tu cuenta. Valoramos tu elección como cliente en BanCoppel y esperamos seguir siendo tu elección para futuras compras. ¡Siempre estaremos aquí para ayudarte!,1
0502252154,CierreMasivo 06Feb25,1,6,{* Hemos atendido tu aclaración y abonado el importe reclamado a tu cuenta. Valoramos tu elección como cliente en BanCoppel y esperamos seguir siendo tu elección para futuras compras. ¡Siempre estaremos aquí para ayudarte!,1
0502252401,CierreMasivo 06Feb25,1,6,{* Hemos atendido tu aclaración y abonado el importe reclamado a tu cuenta. Valoramos tu elección como cliente en BanCoppel y esperamos seguir siendo tu elección para futuras compras. ¡Siempre estaremos aquí para ayudarte!,1
0502252211,CierreMasivo 06Feb25,1,6,{* Hemos atendido tu aclaración y abonado el importe reclamado a tu cuenta. Valoramos tu elección como cliente en BanCoppel y esperamos seguir siendo tu elección para futuras compras. ¡Siempre estaremos aquí para ayudarte!,1
0502252224,CierreMasivo 06Feb25,1,6,{* Hemos atendido tu aclaración y abonado el importe reclamado a tu cuenta. Valoramos tu elección como cliente en BanCoppel y esperamos seguir siendo tu elección para futuras compras. ¡Siempre estaremos aquí para ayudarte!,1
0502252105,CierreMasivo 06Feb25,1,6,{* Hemos atendido tu aclaración y abonado el importe reclamado a tu cuenta. Valoramos tu elección como cliente en BanCoppel y esperamos seguir siendo tu elección para futuras compras. ¡Siempre estaremos aquí para ayudarte!,1
0502252464,CierreMasivo 06Feb25,1,6,{* Hemos atendido tu aclaración y abonado el importe reclamado a tu cuenta. Valoramos tu elección como cliente en BanCoppel y esperamos seguir siendo tu elección para futuras compras. ¡Siempre estaremos aquí para ayudarte!,1
0502252052,CierreMasivo 06Feb25,1,6,{* Hemos atendido tu aclaración y abonado el importe reclamado a tu cuenta. Valoramos tu elección como cliente en BanCoppel y esperamos seguir siendo tu elección para futuras compras. ¡Siempre estaremos aquí para ayudarte!,1
0502252063,CierreMasivo 06Feb25,1,6,{* Hemos atendido tu aclaración y abonado el importe reclamado a tu cuenta. Valoramos tu elección como cliente en BanCoppel y esperamos seguir siendo tu elección para futuras compras. ¡Siempre estaremos aquí para ayudarte!,1
0502252242,CierreMasivo 06Feb25,1,6,{* Hemos atendido tu aclaración y abonado el importe reclamado a tu cuenta. Valoramos tu elección como cliente en BanCoppel y esperamos seguir siendo tu elección para futuras compras. ¡Siempre estaremos aquí para ayudarte!,1
0502252253,CierreMasivo 06Feb25,1,6,{* Hemos atendido tu aclaración y abonado el importe reclamado a tu cuenta. Valoramos tu elección como cliente en BanCoppel y esperamos seguir siendo tu elección para futuras compras. ¡Siempre estaremos aquí para ayudarte!,1
0502252415,CierreMasivo 06Feb25,1,6,{* Hemos atendido tu aclaración y abonado el importe reclamado a tu cuenta. Valoramos tu elección como cliente en BanCoppel y esperamos seguir siendo tu elección para futuras compras. ¡Siempre estaremos aquí para ayudarte!,1
0502252269,CierreMasivo 06Feb25,1,6,{* Hemos atendido tu aclaración y abonado el importe reclamado a tu cuenta. Valoramos tu elección como cliente en BanCoppel y esperamos seguir siendo tu elección para futuras compras. ¡Siempre estaremos aquí para ayudarte!,1
0502252168,CierreMasivo 06Feb25,1,6,{* Hemos atendido tu aclaración y abonado el importe reclamado a tu cuenta. Valoramos tu elección como cliente en BanCoppel y esperamos seguir siendo tu elección para futuras compras. ¡Siempre estaremos aquí para ayudarte!,1
0502252115,CierreMasivo 06Feb25,1,6,{* Hemos atendido tu aclaración y abonado el importe reclamado a tu cuenta. Valoramos tu elección como cliente en BanCoppel y esperamos seguir siendo tu elección para futuras compras. ¡Siempre estaremos aquí para ayudarte!,1
0502252030,CierreMasivo 06Feb25,1,6,{* Hemos atendido tu aclaración y abonado el importe reclamado a tu cuenta. Valoramos tu elección como cliente en BanCoppel y esperamos seguir siendo tu elección para futuras compras. ¡Siempre estaremos aquí para ayudarte!,1
0502252429,CierreMasivo 06Feb25,1,6,{* Hemos atendido tu aclaración y abonado el importe reclamado a tu cuenta. Valoramos tu elección como cliente en BanCoppel y esperamos seguir siendo tu elección para futuras compras. ¡Siempre estaremos aquí para ayudarte!,1
0502251944,CierreMasivo 06Feb25,1,6,{* Hemos atendido tu aclaración y abonado el importe reclamado a tu cuenta. Valoramos tu elección como cliente en BanCoppel y esperamos seguir siendo tu elección para futuras compras. ¡Siempre estaremos aquí para ayudarte!,1
0502252313,CierreMasivo 06Feb25,1,6,{* Hemos atendido tu aclaración y abonado el importe reclamado a tu cuenta. Valoramos tu elección como cliente en BanCoppel y esperamos seguir siendo tu elección para futuras compras. ¡Siempre estaremos aquí para ayudarte!,1
0502252359,CierreMasivo 06Feb25,1,6,{* Hemos atendido tu aclaración y abonado el importe reclamado a tu cuenta. Valoramos tu elección como cliente en BanCoppel y esperamos seguir siendo tu elección para futuras compras. ¡Siempre estaremos aquí para ayudarte!,1
0502251762,CierreMasivo 06Feb25,1,6,{* Hemos atendido tu aclaración y abonado el importe reclamado a tu cuenta. Valoramos tu elección como cliente en BanCoppel y esperamos seguir siendo tu elección para futuras compras. ¡Siempre estaremos aquí para ayudarte!,1
0502252008,CierreMasivo 06Feb25,1,6,{* Hemos atendido tu aclaración y abonado el importe reclamado a tu cuenta. Valoramos tu elección como cliente en BanCoppel y esperamos seguir siendo tu elección para futuras compras. ¡Siempre estaremos aquí para ayudarte!,1
0502252283,CierreMasivo 06Feb25,1,6,{* Hemos atendido tu aclaración y abonado el importe reclamado a tu cuenta. Valoramos tu elección como cliente en BanCoppel y esperamos seguir siendo tu elección para futuras compras. ¡Siempre estaremos aquí para ayudarte!,1
0502252373,CierreMasivo 06Feb25,1,6,{* Hemos atendido tu aclaración y abonado el importe reclamado a tu cuenta. Valoramos tu elección como cliente en BanCoppel y esperamos seguir siendo tu elección para futuras compras. ¡Siempre estaremos aquí para ayudarte!,1
0502251990,CierreMasivo 06Feb25,1,6,{* Hemos atendido tu aclaración y abonado el importe reclamado a tu cuenta. Valoramos tu elección como cliente en BanCoppel y esperamos seguir siendo tu elección para futuras compras. ¡Siempre estaremos aquí para ayudarte!,1
0502252447,CierreMasivo 06Feb25,1,6,{* Hemos atendido tu aclaración y abonado el importe reclamado a tu cuenta. Valoramos tu elección como cliente en BanCoppel y esperamos seguir siendo tu elección para futuras compras. ¡Siempre estaremos aquí para ayudarte!,1
0502252469,CierreMasivo 06Feb25,1,6,{* Hemos atendido tu aclaración y abonado el importe reclamado a tu cuenta. Valoramos tu elección como cliente en BanCoppel y esperamos seguir siendo tu elección para futuras compras. ¡Siempre estaremos aquí para ayudarte!,1
0502252384,CierreMasivo 06Feb25,1,6,{* Hemos atendido tu aclaración y abonado el importe reclamado a tu cuenta. Valoramos tu elección como cliente en BanCoppel y esperamos seguir siendo tu elección para futuras compras. ¡Siempre estaremos aquí para ayudarte!,1
0502252042,CierreMasivo 06Feb25,1,6,{* Hemos atendido tu aclaración y abonado el importe reclamado a tu cuenta. Valoramos tu elección como cliente en BanCoppel y esperamos seguir siendo tu elección para futuras compras. ¡Siempre estaremos aquí para ayudarte!,1
0502252076,CierreMasivo 06Feb25,1,6,{* Hemos atendido tu aclaración y abonado el importe reclamado a tu cuenta. Valoramos tu elección como cliente en BanCoppel y esperamos seguir siendo tu elección para futuras compras. ¡Siempre estaremos aquí para ayudarte!,1
0502251797,CierreMasivo 06Feb25,1,6,{* Hemos atendido tu aclaración y abonado el importe reclamado a tu cuenta. Valoramos tu elección como cliente en BanCoppel y esperamos seguir siendo tu elección para futuras compras. ¡Siempre estaremos aquí para ayudarte!,1
0502252122,CierreMasivo 06Feb25,1,6,{* Hemos atendido tu aclaración y abonado el importe reclamado a tu cuenta. Valoramos tu elección como cliente en BanCoppel y esperamos seguir siendo tu elección para futuras compras. ¡Siempre estaremos aquí para ayudarte!,1
0502251972,CierreMasivo 06Feb25,1,6,{* Hemos atendido tu aclaración y abonado el importe reclamado a tu cuenta. Valoramos tu elección como cliente en BanCoppel y esperamos seguir siendo tu elección para futuras compras. ¡Siempre estaremos aquí para ayudarte!,1
0502251965,CierreMasivo 06Feb25,1,6,{* Hemos atendido tu aclaración y abonado el importe reclamado a tu cuenta. Valoramos tu elección como cliente en BanCoppel y esperamos seguir siendo tu elección para futuras compras. ¡Siempre estaremos aquí para ayudarte!,1
0502251777,CierreMasivo 06Feb25,1,6,{* Hemos atendido tu aclaración y abonado el importe reclamado a tu cuenta. Valoramos tu elección como cliente en BanCoppel y esperamos seguir siendo tu elección para futuras compras. ¡Siempre estaremos aquí para ayudarte!,1
0502251792,CierreMasivo 06Feb25,1,6,{* Hemos atendido tu aclaración y abonado el importe reclamado a tu cuenta. Valoramos tu elección como cliente en BanCoppel y esperamos seguir siendo tu elección para futuras compras. ¡Siempre estaremos aquí para ayudarte!,1
0502252090,CierreMasivo 06Feb25,1,6,{* Hemos atendido tu aclaración y abonado el importe reclamado a tu cuenta. Valoramos tu elección como cliente en BanCoppel y esperamos seguir siendo tu elección para futuras compras. ¡Siempre estaremos aquí para ayudarte!,1
0502252339,CierreMasivo 06Feb25,1,6,{* Hemos atendido tu aclaración y abonado el importe reclamado a tu cuenta. Valoramos tu elección como cliente en BanCoppel y esperamos seguir siendo tu elección para futuras compras. ¡Siempre estaremos aquí para ayudarte!,1
0502251804,CierreMasivo 06Feb25,1,6,{* Hemos atendido tu aclaración y abonado el importe reclamado a tu cuenta. Valoramos tu elección como cliente en BanCoppel y esperamos seguir siendo tu elección para futuras compras. ¡Siempre estaremos aquí para ayudarte!,1
0502252662,CierreMasivo 06Feb25,1,6,{* Hemos atendido tu aclaración y abonado el importe reclamado a tu cuenta. Valoramos tu elección como cliente en BanCoppel y esperamos seguir siendo tu elección para futuras compras. ¡Siempre estaremos aquí para ayudarte!,1
0502252680,CierreMasivo 06Feb25,1,6,{* Hemos atendido tu aclaración y abonado el importe reclamado a tu cuenta. Valoramos tu elección como cliente en BanCoppel y esperamos seguir siendo tu elección para futuras compras. ¡Siempre estaremos aquí para ayudarte!,1
0502251426,CierreMasivo 06Feb25,1,6,{* Hemos atendido tu aclaración y abonado el importe reclamado a tu cuenta. Valoramos tu elección como cliente en BanCoppel y esperamos seguir siendo tu elección para futuras compras. ¡Siempre estaremos aquí para ayudarte!,1
0502251445,CierreMasivo 06Feb25,1,6,{* Hemos atendido tu aclaración y abonado el importe reclamado a tu cuenta. Valoramos tu elección como cliente en BanCoppel y esperamos seguir siendo tu elección para futuras compras. ¡Siempre estaremos aquí para ayudarte!,1
0502253461,CierreMasivo 06Feb25,1,6,{* Hemos atendido tu aclaración y abonado el importe reclamado a tu cuenta. Valoramos tu elección como cliente en BanCoppel y esperamos seguir siendo tu elección para futuras compras. ¡Siempre estaremos aquí para ayudarte!,1
0502252591,CierreMasivo 06Feb25,1,6,{* Hemos atendido tu aclaración y abonado el importe reclamado a tu cuenta. Valoramos tu elección como cliente en BanCoppel y esperamos seguir siendo tu elección para futuras compras. ¡Siempre estaremos aquí para ayudarte!,1
0502253486,CierreMasivo 06Feb25,1,6,{* Hemos atendido tu aclaración y abonado el importe reclamado a tu cuenta. Valoramos tu elección como cliente en BanCoppel y esperamos seguir siendo tu elección para futuras compras. ¡Siempre estaremos aquí para ayudarte!,1
0502252400,CierreMasivo 06Feb25,1,6,{* Hemos atendido tu aclaración y abonado el importe reclamado a tu cuenta. Valoramos tu elección como cliente en BanCoppel y esperamos seguir siendo tu elección para futuras compras. ¡Siempre estaremos aquí para ayudarte!,1
0502252382,CierreMasivo 06Feb25,1,6,{* Hemos atendido tu aclaración y abonado el importe reclamado a tu cuenta. Valoramos tu elección como cliente en BanCoppel y esperamos seguir siendo tu elección para futuras compras. ¡Siempre estaremos aquí para ayudarte!,1
0502250917,CierreMasivo 06Feb25,1,6,{* Hemos atendido tu aclaración y abonado el importe reclamado a tu cuenta. Valoramos tu elección como cliente en BanCoppel y esperamos seguir siendo tu elección para futuras compras. ¡Siempre estaremos aquí para ayudarte!,1
0502253319,CierreMasivo 06Feb25,1,6,{* Hemos atendido tu aclaración y abonado el importe reclamado a tu cuenta. Valoramos tu elección como cliente en BanCoppel y esperamos seguir siendo tu elección para futuras compras. ¡Siempre estaremos aquí para ayudarte!,1
0502250455,CierreMasivo 06Feb25,1,6,{* Hemos atendido tu aclaración y abonado el importe reclamado a tu cuenta. Valoramos tu elección como cliente en BanCoppel y esperamos seguir siendo tu elección para futuras compras. ¡Siempre estaremos aquí para ayudarte!,1
0502250504,CierreMasivo 06Feb25,1,6,{* Hemos atendido tu aclaración y abonado el importe reclamado a tu cuenta. Valoramos tu elección como cliente en BanCoppel y esperamos seguir siendo tu elección para futuras compras. ¡Siempre estaremos aquí para ayudarte!,1
0502250428,CierreMasivo 06Feb25,1,6,{* Hemos atendido tu aclaración y abonado el importe reclamado a tu cuenta. Valoramos tu elección como cliente en BanCoppel y esperamos seguir siendo tu elección para futuras compras. ¡Siempre estaremos aquí para ayudarte!,1
0502250952,CierreMasivo 06Feb25,1,6,{* Hemos atendido tu aclaración y abonado el importe reclamado a tu cuenta. Valoramos tu elección como cliente en BanCoppel y esperamos seguir siendo tu elección para futuras compras. ¡Siempre estaremos aquí para ayudarte!,1
0502252112,CierreMasivo 06Feb25,1,6,{* Hemos atendido tu aclaración y abonado el importe reclamado a tu cuenta. Valoramos tu elección como cliente en BanCoppel y esperamos seguir siendo tu elección para futuras compras. ¡Siempre estaremos aquí para ayudarte!,1
0502253416,CierreMasivo 06Feb25,1,6,{* Hemos atendido tu aclaración y abonado el importe reclamado a tu cuenta. Valoramos tu elección como cliente en BanCoppel y esperamos seguir siendo tu elección para futuras compras. ¡Siempre estaremos aquí para ayudarte!,1
0502253608,CierreMasivo 06Feb25,1,6,{* Hemos atendido tu aclaración y abonado el importe reclamado a tu cuenta. Valoramos tu elección como cliente en BanCoppel y esperamos seguir siendo tu elección para futuras compras. ¡Siempre estaremos aquí para ayudarte!,1
0502253597,CierreMasivo 06Feb25,1,6,{* Hemos atendido tu aclaración y abonado el importe reclamado a tu cuenta. Valoramos tu elección como cliente en BanCoppel y esperamos seguir siendo tu elección para futuras compras. ¡Siempre estaremos aquí para ayudarte!,1
0502253611,CierreMasivo 06Feb25,1,6,{* Hemos atendido tu aclaración y abonado el importe reclamado a tu cuenta. Valoramos tu elección como cliente en BanCoppel y esperamos seguir siendo tu elección para futuras compras. ¡Siempre estaremos aquí para ayudarte!,1
0502253601,CierreMasivo 06Feb25,1,6,{* Hemos atendido tu aclaración y abonado el importe reclamado a tu cuenta. Valoramos tu elección como cliente en BanCoppel y esperamos seguir siendo tu elección para futuras compras. ¡Siempre estaremos aquí para ayudarte!,1
0502253606,CierreMasivo 06Feb25,1,6,{* Hemos atendido tu aclaración y abonado el importe reclamado a tu cuenta. Valoramos tu elección como cliente en BanCoppel y esperamos seguir siendo tu elección para futuras compras. ¡Siempre estaremos aquí para ayudarte!,1
0502253604,CierreMasivo 06Feb25,1,6,{* Hemos atendido tu aclaración y abonado el importe reclamado a tu cuenta. Valoramos tu elección como cliente en BanCoppel y esperamos seguir siendo tu elección para futuras compras. ¡Siempre estaremos aquí para ayudarte!,1
0502253614,CierreMasivo 06Feb25,1,6,{* Hemos atendido tu aclaración y abonado el importe reclamado a tu cuenta. Valoramos tu elección como cliente en BanCoppel y esperamos seguir siendo tu elección para futuras compras. ¡Siempre estaremos aquí para ayudarte!,1
0502253595,CierreMasivo 06Feb25,1,6,{* Hemos atendido tu aclaración y abonado el importe reclamado a tu cuenta. Valoramos tu elección como cliente en BanCoppel y esperamos seguir siendo tu elección para futuras compras. ¡Siempre estaremos aquí para ayudarte!,1
0502253615,CierreMasivo 06Feb25,1,6,{* Hemos atendido tu aclaración y abonado el importe reclamado a tu cuenta. Valoramos tu elección como cliente en BanCoppel y esperamos seguir siendo tu elección para futuras compras. ¡Siempre estaremos aquí para ayudarte!,1
0502253021,CierreMasivo 06Feb25,1,6,{* Hemos atendido tu aclaración y abonado el importe reclamado a tu cuenta. Valoramos tu elección como cliente en BanCoppel y esperamos seguir siendo tu elección para futuras compras. ¡Siempre estaremos aquí para ayudarte!,1
0502251068,CierreMasivo 06Feb25,1,6,{* Hemos atendido tu aclaración y abonado el importe reclamado a tu cuenta. Valoramos tu elección como cliente en BanCoppel y esperamos seguir siendo tu elección para futuras compras. ¡Siempre estaremos aquí para ayudarte!,1
0502253043,CierreMasivo 06Feb25,1,6,{* Hemos atendido tu aclaración y abonado el importe reclamado a tu cuenta. Valoramos tu elección como cliente en BanCoppel y esperamos seguir siendo tu elección para futuras compras. ¡Siempre estaremos aquí para ayudarte!,1
0502251474,CierreMasivo 06Feb25,1,6,{* Hemos atendido tu aclaración y abonado el importe reclamado a tu cuenta. Valoramos tu elección como cliente en BanCoppel y esperamos seguir siendo tu elección para futuras compras. ¡Siempre estaremos aquí para ayudarte!,1
0502251336,CierreMasivo 06Feb25,1,6,{* Hemos atendido tu aclaración y abonado el importe reclamado a tu cuenta. Valoramos tu elección como cliente en BanCoppel y esperamos seguir siendo tu elección para futuras compras. ¡Siempre estaremos aquí para ayudarte!,1
0502250348,CierreMasivo 06Feb25,1,6,{* Hemos atendido tu aclaración y abonado el importe reclamado a tu cuenta. Valoramos tu elección como cliente en BanCoppel y esperamos seguir siendo tu elección para futuras compras. ¡Siempre estaremos aquí para ayudarte!,1
0502250344,CierreMasivo 06Feb25,1,6,{* Hemos atendido tu aclaración y abonado el importe reclamado a tu cuenta. Valoramos tu elección como cliente en BanCoppel y esperamos seguir siendo tu elección para futuras compras. ¡Siempre estaremos aquí para ayudarte!,1
0502250334,CierreMasivo 06Feb25,1,6,{* Hemos atendido tu aclaración y abonado el importe reclamado a tu cuenta. Valoramos tu elección como cliente en BanCoppel y esperamos seguir siendo tu elección para futuras compras. ¡Siempre estaremos aquí para ayudarte!,1
0502251819,CierreMasivo 06Feb25,1,6,{* Hemos atendido tu aclaración y abonado el importe reclamado a tu cuenta. Valoramos tu elección como cliente en BanCoppel y esperamos seguir siendo tu elección para futuras compras. ¡Siempre estaremos aquí para ayudarte!,1
0502251916,CierreMasivo 06Feb25,1,6,{* Hemos atendido tu aclaración y abonado el importe reclamado a tu cuenta. Valoramos tu elección como cliente en BanCoppel y esperamos seguir siendo tu elección para futuras compras. ¡Siempre estaremos aquí para ayudarte!,1
0502251930,CierreMasivo 06Feb25,1,6,{* Hemos atendido tu aclaración y abonado el importe reclamado a tu cuenta. Valoramos tu elección como cliente en BanCoppel y esperamos seguir siendo tu elección para futuras compras. ¡Siempre estaremos aquí para ayudarte!,1
0502251938,CierreMasivo 06Feb25,1,6,{* Hemos atendido tu aclaración y abonado el importe reclamado a tu cuenta. Valoramos tu elección como cliente en BanCoppel y esperamos seguir siendo tu elección para futuras compras. ¡Siempre estaremos aquí para ayudarte!,1
0502251943,CierreMasivo 06Feb25,1,6,{* Hemos atendido tu aclaración y abonado el importe reclamado a tu cuenta. Valoramos tu elección como cliente en BanCoppel y esperamos seguir siendo tu elección para futuras compras. ¡Siempre estaremos aquí para ayudarte!,1
0502251958,CierreMasivo 06Feb25,1,6,{* Hemos atendido tu aclaración y abonado el importe reclamado a tu cuenta. Valoramos tu elección como cliente en BanCoppel y esperamos seguir siendo tu elección para futuras compras. ¡Siempre estaremos aquí para ayudarte!,1
0502250362,CierreMasivo 06Feb25,1,6,{* Hemos atendido tu aclaración y abonado el importe reclamado a tu cuenta. Valoramos tu elección como cliente en BanCoppel y esperamos seguir siendo tu elección para futuras compras. ¡Siempre estaremos aquí para ayudarte!,1
0502250275,CierreMasivo 06Feb25,1,6,{* Hemos atendido tu aclaración y abonado el importe reclamado a tu cuenta. Valoramos tu elección como cliente en BanCoppel y esperamos seguir siendo tu elección para futuras compras. ¡Siempre estaremos aquí para ayudarte!,1
0502250387,CierreMasivo 06Feb25,1,6,{* Hemos atendido tu aclaración y abonado el importe reclamado a tu cuenta. Valoramos tu elección como cliente en BanCoppel y esperamos seguir siendo tu elección para futuras compras. ¡Siempre estaremos aquí para ayudarte!,1
0502252709,CierreMasivo 06Feb25,1,6,{* Hemos atendido tu aclaración y abonado el importe reclamado a tu cuenta. Valoramos tu elección como cliente en BanCoppel y esperamos seguir siendo tu elección para futuras compras. ¡Siempre estaremos aquí para ayudarte!,1
0502252650,CierreMasivo 06Feb25,1,6,{* Hemos atendido tu aclaración y abonado el importe reclamado a tu cuenta. Valoramos tu elección como cliente en BanCoppel y esperamos seguir siendo tu elección para futuras compras. ¡Siempre estaremos aquí para ayudarte!,1
0502252918,CierreMasivo 06Feb25,1,6,{* Hemos atendido tu aclaración y abonado el importe reclamado a tu cuenta. Valoramos tu elección como cliente en BanCoppel y esperamos seguir siendo tu elección para futuras compras. ¡Siempre estaremos aquí para ayudarte!,1
0502252944,CierreMasivo 06Feb25,1,6,{* Hemos atendido tu aclaración y abonado el importe reclamado a tu cuenta. Valoramos tu elección como cliente en BanCoppel y esperamos seguir siendo tu elección para futuras compras. ¡Siempre estaremos aquí para ayudarte!,1
0502252849,CierreMasivo 06Feb25,1,6,{* Hemos atendido tu aclaración y abonado el importe reclamado a tu cuenta. Valoramos tu elección como cliente en BanCoppel y esperamos seguir siendo tu elección para futuras compras. ¡Siempre estaremos aquí para ayudarte!,1
0502252710,CierreMasivo 06Feb25,1,6,{* Hemos atendido tu aclaración y abonado el importe reclamado a tu cuenta. Valoramos tu elección como cliente en BanCoppel y esperamos seguir siendo tu elección para futuras compras. ¡Siempre estaremos aquí para ayudarte!,1
0502252757,CierreMasivo 06Feb25,1,6,{* Hemos atendido tu aclaración y abonado el importe reclamado a tu cuenta. Valoramos tu elección como cliente en BanCoppel y esperamos seguir siendo tu elección para futuras compras. ¡Siempre estaremos aquí para ayudarte!,1
0502252653,CierreMasivo 06Feb25,1,6,{* Hemos atendido tu aclaración y abonado el importe reclamado a tu cuenta. Valoramos tu elección como cliente en BanCoppel y esperamos seguir siendo tu elección para futuras compras. ¡Siempre estaremos aquí para ayudarte!,1
0502252965,CierreMasivo 06Feb25,1,6,{* Hemos atendido tu aclaración y abonado el importe reclamado a tu cuenta. Valoramos tu elección como cliente en BanCoppel y esperamos seguir siendo tu elección para futuras compras. ¡Siempre estaremos aquí para ayudarte!,1
0502252881,CierreMasivo 06Feb25,1,6,{* Hemos atendido tu aclaración y abonado el importe reclamado a tu cuenta. Valoramos tu elección como cliente en BanCoppel y esperamos seguir siendo tu elección para futuras compras. ¡Siempre estaremos aquí para ayudarte!,1
0502252355,CierreMasivo 06Feb25,1,6,{* Hemos atendido tu aclaración y abonado el importe reclamado a tu cuenta. Valoramos tu elección como cliente en BanCoppel y esperamos seguir siendo tu elección para futuras compras. ¡Siempre estaremos aquí para ayudarte!,1
0502252688,CierreMasivo 06Feb25,1,6,{* Hemos atendido tu aclaración y abonado el importe reclamado a tu cuenta. Valoramos tu elección como cliente en BanCoppel y esperamos seguir siendo tu elección para futuras compras. ¡Siempre estaremos aquí para ayudarte!,1
0502252764,CierreMasivo 06Feb25,1,6,{* Hemos atendido tu aclaración y abonado el importe reclamado a tu cuenta. Valoramos tu elección como cliente en BanCoppel y esperamos seguir siendo tu elección para futuras compras. ¡Siempre estaremos aquí para ayudarte!,1
0502252953,CierreMasivo 06Feb25,1,6,{* Hemos atendido tu aclaración y abonado el importe reclamado a tu cuenta. Valoramos tu elección como cliente en BanCoppel y esperamos seguir siendo tu elección para futuras compras. ¡Siempre estaremos aquí para ayudarte!,1
0502252362,CierreMasivo 06Feb25,1,6,{* Hemos atendido tu aclaración y abonado el importe reclamado a tu cuenta. Valoramos tu elección como cliente en BanCoppel y esperamos seguir siendo tu elección para futuras compras. ¡Siempre estaremos aquí para ayudarte!,1
0502252658,CierreMasivo 06Feb25,1,6,{* Hemos atendido tu aclaración y abonado el importe reclamado a tu cuenta. Valoramos tu elección como cliente en BanCoppel y esperamos seguir siendo tu elección para futuras compras. ¡Siempre estaremos aquí para ayudarte!,1
0502252302,CierreMasivo 06Feb25,1,6,{* Hemos atendido tu aclaración y abonado el importe reclamado a tu cuenta. Valoramos tu elección como cliente en BanCoppel y esperamos seguir siendo tu elección para futuras compras. ¡Siempre estaremos aquí para ayudarte!,1
0502252243,CierreMasivo 06Feb25,1,6,{* Hemos atendido tu aclaración y abonado el importe reclamado a tu cuenta. Valoramos tu elección como cliente en BanCoppel y esperamos seguir siendo tu elección para futuras compras. ¡Siempre estaremos aquí para ayudarte!,1
0502252381,CierreMasivo 06Feb25,1,6,{* Hemos atendido tu aclaración y abonado el importe reclamado a tu cuenta. Valoramos tu elección como cliente en BanCoppel y esperamos seguir siendo tu elección para futuras compras. ¡Siempre estaremos aquí para ayudarte!,1
0502252340,CierreMasivo 06Feb25,1,6,{* Hemos atendido tu aclaración y abonado el importe reclamado a tu cuenta. Valoramos tu elección como cliente en BanCoppel y esperamos seguir siendo tu elección para futuras compras. ¡Siempre estaremos aquí para ayudarte!,1
0502252232,CierreMasivo 06Feb25,1,6,{* Hemos atendido tu aclaración y abonado el importe reclamado a tu cuenta. Valoramos tu elección como cliente en BanCoppel y esperamos seguir siendo tu elección para futuras compras. ¡Siempre estaremos aquí para ayudarte!,1
0502252430,CierreMasivo 06Feb25,1,6,{* Hemos atendido tu aclaración y abonado el importe reclamado a tu cuenta. Valoramos tu elección como cliente en BanCoppel y esperamos seguir siendo tu elección para futuras compras. ¡Siempre estaremos aquí para ayudarte!,1
0502252255,CierreMasivo 06Feb25,1,6,{* Hemos atendido tu aclaración y abonado el importe reclamado a tu cuenta. Valoramos tu elección como cliente en BanCoppel y esperamos seguir siendo tu elección para futuras compras. ¡Siempre estaremos aquí para ayudarte!,1
0502252320,CierreMasivo 06Feb25,1,6,{* Hemos atendido tu aclaración y abonado el importe reclamado a tu cuenta. Valoramos tu elección como cliente en BanCoppel y esperamos seguir siendo tu elección para futuras compras. ¡Siempre estaremos aquí para ayudarte!,1
0502252679,CierreMasivo 06Feb25,1,6,{* Hemos atendido tu aclaración y abonado el importe reclamado a tu cuenta. Valoramos tu elección como cliente en BanCoppel y esperamos seguir siendo tu elección para futuras compras. ¡Siempre estaremos aquí para ayudarte!,1
0502252701,CierreMasivo 06Feb25,1,6,{* Hemos atendido tu aclaración y abonado el importe reclamado a tu cuenta. Valoramos tu elección como cliente en BanCoppel y esperamos seguir siendo tu elección para futuras compras. ¡Siempre estaremos aquí para ayudarte!,1
0502252777,CierreMasivo 06Feb25,1,6,{* Hemos atendido tu aclaración y abonado el importe reclamado a tu cuenta. Valoramos tu elección como cliente en BanCoppel y esperamos seguir siendo tu elección para futuras compras. ¡Siempre estaremos aquí para ayudarte!,1
0502252460,CierreMasivo 06Feb25,1,6,{* Hemos atendido tu aclaración y abonado el importe reclamado a tu cuenta. Valoramos tu elección como cliente en BanCoppel y esperamos seguir siendo tu elección para futuras compras. ¡Siempre estaremos aquí para ayudarte!,1
0502252439,CierreMasivo 06Feb25,1,6,{* Hemos atendido tu aclaración y abonado el importe reclamado a tu cuenta. Valoramos tu elección como cliente en BanCoppel y esperamos seguir siendo tu elección para futuras compras. ¡Siempre estaremos aquí para ayudarte!,1
0502252910,CierreMasivo 06Feb25,1,6,{* Hemos atendido tu aclaración y abonado el importe reclamado a tu cuenta. Valoramos tu elección como cliente en BanCoppel y esperamos seguir siendo tu elección para futuras compras. ¡Siempre estaremos aquí para ayudarte!,1
0502252894,CierreMasivo 06Feb25,1,6,{* Hemos atendido tu aclaración y abonado el importe reclamado a tu cuenta. Valoramos tu elección como cliente en BanCoppel y esperamos seguir siendo tu elección para futuras compras. ¡Siempre estaremos aquí para ayudarte!,1
0502252268,CierreMasivo 06Feb25,1,6,{* Hemos atendido tu aclaración y abonado el importe reclamado a tu cuenta. Valoramos tu elección como cliente en BanCoppel y esperamos seguir siendo tu elección para futuras compras. ¡Siempre estaremos aquí para ayudarte!,1
0502252804,CierreMasivo 06Feb25,1,6,{* Hemos atendido tu aclaración y abonado el importe reclamado a tu cuenta. Valoramos tu elección como cliente en BanCoppel y esperamos seguir siendo tu elección para futuras compras. ¡Siempre estaremos aquí para ayudarte!,1
0502252634,CierreMasivo 06Feb25,1,6,{* Hemos atendido tu aclaración y abonado el importe reclamado a tu cuenta. Valoramos tu elección como cliente en BanCoppel y esperamos seguir siendo tu elección para futuras compras. ¡Siempre estaremos aquí para ayudarte!,1
0502252792,CierreMasivo 06Feb25,1,6,{* Hemos atendido tu aclaración y abonado el importe reclamado a tu cuenta. Valoramos tu elección como cliente en BanCoppel y esperamos seguir siendo tu elección para futuras compras. ¡Siempre estaremos aquí para ayudarte!,1
0502252288,CierreMasivo 06Feb25,1,6,{* Hemos atendido tu aclaración y abonado el importe reclamado a tu cuenta. Valoramos tu elección como cliente en BanCoppel y esperamos seguir siendo tu elección para futuras compras. ¡Siempre estaremos aquí para ayudarte!,1
0502252274,CierreMasivo 06Feb25,1,6,{* Hemos atendido tu aclaración y abonado el importe reclamado a tu cuenta. Valoramos tu elección como cliente en BanCoppel y esperamos seguir siendo tu elección para futuras compras. ¡Siempre estaremos aquí para ayudarte!,1
0502252477,CierreMasivo 06Feb25,1,6,{* Hemos atendido tu aclaración y abonado el importe reclamado a tu cuenta. Valoramos tu elección como cliente en BanCoppel y esperamos seguir siendo tu elección para futuras compras. ¡Siempre estaremos aquí para ayudarte!,1
0502252648,CierreMasivo 06Feb25,1,6,{* Hemos atendido tu aclaración y abonado el importe reclamado a tu cuenta. Valoramos tu elección como cliente en BanCoppel y esperamos seguir siendo tu elección para futuras compras. ¡Siempre estaremos aquí para ayudarte!,1
0502252665,CierreMasivo 06Feb25,1,6,{* Hemos atendido tu aclaración y abonado el importe reclamado a tu cuenta. Valoramos tu elección como cliente en BanCoppel y esperamos seguir siendo tu elección para futuras compras. ¡Siempre estaremos aquí para ayudarte!,1
0502252718,CierreMasivo 06Feb25,1,6,{* Hemos atendido tu aclaración y abonado el importe reclamado a tu cuenta. Valoramos tu elección como cliente en BanCoppel y esperamos seguir siendo tu elección para futuras compras. ¡Siempre estaremos aquí para ayudarte!,1
0502252392,CierreMasivo 06Feb25,1,6,{* Hemos atendido tu aclaración y abonado el importe reclamado a tu cuenta. Valoramos tu elección como cliente en BanCoppel y esperamos seguir siendo tu elección para futuras compras. ¡Siempre estaremos aquí para ayudarte!,1
0502252468,CierreMasivo 06Feb25,1,6,{* Hemos atendido tu aclaración y abonado el importe reclamado a tu cuenta. Valoramos tu elección como cliente en BanCoppel y esperamos seguir siendo tu elección para futuras compras. ¡Siempre estaremos aquí para ayudarte!,1
0502252932,CierreMasivo 06Feb25,1,6,{* Hemos atendido tu aclaración y abonado el importe reclamado a tu cuenta. Valoramos tu elección como cliente en BanCoppel y esperamos seguir siendo tu elección para futuras compras. ¡Siempre estaremos aquí para ayudarte!,1
0502252411,CierreMasivo 06Feb25,1,6,{* Hemos atendido tu aclaración y abonado el importe reclamado a tu cuenta. Valoramos tu elección como cliente en BanCoppel y esperamos seguir siendo tu elección para futuras compras. ¡Siempre estaremos aquí para ayudarte!,1
0502252833,CierreMasivo 06Feb25,1,6,{* Hemos atendido tu aclaración y abonado el importe reclamado a tu cuenta. Valoramos tu elección como cliente en BanCoppel y esperamos seguir siendo tu elección para futuras compras. ¡Siempre estaremos aquí para ayudarte!,1
0502252420,CierreMasivo 06Feb25,1,6,{* Hemos atendido tu aclaración y abonado el importe reclamado a tu cuenta. Valoramos tu elección como cliente en BanCoppel y esperamos seguir siendo tu elección para futuras compras. ¡Siempre estaremos aquí para ayudarte!,1
0502252826,CierreMasivo 06Feb25,1,6,{* Hemos atendido tu aclaración y abonado el importe reclamado a tu cuenta. Valoramos tu elección como cliente en BanCoppel y esperamos seguir siendo tu elección para futuras compras. ¡Siempre estaremos aquí para ayudarte!,1
0502252728,CierreMasivo 06Feb25,1,6,{* Hemos atendido tu aclaración y abonado el importe reclamado a tu cuenta. Valoramos tu elección como cliente en BanCoppel y esperamos seguir siendo tu elección para futuras compras. ¡Siempre estaremos aquí para ayudarte!,1
0502252403,CierreMasivo 06Feb25,1,6,{* Hemos atendido tu aclaración y abonado el importe reclamado a tu cuenta. Valoramos tu elección como cliente en BanCoppel y esperamos seguir siendo tu elección para futuras compras. ¡Siempre estaremos aquí para ayudarte!,1
0502252838,CierreMasivo 06Feb25,1,6,{* Hemos atendido tu aclaración y abonado el importe reclamado a tu cuenta. Valoramos tu elección como cliente en BanCoppel y esperamos seguir siendo tu elección para futuras compras. ¡Siempre estaremos aquí para ayudarte!,1
0502252745,CierreMasivo 06Feb25,1,6,{* Hemos atendido tu aclaración y abonado el importe reclamado a tu cuenta. Valoramos tu elección como cliente en BanCoppel y esperamos seguir siendo tu elección para futuras compras. ¡Siempre estaremos aquí para ayudarte!,1
0502250728,CierreMasivo 06Feb25,1,6,{* Hemos atendido tu aclaración y abonado el importe reclamado a tu cuenta. Valoramos tu elección como cliente en BanCoppel y esperamos seguir siendo tu elección para futuras compras. ¡Siempre estaremos aquí para ayudarte!,1
0502251039,CierreMasivo 06Feb25,1,6,{* Hemos atendido tu aclaración y abonado el importe reclamado a tu cuenta. Valoramos tu elección como cliente en BanCoppel y esperamos seguir siendo tu elección para futuras compras. ¡Siempre estaremos aquí para ayudarte!,1
0502253300,CierreMasivo 06Feb25,1,6,{* Hemos atendido tu aclaración y abonado el importe reclamado a tu cuenta. Valoramos tu elección como cliente en BanCoppel y esperamos seguir siendo tu elección para futuras compras. ¡Siempre estaremos aquí para ayudarte!,1
0502253307,CierreMasivo 06Feb25,1,6,{* Hemos atendido tu aclaración y abonado el importe reclamado a tu cuenta. Valoramos tu elección como cliente en BanCoppel y esperamos seguir siendo tu elección para futuras compras. ¡Siempre estaremos aquí para ayudarte!,1
0502251104,CierreMasivo 06Feb25,1,6,{* Hemos atendido tu aclaración y abonado el importe reclamado a tu cuenta. Valoramos tu elección como cliente en BanCoppel y esperamos seguir siendo tu elección para futuras compras. ¡Siempre estaremos aquí para ayudarte!,1
0502251688,CierreMasivo 06Feb25,1,6,{* Hemos atendido tu aclaración y abonado el importe reclamado a tu cuenta. Valoramos tu elección como cliente en BanCoppel y esperamos seguir siendo tu elección para futuras compras. ¡Siempre estaremos aquí para ayudarte!,1
0502252915,CierreMasivo 06Feb25,1,6,{* Hemos atendido tu aclaración y abonado el importe reclamado a tu cuenta. Valoramos tu elección como cliente en BanCoppel y esperamos seguir siendo tu elección para futuras compras. ¡Siempre estaremos aquí para ayudarte!,1
0502250541,CierreMasivo 06Feb25,1,6,{* Hemos atendido tu aclaración y abonado el importe reclamado a tu cuenta. Valoramos tu elección como cliente en BanCoppel y esperamos seguir siendo tu elección para futuras compras. ¡Siempre estaremos aquí para ayudarte!,1
0502250531,CierreMasivo 06Feb25,1,6,{* Hemos atendido tu aclaración y abonado el importe reclamado a tu cuenta. Valoramos tu elección como cliente en BanCoppel y esperamos seguir siendo tu elección para futuras compras. ¡Siempre estaremos aquí para ayudarte!,1
0502250524,CierreMasivo 06Feb25,1,6,{* Hemos atendido tu aclaración y abonado el importe reclamado a tu cuenta. Valoramos tu elección como cliente en BanCoppel y esperamos seguir siendo tu elección para futuras compras. ¡Siempre estaremos aquí para ayudarte!,1
0502250547,CierreMasivo 06Feb25,1,6,{* Hemos atendido tu aclaración y abonado el importe reclamado a tu cuenta. Valoramos tu elección como cliente en BanCoppel y esperamos seguir siendo tu elección para futuras compras. ¡Siempre estaremos aquí para ayudarte!,1
0502250559,CierreMasivo 06Feb25,1,6,{* Hemos atendido tu aclaración y abonado el importe reclamado a tu cuenta. Valoramos tu elección como cliente en BanCoppel y esperamos seguir siendo tu elección para futuras compras. ¡Siempre estaremos aquí para ayudarte!,1
0502251693,CierreMasivo 06Feb25,1,6,{* Hemos atendido tu aclaración y abonado el importe reclamado a tu cuenta. Valoramos tu elección como cliente en BanCoppel y esperamos seguir siendo tu elección para futuras compras. ¡Siempre estaremos aquí para ayudarte!,1
0502250091,CierreMasivo 06Feb25,1,6,{* Hemos atendido tu aclaración y abonado el importe reclamado a tu cuenta. Valoramos tu elección como cliente en BanCoppel y esperamos seguir siendo tu elección para futuras compras. ¡Siempre estaremos aquí para ayudarte!,1
0502252391,CierreMasivo 06Feb25,1,6,{* Hemos atendido tu aclaración y abonado el importe reclamado a tu cuenta. Valoramos tu elección como cliente en BanCoppel y esperamos seguir siendo tu elección para futuras compras. ¡Siempre estaremos aquí para ayudarte!,1
0502253084,CierreMasivo 06Feb25,1,6,{* Hemos atendido tu aclaración y abonado el importe reclamado a tu cuenta. Valoramos tu elección como cliente en BanCoppel y esperamos seguir siendo tu elección para futuras compras. ¡Siempre estaremos aquí para ayudarte!,1
0502253095,CierreMasivo 06Feb25,1,6,{* Hemos atendido tu aclaración y abonado el importe reclamado a tu cuenta. Valoramos tu elección como cliente en BanCoppel y esperamos seguir siendo tu elección para futuras compras. ¡Siempre estaremos aquí para ayudarte!,1
0502250674,CierreMasivo 06Feb25,1,6,{* Hemos atendido tu aclaración y abonado el importe reclamado a tu cuenta. Valoramos tu elección como cliente en BanCoppel y esperamos seguir siendo tu elección para futuras compras. ¡Siempre estaremos aquí para ayudarte!,1
0502250606,CierreMasivo 06Feb25,1,6,{* Hemos atendido tu aclaración y abonado el importe reclamado a tu cuenta. Valoramos tu elección como cliente en BanCoppel y esperamos seguir siendo tu elección para futuras compras. ¡Siempre estaremos aquí para ayudarte!,1
0502250621,CierreMasivo 06Feb25,1,6,{* Hemos atendido tu aclaración y abonado el importe reclamado a tu cuenta. Valoramos tu elección como cliente en BanCoppel y esperamos seguir siendo tu elección para futuras compras. ¡Siempre estaremos aquí para ayudarte!,1
0502250555,CierreMasivo 06Feb25,1,6,{* Hemos atendido tu aclaración y abonado el importe reclamado a tu cuenta. Valoramos tu elección como cliente en BanCoppel y esperamos seguir siendo tu elección para futuras compras. ¡Siempre estaremos aquí para ayudarte!,1
0502250656,CierreMasivo 06Feb25,1,6,{* Hemos atendido tu aclaración y abonado el importe reclamado a tu cuenta. Valoramos tu elección como cliente en BanCoppel y esperamos seguir siendo tu elección para futuras compras. ¡Siempre estaremos aquí para ayudarte!,1
0502250572,CierreMasivo 06Feb25,1,6,{* Hemos atendido tu aclaración y abonado el importe reclamado a tu cuenta. Valoramos tu elección como cliente en BanCoppel y esperamos seguir siendo tu elección para futuras compras. ¡Siempre estaremos aquí para ayudarte!,1
0502250587,CierreMasivo 06Feb25,1,6,{* Hemos atendido tu aclaración y abonado el importe reclamado a tu cuenta. Valoramos tu elección como cliente en BanCoppel y esperamos seguir siendo tu elección para futuras compras. ¡Siempre estaremos aquí para ayudarte!,1
0502252586,CierreMasivo 06Feb25,1,6,{* Hemos atendido tu aclaración y abonado el importe reclamado a tu cuenta. Valoramos tu elección como cliente en BanCoppel y esperamos seguir siendo tu elección para futuras compras. ¡Siempre estaremos aquí para ayudarte!,1
0502250649,CierreMasivo 06Feb25,1,6,{* Hemos atendido tu aclaración y abonado el importe reclamado a tu cuenta. Valoramos tu elección como cliente en BanCoppel y esperamos seguir siendo tu elección para futuras compras. ¡Siempre estaremos aquí para ayudarte!,1
0502250160,CierreMasivo 06Feb25,1,6,{* Hemos atendido tu aclaración y abonado el importe reclamado a tu cuenta. Valoramos tu elección como cliente en BanCoppel y esperamos seguir siendo tu elección para futuras compras. ¡Siempre estaremos aquí para ayudarte!,1
0502250178,CierreMasivo 06Feb25,1,6,{* Hemos atendido tu aclaración y abonado el importe reclamado a tu cuenta. Valoramos tu elección como cliente en BanCoppel y esperamos seguir siendo tu elección para futuras compras. ¡Siempre estaremos aquí para ayudarte!,1
0502250556,CierreMasivo 06Feb25,1,6,{* Hemos atendido tu aclaración y abonado el importe reclamado a tu cuenta. Valoramos tu elección como cliente en BanCoppel y esperamos seguir siendo tu elección para futuras compras. ¡Siempre estaremos aquí para ayudarte!,1
0502252753,CierreMasivo 06Feb25,1,6,{* Hemos atendido tu aclaración y abonado el importe reclamado a tu cuenta. Valoramos tu elección como cliente en BanCoppel y esperamos seguir siendo tu elección para futuras compras. ¡Siempre estaremos aquí para ayudarte!,1
0502252200,CierreMasivo 06Feb25,1,6,{* Hemos atendido tu aclaración y abonado el importe reclamado a tu cuenta. Valoramos tu elección como cliente en BanCoppel y esperamos seguir siendo tu elección para futuras compras. ¡Siempre estaremos aquí para ayudarte!,1
0502251628,CierreMasivo 06Feb25,1,6,{* Hemos atendido tu aclaración y abonado el importe reclamado a tu cuenta. Valoramos tu elección como cliente en BanCoppel y esperamos seguir siendo tu elección para futuras compras. ¡Siempre estaremos aquí para ayudarte!,1
0502252011,CierreMasivo 06Feb25,1,6,{* Hemos atendido tu aclaración y abonado el importe reclamado a tu cuenta. Valoramos tu elección como cliente en BanCoppel y esperamos seguir siendo tu elección para futuras compras. ¡Siempre estaremos aquí para ayudarte!,1
0502253335,CierreMasivo 06Feb25,1,6,{* Hemos atendido tu aclaración y abonado el importe reclamado a tu cuenta. Valoramos tu elección como cliente en BanCoppel y esperamos seguir siendo tu elección para futuras compras. ¡Siempre estaremos aquí para ayudarte!,1
0502253348,CierreMasivo 06Feb25,1,6,{* Hemos atendido tu aclaración y abonado el importe reclamado a tu cuenta. Valoramos tu elección como cliente en BanCoppel y esperamos seguir siendo tu elección para futuras compras. ¡Siempre estaremos aquí para ayudarte!,1
0502253341,CierreMasivo 06Feb25,1,6,{* Hemos atendido tu aclaración y abonado el importe reclamado a tu cuenta. Valoramos tu elección como cliente en BanCoppel y esperamos seguir siendo tu elección para futuras compras. ¡Siempre estaremos aquí para ayudarte!,1
0502253067,CierreMasivo 06Feb25,1,6,{* Hemos atendido tu aclaración y abonado el importe reclamado a tu cuenta. Valoramos tu elección como cliente en BanCoppel y esperamos seguir siendo tu elección para futuras compras. ¡Siempre estaremos aquí para ayudarte!,1
0502251778,CierreMasivo 06Feb25,1,6,{* Hemos atendido tu aclaración y abonado el importe reclamado a tu cuenta. Valoramos tu elección como cliente en BanCoppel y esperamos seguir siendo tu elección para futuras compras. ¡Siempre estaremos aquí para ayudarte!,1
0502250200,CierreMasivo 06Feb25,1,6,{* Hemos atendido tu aclaración y abonado el importe reclamado a tu cuenta. Valoramos tu elección como cliente en BanCoppel y esperamos seguir siendo tu elección para futuras compras. ¡Siempre estaremos aquí para ayudarte!,1
0502250697,CierreMasivo 06Feb25,1,6,{* Hemos atendido tu aclaración y abonado el importe reclamado a tu cuenta. Valoramos tu elección como cliente en BanCoppel y esperamos seguir siendo tu elección para futuras compras. ¡Siempre estaremos aquí para ayudarte!,1
0502251739,CierreMasivo 06Feb25,1,6,{* Hemos atendido tu aclaración y abonado el importe reclamado a tu cuenta. Valoramos tu elección como cliente en BanCoppel y esperamos seguir siendo tu elección para futuras compras. ¡Siempre estaremos aquí para ayudarte!,1
0502251760,CierreMasivo 06Feb25,1,6,{* Hemos atendido tu aclaración y abonado el importe reclamado a tu cuenta. Valoramos tu elección como cliente en BanCoppel y esperamos seguir siendo tu elección para futuras compras. ¡Siempre estaremos aquí para ayudarte!,1
0502251754,CierreMasivo 06Feb25,1,6,{* Hemos atendido tu aclaración y abonado el importe reclamado a tu cuenta. Valoramos tu elección como cliente en BanCoppel y esperamos seguir siendo tu elección para futuras compras. ¡Siempre estaremos aquí para ayudarte!,1
0502251718,CierreMasivo 06Feb25,1,6,{* Hemos atendido tu aclaración y abonado el importe reclamado a tu cuenta. Valoramos tu elección como cliente en BanCoppel y esperamos seguir siendo tu elección para futuras compras. ¡Siempre estaremos aquí para ayudarte!,1
0502250119,CierreMasivo 06Feb25,1,6,{* Hemos atendido tu aclaración y abonado el importe reclamado a tu cuenta. Valoramos tu elección como cliente en BanCoppel y esperamos seguir siendo tu elección para futuras compras. ¡Siempre estaremos aquí para ayudarte!,1
0502250128,CierreMasivo 06Feb25,1,6,{* Hemos atendido tu aclaración y abonado el importe reclamado a tu cuenta. Valoramos tu elección como cliente en BanCoppel y esperamos seguir siendo tu elección para futuras compras. ¡Siempre estaremos aquí para ayudarte!,1
0502250132,CierreMasivo 06Feb25,1,6,{* Hemos atendido tu aclaración y abonado el importe reclamado a tu cuenta. Valoramos tu elección como cliente en BanCoppel y esperamos seguir siendo tu elección para futuras compras. ¡Siempre estaremos aquí para ayudarte!,1
0502251031,CierreMasivo 06Feb25,1,6,{* Hemos atendido tu aclaración y abonado el importe reclamado a tu cuenta. Valoramos tu elección como cliente en BanCoppel y esperamos seguir siendo tu elección para futuras compras. ¡Siempre estaremos aquí para ayudarte!,1
0502251047,CierreMasivo 06Feb25,1,6,{* Hemos atendido tu aclaración y abonado el importe reclamado a tu cuenta. Valoramos tu elección como cliente en BanCoppel y esperamos seguir siendo tu elección para futuras compras. ¡Siempre estaremos aquí para ayudarte!,1
0502251064,CierreMasivo 06Feb25,1,6,{* Hemos atendido tu aclaración y abonado el importe reclamado a tu cuenta. Valoramos tu elección como cliente en BanCoppel y esperamos seguir siendo tu elección para futuras compras. ¡Siempre estaremos aquí para ayudarte!,1
0502250066,CierreMasivo 06Feb25,1,6,{* Hemos atendido tu aclaración y abonado el importe reclamado a tu cuenta. Valoramos tu elección como cliente en BanCoppel y esperamos seguir siendo tu elección para futuras compras. ¡Siempre estaremos aquí para ayudarte!,1
0502250073,CierreMasivo 06Feb25,1,6,{* Hemos atendido tu aclaración y abonado el importe reclamado a tu cuenta. Valoramos tu elección como cliente en BanCoppel y esperamos seguir siendo tu elección para futuras compras. ¡Siempre estaremos aquí para ayudarte!,1
0502250090,CierreMasivo 06Feb25,1,6,{* Hemos atendido tu aclaración y abonado el importe reclamado a tu cuenta. Valoramos tu elección como cliente en BanCoppel y esperamos seguir siendo tu elección para futuras compras. ¡Siempre estaremos aquí para ayudarte!,1
0502250072,CierreMasivo 06Feb25,1,6,{* Hemos atendido tu aclaración y abonado el importe reclamado a tu cuenta. Valoramos tu elección como cliente en BanCoppel y esperamos seguir siendo tu elección para futuras compras. ¡Siempre estaremos aquí para ayudarte!,1
0502250076,CierreMasivo 06Feb25,1,6,{* Hemos atendido tu aclaración y abonado el importe reclamado a tu cuenta. Valoramos tu elección como cliente en BanCoppel y esperamos seguir siendo tu elección para futuras compras. ¡Siempre estaremos aquí para ayudarte!,1
0502250095,CierreMasivo 06Feb25,1,6,{* Hemos atendido tu aclaración y abonado el importe reclamado a tu cuenta. Valoramos tu elección como cliente en BanCoppel y esperamos seguir siendo tu elección para futuras compras. ¡Siempre estaremos aquí para ayudarte!,1
0502250081,CierreMasivo 06Feb25,1,6,{* Hemos atendido tu aclaración y abonado el importe reclamado a tu cuenta. Valoramos tu elección como cliente en BanCoppel y esperamos seguir siendo tu elección para futuras compras. ¡Siempre estaremos aquí para ayudarte!,1
0502250063,CierreMasivo 06Feb25,1,6,{* Hemos atendido tu aclaración y abonado el importe reclamado a tu cuenta. Valoramos tu elección como cliente en BanCoppel y esperamos seguir siendo tu elección para futuras compras. ¡Siempre estaremos aquí para ayudarte!,1
0502250101,CierreMasivo 06Feb25,1,6,{* Hemos atendido tu aclaración y abonado el importe reclamado a tu cuenta. Valoramos tu elección como cliente en BanCoppel y esperamos seguir siendo tu elección para futuras compras. ¡Siempre estaremos aquí para ayudarte!,1
0502250085,CierreMasivo 06Feb25,1,6,{* Hemos atendido tu aclaración y abonado el importe reclamado a tu cuenta. Valoramos tu elección como cliente en BanCoppel y esperamos seguir siendo tu elección para futuras compras. ¡Siempre estaremos aquí para ayudarte!,1
0502250194,CierreMasivo 06Feb25,1,6,{* Hemos atendido tu aclaración y abonado el importe reclamado a tu cuenta. Valoramos tu elección como cliente en BanCoppel y esperamos seguir siendo tu elección para futuras compras. ¡Siempre estaremos aquí para ayudarte!,1
0502250537,CierreMasivo 06Feb25,1,6,{* Hemos atendido tu aclaración y abonado el importe reclamado a tu cuenta. Valoramos tu elección como cliente en BanCoppel y esperamos seguir siendo tu elección para futuras compras. ¡Siempre estaremos aquí para ayudarte!,1
0502250487,CierreMasivo 06Feb25,1,6,{* Hemos atendido tu aclaración y abonado el importe reclamado a tu cuenta. Valoramos tu elección como cliente en BanCoppel y esperamos seguir siendo tu elección para futuras compras. ¡Siempre estaremos aquí para ayudarte!,1
0502250510,CierreMasivo 06Feb25,1,6,{* Hemos atendido tu aclaración y abonado el importe reclamado a tu cuenta. Valoramos tu elección como cliente en BanCoppel y esperamos seguir siendo tu elección para futuras compras. ¡Siempre estaremos aquí para ayudarte!,1
0502253481,CierreMasivo 06Feb25,1,6,{* Hemos atendido tu aclaración y abonado el importe reclamado a tu cuenta. Valoramos tu elección como cliente en BanCoppel y esperamos seguir siendo tu elección para futuras compras. ¡Siempre estaremos aquí para ayudarte!,1
0502251837,CierreMasivo 06Feb25,1,6,{* Hemos atendido tu aclaración y abonado el importe reclamado a tu cuenta. Valoramos tu elección como cliente en BanCoppel y esperamos seguir siendo tu elección para futuras compras. ¡Siempre estaremos aquí para ayudarte!,1
0502251815,CierreMasivo 06Feb25,1,6,{* Hemos atendido tu aclaración y abonado el importe reclamado a tu cuenta. Valoramos tu elección como cliente en BanCoppel y esperamos seguir siendo tu elección para futuras compras. ¡Siempre estaremos aquí para ayudarte!,1
0502250228,CierreMasivo 06Feb25,1,6,{* Hemos atendido tu aclaración y abonado el importe reclamado a tu cuenta. Valoramos tu elección como cliente en BanCoppel y esperamos seguir siendo tu elección para futuras compras. ¡Siempre estaremos aquí para ayudarte!,1
0502251267,CierreMasivo 06Feb25,1,6,{* Hemos atendido tu aclaración y abonado el importe reclamado a tu cuenta. Valoramos tu elección como cliente en BanCoppel y esperamos seguir siendo tu elección para futuras compras. ¡Siempre estaremos aquí para ayudarte!,1
0502251575,CierreMasivo 06Feb25,1,6,{* Hemos atendido tu aclaración y abonado el importe reclamado a tu cuenta. Valoramos tu elección como cliente en BanCoppel y esperamos seguir siendo tu elección para futuras compras. ¡Siempre estaremos aquí para ayudarte!,1
0502251588,CierreMasivo 06Feb25,1,6,{* Hemos atendido tu aclaración y abonado el importe reclamado a tu cuenta. Valoramos tu elección como cliente en BanCoppel y esperamos seguir siendo tu elección para futuras compras. ¡Siempre estaremos aquí para ayudarte!,1
0502251603,CierreMasivo 06Feb25,1,6,{* Hemos atendido tu aclaración y abonado el importe reclamado a tu cuenta. Valoramos tu elección como cliente en BanCoppel y esperamos seguir siendo tu elección para futuras compras. ¡Siempre estaremos aquí para ayudarte!,1
0502251629,CierreMasivo 06Feb25,1,6,{* Hemos atendido tu aclaración y abonado el importe reclamado a tu cuenta. Valoramos tu elección como cliente en BanCoppel y esperamos seguir siendo tu elección para futuras compras. ¡Siempre estaremos aquí para ayudarte!,1
0502251345,CierreMasivo 06Feb25,1,6,{* Hemos atendido tu aclaración y abonado el importe reclamado a tu cuenta. Valoramos tu elección como cliente en BanCoppel y esperamos seguir siendo tu elección para futuras compras. ¡Siempre estaremos aquí para ayudarte!,1
0502253339,CierreMasivo 06Feb25,1,6,{* Hemos atendido tu aclaración y abonado el importe reclamado a tu cuenta. Valoramos tu elección como cliente en BanCoppel y esperamos seguir siendo tu elección para futuras compras. ¡Siempre estaremos aquí para ayudarte!,1
0502253321,CierreMasivo 06Feb25,1,6,{* Hemos atendido tu aclaración y abonado el importe reclamado a tu cuenta. Valoramos tu elección como cliente en BanCoppel y esperamos seguir siendo tu elección para futuras compras. ¡Siempre estaremos aquí para ayudarte!,1
0502250710,CierreMasivo 06Feb25,1,6,{* Hemos atendido tu aclaración y abonado el importe reclamado a tu cuenta. Valoramos tu elección como cliente en BanCoppel y esperamos seguir siendo tu elección para futuras compras. ¡Siempre estaremos aquí para ayudarte!,1
0502250736,CierreMasivo 06Feb25,1,6,{* Hemos atendido tu aclaración y abonado el importe reclamado a tu cuenta. Valoramos tu elección como cliente en BanCoppel y esperamos seguir siendo tu elección para futuras compras. ¡Siempre estaremos aquí para ayudarte!,1
0502251194,CierreMasivo 06Feb25,1,6,{* Hemos atendido tu aclaración y abonado el importe reclamado a tu cuenta. Valoramos tu elección como cliente en BanCoppel y esperamos seguir siendo tu elección para futuras compras. ¡Siempre estaremos aquí para ayudarte!,1
0502252265,CierreMasivo 06Feb25,1,6,{* Hemos atendido tu aclaración y abonado el importe reclamado a tu cuenta. Valoramos tu elección como cliente en BanCoppel y esperamos seguir siendo tu elección para futuras compras. ¡Siempre estaremos aquí para ayudarte!,1
0502252199,CierreMasivo 06Feb25,1,6,{* Hemos atendido tu aclaración y abonado el importe reclamado a tu cuenta. Valoramos tu elección como cliente en BanCoppel y esperamos seguir siendo tu elección para futuras compras. ¡Siempre estaremos aquí para ayudarte!,1
0502253058,CierreMasivo 06Feb25,1,6,{* Hemos atendido tu aclaración y abonado el importe reclamado a tu cuenta. Valoramos tu elección como cliente en BanCoppel y esperamos seguir siendo tu elección para futuras compras. ¡Siempre estaremos aquí para ayudarte!,1
0502253051,CierreMasivo 06Feb25,1,6,{* Hemos atendido tu aclaración y abonado el importe reclamado a tu cuenta. Valoramos tu elección como cliente en BanCoppel y esperamos seguir siendo tu elección para futuras compras. ¡Siempre estaremos aquí para ayudarte!,1
0502253068,CierreMasivo 06Feb25,1,6,{* Hemos atendido tu aclaración y abonado el importe reclamado a tu cuenta. Valoramos tu elección como cliente en BanCoppel y esperamos seguir siendo tu elección para futuras compras. ¡Siempre estaremos aquí para ayudarte!,1
0502252872,CierreMasivo 06Feb25,1,6,{* Hemos atendido tu aclaración y abonado el importe reclamado a tu cuenta. Valoramos tu elección como cliente en BanCoppel y esperamos seguir siendo tu elección para futuras compras. ¡Siempre estaremos aquí para ayudarte!,1
0502252987,CierreMasivo 06Feb25,1,6,{* Hemos atendido tu aclaración y abonado el importe reclamado a tu cuenta. Valoramos tu elección como cliente en BanCoppel y esperamos seguir siendo tu elección para futuras compras. ¡Siempre estaremos aquí para ayudarte!,1
0502252858,CierreMasivo 06Feb25,1,6,{* Hemos atendido tu aclaración y abonado el importe reclamado a tu cuenta. Valoramos tu elección como cliente en BanCoppel y esperamos seguir siendo tu elección para futuras compras. ¡Siempre estaremos aquí para ayudarte!,1
0502250463,CierreMasivo 06Feb25,1,6,{* Hemos atendido tu aclaración y abonado el importe reclamado a tu cuenta. Valoramos tu elección como cliente en BanCoppel y esperamos seguir siendo tu elección para futuras compras. ¡Siempre estaremos aquí para ayudarte!,1
0502250471,CierreMasivo 06Feb25,1,6,{* Hemos atendido tu aclaración y abonado el importe reclamado a tu cuenta. Valoramos tu elección como cliente en BanCoppel y esperamos seguir siendo tu elección para futuras compras. ¡Siempre estaremos aquí para ayudarte!,1
0502250450,CierreMasivo 06Feb25,1,6,{* Hemos atendido tu aclaración y abonado el importe reclamado a tu cuenta. Valoramos tu elección como cliente en BanCoppel y esperamos seguir siendo tu elección para futuras compras. ¡Siempre estaremos aquí para ayudarte!,1
0502251121,CierreMasivo 06Feb25,1,6,{* Hemos atendido tu aclaración y abonado el importe reclamado a tu cuenta. Valoramos tu elección como cliente en BanCoppel y esperamos seguir siendo tu elección para futuras compras. ¡Siempre estaremos aquí para ayudarte!,1
0502251135,CierreMasivo 06Feb25,1,6,{* Hemos atendido tu aclaración y abonado el importe reclamado a tu cuenta. Valoramos tu elección como cliente en BanCoppel y esperamos seguir siendo tu elección para futuras compras. ¡Siempre estaremos aquí para ayudarte!,1
0502253253,CierreMasivo 06Feb25,1,6,{* Hemos atendido tu aclaración y abonado el importe reclamado a tu cuenta. Valoramos tu elección como cliente en BanCoppel y esperamos seguir siendo tu elección para futuras compras. ¡Siempre estaremos aquí para ayudarte!,1
0502253261,CierreMasivo 06Feb25,1,6,{* Hemos atendido tu aclaración y abonado el importe reclamado a tu cuenta. Valoramos tu elección como cliente en BanCoppel y esperamos seguir siendo tu elección para futuras compras. ¡Siempre estaremos aquí para ayudarte!,1
0502253269,CierreMasivo 06Feb25,1,6,{* Hemos atendido tu aclaración y abonado el importe reclamado a tu cuenta. Valoramos tu elección como cliente en BanCoppel y esperamos seguir siendo tu elección para futuras compras. ¡Siempre estaremos aquí para ayudarte!,1
0502252351,CierreMasivo 06Feb25,1,6,{* Hemos atendido tu aclaración y abonado el importe reclamado a tu cuenta. Valoramos tu elección como cliente en BanCoppel y esperamos seguir siendo tu elección para futuras compras. ¡Siempre estaremos aquí para ayudarte!,1
0502252421,CierreMasivo 06Feb25,1,6,{* Hemos atendido tu aclaración y abonado el importe reclamado a tu cuenta. Valoramos tu elección como cliente en BanCoppel y esperamos seguir siendo tu elección para futuras compras. ¡Siempre estaremos aquí para ayudarte!,1
0502252449,CierreMasivo 06Feb25,1,6,{* Hemos atendido tu aclaración y abonado el importe reclamado a tu cuenta. Valoramos tu elección como cliente en BanCoppel y esperamos seguir siendo tu elección para futuras compras. ¡Siempre estaremos aquí para ayudarte!,1
0502252475,CierreMasivo 06Feb25,1,6,{* Hemos atendido tu aclaración y abonado el importe reclamado a tu cuenta. Valoramos tu elección como cliente en BanCoppel y esperamos seguir siendo tu elección para futuras compras. ¡Siempre estaremos aquí para ayudarte!,1
0502252395,CierreMasivo 06Feb25,1,6,{* Hemos atendido tu aclaración y abonado el importe reclamado a tu cuenta. Valoramos tu elección como cliente en BanCoppel y esperamos seguir siendo tu elección para futuras compras. ¡Siempre estaremos aquí para ayudarte!,1
0502253556,CierreMasivo 06Feb25,1,6,{* Hemos atendido tu aclaración y abonado el importe reclamado a tu cuenta. Valoramos tu elección como cliente en BanCoppel y esperamos seguir siendo tu elección para futuras compras. ¡Siempre estaremos aquí para ayudarte!,1
0502253560,CierreMasivo 06Feb25,1,6,{* Hemos atendido tu aclaración y abonado el importe reclamado a tu cuenta. Valoramos tu elección como cliente en BanCoppel y esperamos seguir siendo tu elección para futuras compras. ¡Siempre estaremos aquí para ayudarte!,1
0502250167,CierreMasivo 06Feb25,1,6,{* Hemos atendido tu aclaración y abonado el importe reclamado a tu cuenta. Valoramos tu elección como cliente en BanCoppel y esperamos seguir siendo tu elección para futuras compras. ¡Siempre estaremos aquí para ayudarte!,1
0502250174,CierreMasivo 06Feb25,1,6,{* Hemos atendido tu aclaración y abonado el importe reclamado a tu cuenta. Valoramos tu elección como cliente en BanCoppel y esperamos seguir siendo tu elección para futuras compras. ¡Siempre estaremos aquí para ayudarte!,1
0502250162,CierreMasivo 06Feb25,1,6,{* Hemos atendido tu aclaración y abonado el importe reclamado a tu cuenta. Valoramos tu elección como cliente en BanCoppel y esperamos seguir siendo tu elección para futuras compras. ¡Siempre estaremos aquí para ayudarte!,1
0502252145,CierreMasivo 06Feb25,1,6,{* Hemos atendido tu aclaración y abonado el importe reclamado a tu cuenta. Valoramos tu elección como cliente en BanCoppel y esperamos seguir siendo tu elección para futuras compras. ¡Siempre estaremos aquí para ayudarte!,1
0502252249,CierreMasivo 06Feb25,1,6,{* Hemos atendido tu aclaración y abonado el importe reclamado a tu cuenta. Valoramos tu elección como cliente en BanCoppel y esperamos seguir siendo tu elección para futuras compras. ¡Siempre estaremos aquí para ayudarte!,1
0502252190,CierreMasivo 06Feb25,1,6,{* Hemos atendido tu aclaración y abonado el importe reclamado a tu cuenta. Valoramos tu elección como cliente en BanCoppel y esperamos seguir siendo tu elección para futuras compras. ¡Siempre estaremos aquí para ayudarte!,1
0502253244,CierreMasivo 06Feb25,1,6,{* Hemos atendido tu aclaración y abonado el importe reclamado a tu cuenta. Valoramos tu elección como cliente en BanCoppel y esperamos seguir siendo tu elección para futuras compras. ¡Siempre estaremos aquí para ayudarte!,1
0502252458,CierreMasivo 06Feb25,1,6,{* Hemos atendido tu aclaración y abonado el importe reclamado a tu cuenta. Valoramos tu elección como cliente en BanCoppel y esperamos seguir siendo tu elección para futuras compras. ¡Siempre estaremos aquí para ayudarte!,1
0502252467,CierreMasivo 06Feb25,1,6,{* Hemos atendido tu aclaración y abonado el importe reclamado a tu cuenta. Valoramos tu elección como cliente en BanCoppel y esperamos seguir siendo tu elección para futuras compras. ¡Siempre estaremos aquí para ayudarte!,1
0502252488,CierreMasivo 06Feb25,1,6,{* Hemos atendido tu aclaración y abonado el importe reclamado a tu cuenta. Valoramos tu elección como cliente en BanCoppel y esperamos seguir siendo tu elección para futuras compras. ¡Siempre estaremos aquí para ayudarte!,1
0502251436,CierreMasivo 06Feb25,1,6,{* Hemos atendido tu aclaración y abonado el importe reclamado a tu cuenta. Valoramos tu elección como cliente en BanCoppel y esperamos seguir siendo tu elección para futuras compras. ¡Siempre estaremos aquí para ayudarte!,1
0502251001,CierreMasivo 06Feb25,1,6,{* Hemos atendido tu aclaración y abonado el importe reclamado a tu cuenta. Valoramos tu elección como cliente en BanCoppel y esperamos seguir siendo tu elección para futuras compras. ¡Siempre estaremos aquí para ayudarte!,1
0502251086,CierreMasivo 06Feb25,1,6,{* Hemos atendido tu aclaración y abonado el importe reclamado a tu cuenta. Valoramos tu elección como cliente en BanCoppel y esperamos seguir siendo tu elección para futuras compras. ¡Siempre estaremos aquí para ayudarte!,1
0502251070,CierreMasivo 06Feb25,1,6,{* Hemos atendido tu aclaración y abonado el importe reclamado a tu cuenta. Valoramos tu elección como cliente en BanCoppel y esperamos seguir siendo tu elección para futuras compras. ¡Siempre estaremos aquí para ayudarte!,1
0502251107,CierreMasivo 06Feb25,1,6,{* Hemos atendido tu aclaración y abonado el importe reclamado a tu cuenta. Valoramos tu elección como cliente en BanCoppel y esperamos seguir siendo tu elección para futuras compras. ¡Siempre estaremos aquí para ayudarte!,1
0502251029,CierreMasivo 06Feb25,1,6,{* Hemos atendido tu aclaración y abonado el importe reclamado a tu cuenta. Valoramos tu elección como cliente en BanCoppel y esperamos seguir siendo tu elección para futuras compras. ¡Siempre estaremos aquí para ayudarte!,1
0502251056,CierreMasivo 06Feb25,1,6,{* Hemos atendido tu aclaración y abonado el importe reclamado a tu cuenta. Valoramos tu elección como cliente en BanCoppel y esperamos seguir siendo tu elección para futuras compras. ¡Siempre estaremos aquí para ayudarte!,1
0502253017,CierreMasivo 06Feb25,1,6,{* Hemos atendido tu aclaración y abonado el importe reclamado a tu cuenta. Valoramos tu elección como cliente en BanCoppel y esperamos seguir siendo tu elección para futuras compras. ¡Siempre estaremos aquí para ayudarte!,1
0502252711,CierreMasivo 06Feb25,1,6,{* Hemos atendido tu aclaración y abonado el importe reclamado a tu cuenta. Valoramos tu elección como cliente en BanCoppel y esperamos seguir siendo tu elección para futuras compras. ¡Siempre estaremos aquí para ayudarte!,1
0502252690,CierreMasivo 06Feb25,1,6,{* Hemos atendido tu aclaración y abonado el importe reclamado a tu cuenta. Valoramos tu elección como cliente en BanCoppel y esperamos seguir siendo tu elección para futuras compras. ¡Siempre estaremos aquí para ayudarte!,1
0502251667,CierreMasivo 06Feb25,1,6,{* Hemos atendido tu aclaración y abonado el importe reclamado a tu cuenta. Valoramos tu elección como cliente en BanCoppel y esperamos seguir siendo tu elección para futuras compras. ¡Siempre estaremos aquí para ayudarte!,1
0502251766,CierreMasivo 06Feb25,1,6,{* Hemos atendido tu aclaración y abonado el importe reclamado a tu cuenta. Valoramos tu elección como cliente en BanCoppel y esperamos seguir siendo tu elección para futuras compras. ¡Siempre estaremos aquí para ayudarte!,1
0502251745,CierreMasivo 06Feb25,1,6,{* Hemos atendido tu aclaración y abonado el importe reclamado a tu cuenta. Valoramos tu elección como cliente en BanCoppel y esperamos seguir siendo tu elección para futuras compras. ¡Siempre estaremos aquí para ayudarte!,1
0502251728,CierreMasivo 06Feb25,1,6,{* Hemos atendido tu aclaración y abonado el importe reclamado a tu cuenta. Valoramos tu elección como cliente en BanCoppel y esperamos seguir siendo tu elección para futuras compras. ¡Siempre estaremos aquí para ayudarte!,1
0502251622,CierreMasivo 06Feb25,1,6,{* Hemos atendido tu aclaración y abonado el importe reclamado a tu cuenta. Valoramos tu elección como cliente en BanCoppel y esperamos seguir siendo tu elección para futuras compras. ¡Siempre estaremos aquí para ayudarte!,1
0502251757,CierreMasivo 06Feb25,1,6,{* Hemos atendido tu aclaración y abonado el importe reclamado a tu cuenta. Valoramos tu elección como cliente en BanCoppel y esperamos seguir siendo tu elección para futuras compras. ¡Siempre estaremos aquí para ayudarte!,1
0502251716,CierreMasivo 06Feb25,1,6,{* Hemos atendido tu aclaración y abonado el importe reclamado a tu cuenta. Valoramos tu elección como cliente en BanCoppel y esperamos seguir siendo tu elección para futuras compras. ¡Siempre estaremos aquí para ayudarte!,1
0502251647,CierreMasivo 06Feb25,1,6,{* Hemos atendido tu aclaración y abonado el importe reclamado a tu cuenta. Valoramos tu elección como cliente en BanCoppel y esperamos seguir siendo tu elección para futuras compras. ¡Siempre estaremos aquí para ayudarte!,1
0502251691,CierreMasivo 06Feb25,1,6,{* Hemos atendido tu aclaración y abonado el importe reclamado a tu cuenta. Valoramos tu elección como cliente en BanCoppel y esperamos seguir siendo tu elección para futuras compras. ¡Siempre estaremos aquí para ayudarte!,1
0502251700,CierreMasivo 06Feb25,1,6,{* Hemos atendido tu aclaración y abonado el importe reclamado a tu cuenta. Valoramos tu elección como cliente en BanCoppel y esperamos seguir siendo tu elección para futuras compras. ¡Siempre estaremos aquí para ayudarte!,1
0502252486,CierreMasivo 06Feb25,1,6,{* Hemos atendido tu aclaración y abonado el importe reclamado a tu cuenta. Valoramos tu elección como cliente en BanCoppel y esperamos seguir siendo tu elección para futuras compras. ¡Siempre estaremos aquí para ayudarte!,1
0502252913,CierreMasivo 06Feb25,1,6,{* Hemos atendido tu aclaración y abonado el importe reclamado a tu cuenta. Valoramos tu elección como cliente en BanCoppel y esperamos seguir siendo tu elección para futuras compras. ¡Siempre estaremos aquí para ayudarte!,1
0502251198,CierreMasivo 06Feb25,1,6,{* Hemos atendido tu aclaración y abonado el importe reclamado a tu cuenta. Valoramos tu elección como cliente en BanCoppel y esperamos seguir siendo tu elección para futuras compras. ¡Siempre estaremos aquí para ayudarte!,1
0502251145,CierreMasivo 06Feb25,1,6,{* Hemos atendido tu aclaración y abonado el importe reclamado a tu cuenta. Valoramos tu elección como cliente en BanCoppel y esperamos seguir siendo tu elección para futuras compras. ¡Siempre estaremos aquí para ayudarte!,1
0502251179,CierreMasivo 06Feb25,1,6,{* Hemos atendido tu aclaración y abonado el importe reclamado a tu cuenta. Valoramos tu elección como cliente en BanCoppel y esperamos seguir siendo tu elección para futuras compras. ¡Siempre estaremos aquí para ayudarte!,1
0502251162,CierreMasivo 06Feb25,1,6,{* Hemos atendido tu aclaración y abonado el importe reclamado a tu cuenta. Valoramos tu elección como cliente en BanCoppel y esperamos seguir siendo tu elección para futuras compras. ¡Siempre estaremos aquí para ayudarte!,1
0502251246,CierreMasivo 06Feb25,1,6,{* Hemos atendido tu aclaración y abonado el importe reclamado a tu cuenta. Valoramos tu elección como cliente en BanCoppel y esperamos seguir siendo tu elección para futuras compras. ¡Siempre estaremos aquí para ayudarte!,1
0502251223,CierreMasivo 06Feb25,1,6,{* Hemos atendido tu aclaración y abonado el importe reclamado a tu cuenta. Valoramos tu elección como cliente en BanCoppel y esperamos seguir siendo tu elección para futuras compras. ¡Siempre estaremos aquí para ayudarte!,1
0502251975,CierreMasivo 06Feb25,1,6,{* Hemos atendido tu aclaración y abonado el importe reclamado a tu cuenta. Valoramos tu elección como cliente en BanCoppel y esperamos seguir siendo tu elección para futuras compras. ¡Siempre estaremos aquí para ayudarte!,1
0502251982,CierreMasivo 06Feb25,1,6,{* Hemos atendido tu aclaración y abonado el importe reclamado a tu cuenta. Valoramos tu elección como cliente en BanCoppel y esperamos seguir siendo tu elección para futuras compras. ¡Siempre estaremos aquí para ayudarte!,1
0502253302,CierreMasivo 06Feb25,1,6,{* Hemos atendido tu aclaración y abonado el importe reclamado a tu cuenta. Valoramos tu elección como cliente en BanCoppel y esperamos seguir siendo tu elección para futuras compras. ¡Siempre estaremos aquí para ayudarte!,1
0502253333,CierreMasivo 06Feb25,1,6,{* Hemos atendido tu aclaración y abonado el importe reclamado a tu cuenta. Valoramos tu elección como cliente en BanCoppel y esperamos seguir siendo tu elección para futuras compras. ¡Siempre estaremos aquí para ayudarte!,1
0502253345,CierreMasivo 06Feb25,1,6,{* Hemos atendido tu aclaración y abonado el importe reclamado a tu cuenta. Valoramos tu elección como cliente en BanCoppel y esperamos seguir siendo tu elección para futuras compras. ¡Siempre estaremos aquí para ayudarte!,1
0502252970,CierreMasivo 06Feb25,1,6,{* Hemos atendido tu aclaración y abonado el importe reclamado a tu cuenta. Valoramos tu elección como cliente en BanCoppel y esperamos seguir siendo tu elección para futuras compras. ¡Siempre estaremos aquí para ayudarte!,1
0502252939,CierreMasivo 06Feb25,1,6,{* Hemos atendido tu aclaración y abonado el importe reclamado a tu cuenta. Valoramos tu elección como cliente en BanCoppel y esperamos seguir siendo tu elección para futuras compras. ¡Siempre estaremos aquí para ayudarte!,1
0502252904,CierreMasivo 06Feb25,1,6,{* Hemos atendido tu aclaración y abonado el importe reclamado a tu cuenta. Valoramos tu elección como cliente en BanCoppel y esperamos seguir siendo tu elección para futuras compras. ¡Siempre estaremos aquí para ayudarte!,1
0502252955,CierreMasivo 06Feb25,1,6,{* Hemos atendido tu aclaración y abonado el importe reclamado a tu cuenta. Valoramos tu elección como cliente en BanCoppel y esperamos seguir siendo tu elección para futuras compras. ¡Siempre estaremos aquí para ayudarte!,1
0502250377,CierreMasivo 06Feb25,1,6,{* Hemos atendido tu aclaración y abonado el importe reclamado a tu cuenta. Valoramos tu elección como cliente en BanCoppel y esperamos seguir siendo tu elección para futuras compras. ¡Siempre estaremos aquí para ayudarte!,1
0502250391,CierreMasivo 06Feb25,1,6,{* Hemos atendido tu aclaración y abonado el importe reclamado a tu cuenta. Valoramos tu elección como cliente en BanCoppel y esperamos seguir siendo tu elección para futuras compras. ¡Siempre estaremos aquí para ayudarte!,1
0502250383,CierreMasivo 06Feb25,1,6,{* Hemos atendido tu aclaración y abonado el importe reclamado a tu cuenta. Valoramos tu elección como cliente en BanCoppel y esperamos seguir siendo tu elección para futuras compras. ¡Siempre estaremos aquí para ayudarte!,1
0502252343,CierreMasivo 06Feb25,1,6,{* Hemos atendido tu aclaración y abonado el importe reclamado a tu cuenta. Valoramos tu elección como cliente en BanCoppel y esperamos seguir siendo tu elección para futuras compras. ¡Siempre estaremos aquí para ayudarte!,1
0502252322,CierreMasivo 06Feb25,1,6,{* Hemos atendido tu aclaración y abonado el importe reclamado a tu cuenta. Valoramos tu elección como cliente en BanCoppel y esperamos seguir siendo tu elección para futuras compras. ¡Siempre estaremos aquí para ayudarte!,1
0502252295,CierreMasivo 06Feb25,1,6,{* Hemos atendido tu aclaración y abonado el importe reclamado a tu cuenta. Valoramos tu elección como cliente en BanCoppel y esperamos seguir siendo tu elección para futuras compras. ¡Siempre estaremos aquí para ayudarte!,1
0502252585,CierreMasivo 06Feb25,1,6,{* Hemos atendido tu aclaración y abonado el importe reclamado a tu cuenta. Valoramos tu elección como cliente en BanCoppel y esperamos seguir siendo tu elección para futuras compras. ¡Siempre estaremos aquí para ayudarte!,1
0502252611,CierreMasivo 06Feb25,1,6,{* Hemos atendido tu aclaración y abonado el importe reclamado a tu cuenta. Valoramos tu elección como cliente en BanCoppel y esperamos seguir siendo tu elección para futuras compras. ¡Siempre estaremos aquí para ayudarte!,1
0502253287,CierreMasivo 06Feb25,1,6,{* Hemos atendido tu aclaración y abonado el importe reclamado a tu cuenta. Valoramos tu elección como cliente en BanCoppel y esperamos seguir siendo tu elección para futuras compras. ¡Siempre estaremos aquí para ayudarte!,1
0502251843,CierreMasivo 06Feb25,1,6,{* Hemos atendido tu aclaración y abonado el importe reclamado a tu cuenta. Valoramos tu elección como cliente en BanCoppel y esperamos seguir siendo tu elección para futuras compras. ¡Siempre estaremos aquí para ayudarte!,1
0502251858,CierreMasivo 06Feb25,1,6,{* Hemos atendido tu aclaración y abonado el importe reclamado a tu cuenta. Valoramos tu elección como cliente en BanCoppel y esperamos seguir siendo tu elección para futuras compras. ¡Siempre estaremos aquí para ayudarte!,1
0502251871,CierreMasivo 06Feb25,1,6,{* Hemos atendido tu aclaración y abonado el importe reclamado a tu cuenta. Valoramos tu elección como cliente en BanCoppel y esperamos seguir siendo tu elección para futuras compras. ¡Siempre estaremos aquí para ayudarte!,1
0502252994,CierreMasivo 06Feb25,1,6,{* Hemos atendido tu aclaración y abonado el importe reclamado a tu cuenta. Valoramos tu elección como cliente en BanCoppel y esperamos seguir siendo tu elección para futuras compras. ¡Siempre estaremos aquí para ayudarte!,1
0502253001,CierreMasivo 06Feb25,1,6,{* Hemos atendido tu aclaración y abonado el importe reclamado a tu cuenta. Valoramos tu elección como cliente en BanCoppel y esperamos seguir siendo tu elección para futuras compras. ¡Siempre estaremos aquí para ayudarte!,1
0502250050,CierreMasivo 06Feb25,1,6,{* Hemos atendido tu aclaración y abonado el importe reclamado a tu cuenta. Valoramos tu elección como cliente en BanCoppel y esperamos seguir siendo tu elección para futuras compras. ¡Siempre estaremos aquí para ayudarte!,1
0502250046,CierreMasivo 06Feb25,1,6,{* Hemos atendido tu aclaración y abonado el importe reclamado a tu cuenta. Valoramos tu elección como cliente en BanCoppel y esperamos seguir siendo tu elección para futuras compras. ¡Siempre estaremos aquí para ayudarte!,1
0502250044,CierreMasivo 06Feb25,1,6,{* Hemos atendido tu aclaración y abonado el importe reclamado a tu cuenta. Valoramos tu elección como cliente en BanCoppel y esperamos seguir siendo tu elección para futuras compras. ¡Siempre estaremos aquí para ayudarte!,1
0502250794,CierreMasivo 06Feb25,1,6,{* Hemos atendido tu aclaración y abonado el importe reclamado a tu cuenta. Valoramos tu elección como cliente en BanCoppel y esperamos seguir siendo tu elección para futuras compras. ¡Siempre estaremos aquí para ayudarte!,1
0502250781,CierreMasivo 06Feb25,1,6,{* Hemos atendido tu aclaración y abonado el importe reclamado a tu cuenta. Valoramos tu elección como cliente en BanCoppel y esperamos seguir siendo tu elección para futuras compras. ¡Siempre estaremos aquí para ayudarte!,1
0502250771,CierreMasivo 06Feb25,1,6,{* Hemos atendido tu aclaración y abonado el importe reclamado a tu cuenta. Valoramos tu elección como cliente en BanCoppel y esperamos seguir siendo tu elección para futuras compras. ¡Siempre estaremos aquí para ayudarte!,1
0502252542,CierreMasivo 06Feb25,1,6,{* Hemos atendido tu aclaración y abonado el importe reclamado a tu cuenta. Valoramos tu elección como cliente en BanCoppel y esperamos seguir siendo tu elección para futuras compras. ¡Siempre estaremos aquí para ayudarte!,1
0502252561,CierreMasivo 06Feb25,1,6,{* Hemos atendido tu aclaración y abonado el importe reclamado a tu cuenta. Valoramos tu elección como cliente en BanCoppel y esperamos seguir siendo tu elección para futuras compras. ¡Siempre estaremos aquí para ayudarte!,1
0502252606,CierreMasivo 06Feb25,1,6,{* Hemos atendido tu aclaración y abonado el importe reclamado a tu cuenta. Valoramos tu elección como cliente en BanCoppel y esperamos seguir siendo tu elección para futuras compras. ¡Siempre estaremos aquí para ayudarte!,1
0502252581,CierreMasivo 06Feb25,1,6,{* Hemos atendido tu aclaración y abonado el importe reclamado a tu cuenta. Valoramos tu elección como cliente en BanCoppel y esperamos seguir siendo tu elección para futuras compras. ¡Siempre estaremos aquí para ayudarte!,1
0502250694,CierreMasivo 06Feb25,1,6,{* Hemos atendido tu aclaración y abonado el importe reclamado a tu cuenta. Valoramos tu elección como cliente en BanCoppel y esperamos seguir siendo tu elección para futuras compras. ¡Siempre estaremos aquí para ayudarte!,1
0502250707,CierreMasivo 06Feb25,1,6,{* Hemos atendido tu aclaración y abonado el importe reclamado a tu cuenta. Valoramos tu elección como cliente en BanCoppel y esperamos seguir siendo tu elección para futuras compras. ¡Siempre estaremos aquí para ayudarte!,1
0502252834,CierreMasivo 06Feb25,1,6,{* Hemos atendido tu aclaración y abonado el importe reclamado a tu cuenta. Valoramos tu elección como cliente en BanCoppel y esperamos seguir siendo tu elección para futuras compras. ¡Siempre estaremos aquí para ayudarte!,1
0502252870,CierreMasivo 06Feb25,1,6,{* Hemos atendido tu aclaración y abonado el importe reclamado a tu cuenta. Valoramos tu elección como cliente en BanCoppel y esperamos seguir siendo tu elección para futuras compras. ¡Siempre estaremos aquí para ayudarte!,1
0502252714,CierreMasivo 06Feb25,1,6,{* Hemos atendido tu aclaración y abonado el importe reclamado a tu cuenta. Valoramos tu elección como cliente en BanCoppel y esperamos seguir siendo tu elección para futuras compras. ¡Siempre estaremos aquí para ayudarte!,1
0502252739,CierreMasivo 06Feb25,1,6,{* Hemos atendido tu aclaración y abonado el importe reclamado a tu cuenta. Valoramos tu elección como cliente en BanCoppel y esperamos seguir siendo tu elección para futuras compras. ¡Siempre estaremos aquí para ayudarte!,1
0502252703,CierreMasivo 06Feb25,1,6,{* Hemos atendido tu aclaración y abonado el importe reclamado a tu cuenta. Valoramos tu elección como cliente en BanCoppel y esperamos seguir siendo tu elección para futuras compras. ¡Siempre estaremos aquí para ayudarte!,1
0502251365,CierreMasivo 06Feb25,1,6,{* Hemos atendido tu aclaración y abonado el importe reclamado a tu cuenta. Valoramos tu elección como cliente en BanCoppel y esperamos seguir siendo tu elección para futuras compras. ¡Siempre estaremos aquí para ayudarte!,1
0502251282,CierreMasivo 06Feb25,1,6,{* Hemos atendido tu aclaración y abonado el importe reclamado a tu cuenta. Valoramos tu elección como cliente en BanCoppel y esperamos seguir siendo tu elección para futuras compras. ¡Siempre estaremos aquí para ayudarte!,1
0502251432,CierreMasivo 06Feb25,1,6,{* Hemos atendido tu aclaración y abonado el importe reclamado a tu cuenta. Valoramos tu elección como cliente en BanCoppel y esperamos seguir siendo tu elección para futuras compras. ¡Siempre estaremos aquí para ayudarte!,1
0502251404,CierreMasivo 06Feb25,1,6,{* Hemos atendido tu aclaración y abonado el importe reclamado a tu cuenta. Valoramos tu elección como cliente en BanCoppel y esperamos seguir siendo tu elección para futuras compras. ¡Siempre estaremos aquí para ayudarte!,1
0502251309,CierreMasivo 06Feb25,1,6,{* Hemos atendido tu aclaración y abonado el importe reclamado a tu cuenta. Valoramos tu elección como cliente en BanCoppel y esperamos seguir siendo tu elección para futuras compras. ¡Siempre estaremos aquí para ayudarte!,1
0502251386,CierreMasivo 06Feb25,1,6,{* Hemos atendido tu aclaración y abonado el importe reclamado a tu cuenta. Valoramos tu elección como cliente en BanCoppel y esperamos seguir siendo tu elección para futuras compras. ¡Siempre estaremos aquí para ayudarte!,1
0502251459,CierreMasivo 06Feb25,1,6,{* Hemos atendido tu aclaración y abonado el importe reclamado a tu cuenta. Valoramos tu elección como cliente en BanCoppel y esperamos seguir siendo tu elección para futuras compras. ¡Siempre estaremos aquí para ayudarte!,1
0502250844,CierreMasivo 06Feb25,1,6,{* Hemos atendido tu aclaración y abonado el importe reclamado a tu cuenta. Valoramos tu elección como cliente en BanCoppel y esperamos seguir siendo tu elección para futuras compras. ¡Siempre estaremos aquí para ayudarte!,1
0502250803,CierreMasivo 06Feb25,1,6,{* Hemos atendido tu aclaración y abonado el importe reclamado a tu cuenta. Valoramos tu elección como cliente en BanCoppel y esperamos seguir siendo tu elección para futuras compras. ¡Siempre estaremos aquí para ayudarte!,1
0502250865,CierreMasivo 06Feb25,1,6,{* Hemos atendido tu aclaración y abonado el importe reclamado a tu cuenta. Valoramos tu elección como cliente en BanCoppel y esperamos seguir siendo tu elección para futuras compras. ¡Siempre estaremos aquí para ayudarte!,1
0502250830,CierreMasivo 06Feb25,1,6,{* Hemos atendido tu aclaración y abonado el importe reclamado a tu cuenta. Valoramos tu elección como cliente en BanCoppel y esperamos seguir siendo tu elección para futuras compras. ¡Siempre estaremos aquí para ayudarte!,1
0502250811,CierreMasivo 06Feb25,1,6,{* Hemos atendido tu aclaración y abonado el importe reclamado a tu cuenta. Valoramos tu elección como cliente en BanCoppel y esperamos seguir siendo tu elección para futuras compras. ¡Siempre estaremos aquí para ayudarte!,1
0502250836,CierreMasivo 06Feb25,1,6,{* Hemos atendido tu aclaración y abonado el importe reclamado a tu cuenta. Valoramos tu elección como cliente en BanCoppel y esperamos seguir siendo tu elección para futuras compras. ¡Siempre estaremos aquí para ayudarte!,1
0502250850,CierreMasivo 06Feb25,1,6,{* Hemos atendido tu aclaración y abonado el importe reclamado a tu cuenta. Valoramos tu elección como cliente en BanCoppel y esperamos seguir siendo tu elección para futuras compras. ¡Siempre estaremos aquí para ayudarte!,1
0502250860,CierreMasivo 06Feb25,1,6,{* Hemos atendido tu aclaración y abonado el importe reclamado a tu cuenta. Valoramos tu elección como cliente en BanCoppel y esperamos seguir siendo tu elección para futuras compras. ¡Siempre estaremos aquí para ayudarte!,1
0502250818,CierreMasivo 06Feb25,1,6,{* Hemos atendido tu aclaración y abonado el importe reclamado a tu cuenta. Valoramos tu elección como cliente en BanCoppel y esperamos seguir siendo tu elección para futuras compras. ¡Siempre estaremos aquí para ayudarte!,1
0502250827,CierreMasivo 06Feb25,1,6,{* Hemos atendido tu aclaración y abonado el importe reclamado a tu cuenta. Valoramos tu elección como cliente en BanCoppel y esperamos seguir siendo tu elección para futuras compras. ¡Siempre estaremos aquí para ayudarte!,1
0502252672,CierreMasivo 06Feb25,1,6,{* Hemos atendido tu aclaración y abonado el importe reclamado a tu cuenta. Valoramos tu elección como cliente en BanCoppel y esperamos seguir siendo tu elección para futuras compras. ¡Siempre estaremos aquí para ayudarte!,1
0502253361,CierreMasivo 06Feb25,1,6,{* Hemos atendido tu aclaración y abonado el importe reclamado a tu cuenta. Valoramos tu elección como cliente en BanCoppel y esperamos seguir siendo tu elección para futuras compras. ¡Siempre estaremos aquí para ayudarte!,1
0502250017,CierreMasivo 06Feb25,1,6,{* Hemos atendido tu aclaración y abonado el importe reclamado a tu cuenta. Valoramos tu elección como cliente en BanCoppel y esperamos seguir siendo tu elección para futuras compras. ¡Siempre estaremos aquí para ayudarte!,1
0502253082,CierreMasivo 06Feb25,1,6,{* Hemos atendido tu aclaración y abonado el importe reclamado a tu cuenta. Valoramos tu elección como cliente en BanCoppel y esperamos seguir siendo tu elección para futuras compras. ¡Siempre estaremos aquí para ayudarte!,1
0502251593,CierreMasivo 06Feb25,1,6,{* Hemos atendido tu aclaración y abonado el importe reclamado a tu cuenta. Valoramos tu elección como cliente en BanCoppel y esperamos seguir siendo tu elección para futuras compras. ¡Siempre estaremos aquí para ayudarte!,1
0502251899,CierreMasivo 06Feb25,1,6,{* Hemos atendido tu aclaración y abonado el importe reclamado a tu cuenta. Valoramos tu elección como cliente en BanCoppel y esperamos seguir siendo tu elección para futuras compras. ¡Siempre estaremos aquí para ayudarte!,1
0502251845,CierreMasivo 06Feb25,1,6,{* Hemos atendido tu aclaración y abonado el importe reclamado a tu cuenta. Valoramos tu elección como cliente en BanCoppel y esperamos seguir siendo tu elección para futuras compras. ¡Siempre estaremos aquí para ayudarte!,1
0502251065,CierreMasivo 06Feb25,1,6,{* Hemos atendido tu aclaración y abonado el importe reclamado a tu cuenta. Valoramos tu elección como cliente en BanCoppel y esperamos seguir siendo tu elección para futuras compras. ¡Siempre estaremos aquí para ayudarte!,1
0502251023,CierreMasivo 06Feb25,1,6,{* Hemos atendido tu aclaración y abonado el importe reclamado a tu cuenta. Valoramos tu elección como cliente en BanCoppel y esperamos seguir siendo tu elección para futuras compras. ¡Siempre estaremos aquí para ayudarte!,1
0502251055,CierreMasivo 06Feb25,1,6,{* Hemos atendido tu aclaración y abonado el importe reclamado a tu cuenta. Valoramos tu elección como cliente en BanCoppel y esperamos seguir siendo tu elección para futuras compras. ¡Siempre estaremos aquí para ayudarte!,1
0502252000,CierreMasivo 06Feb25,1,6,{* Hemos atendido tu aclaración y abonado el importe reclamado a tu cuenta. Valoramos tu elección como cliente en BanCoppel y esperamos seguir siendo tu elección para futuras compras. ¡Siempre estaremos aquí para ayudarte!,1
0502252931,CierreMasivo 06Feb25,1,6,{* Hemos atendido tu aclaración y abonado el importe reclamado a tu cuenta. Valoramos tu elección como cliente en BanCoppel y esperamos seguir siendo tu elección para futuras compras. ¡Siempre estaremos aquí para ayudarte!,1
0502252831,CierreMasivo 06Feb25,1,6,{* Hemos atendido tu aclaración y abonado el importe reclamado a tu cuenta. Valoramos tu elección como cliente en BanCoppel y esperamos seguir siendo tu elección para futuras compras. ¡Siempre estaremos aquí para ayudarte!,1
0502252549,CierreMasivo 06Feb25,1,6,{* Hemos atendido tu aclaración y abonado el importe reclamado a tu cuenta. Valoramos tu elección como cliente en BanCoppel y esperamos seguir siendo tu elección para futuras compras. ¡Siempre estaremos aquí para ayudarte!,1
0502252879,CierreMasivo 06Feb25,1,6,{* Hemos atendido tu aclaración y abonado el importe reclamado a tu cuenta. Valoramos tu elección como cliente en BanCoppel y esperamos seguir siendo tu elección para futuras compras. ¡Siempre estaremos aquí para ayudarte!,1
0502252821,CierreMasivo 06Feb25,1,6,{* Hemos atendido tu aclaración y abonado el importe reclamado a tu cuenta. Valoramos tu elección como cliente en BanCoppel y esperamos seguir siendo tu elección para futuras compras. ¡Siempre estaremos aquí para ayudarte!,1
0502252577,CierreMasivo 06Feb25,1,6,{* Hemos atendido tu aclaración y abonado el importe reclamado a tu cuenta. Valoramos tu elección como cliente en BanCoppel y esperamos seguir siendo tu elección para futuras compras. ¡Siempre estaremos aquí para ayudarte!,1
0502252853,CierreMasivo 06Feb25,1,6,{* Hemos atendido tu aclaración y abonado el importe reclamado a tu cuenta. Valoramos tu elección como cliente en BanCoppel y esperamos seguir siendo tu elección para futuras compras. ¡Siempre estaremos aquí para ayudarte!,1
0502252259,CierreMasivo 06Feb25,1,6,{* Hemos atendido tu aclaración y abonado el importe reclamado a tu cuenta. Valoramos tu elección como cliente en BanCoppel y esperamos seguir siendo tu elección para futuras compras. ¡Siempre estaremos aquí para ayudarte!,1
0502250057,CierreMasivo 06Feb25,1,6,{* Hemos atendido tu aclaración y abonado el importe reclamado a tu cuenta. Valoramos tu elección como cliente en BanCoppel y esperamos seguir siendo tu elección para futuras compras. ¡Siempre estaremos aquí para ayudarte!,1
0502250061,CierreMasivo 06Feb25,1,6,{* Hemos atendido tu aclaración y abonado el importe reclamado a tu cuenta. Valoramos tu elección como cliente en BanCoppel y esperamos seguir siendo tu elección para futuras compras. ¡Siempre estaremos aquí para ayudarte!,1
0502250065,CierreMasivo 06Feb25,1,6,{* Hemos atendido tu aclaración y abonado el importe reclamado a tu cuenta. Valoramos tu elección como cliente en BanCoppel y esperamos seguir siendo tu elección para futuras compras. ¡Siempre estaremos aquí para ayudarte!,1
0502250055,CierreMasivo 06Feb25,1,6,{* Hemos atendido tu aclaración y abonado el importe reclamado a tu cuenta. Valoramos tu elección como cliente en BanCoppel y esperamos seguir siendo tu elección para futuras compras. ¡Siempre estaremos aquí para ayudarte!,1
0502253238,CierreMasivo 06Feb25,1,6,{* Hemos atendido tu aclaración y abonado el importe reclamado a tu cuenta. Valoramos tu elección como cliente en BanCoppel y esperamos seguir siendo tu elección para futuras compras. ¡Siempre estaremos aquí para ayudarte!,1
0502253232,CierreMasivo 06Feb25,1,6,{* Hemos atendido tu aclaración y abonado el importe reclamado a tu cuenta. Valoramos tu elección como cliente en BanCoppel y esperamos seguir siendo tu elección para futuras compras. ¡Siempre estaremos aquí para ayudarte!,1
0502253217,CierreMasivo 06Feb25,1,6,{* Hemos atendido tu aclaración y abonado el importe reclamado a tu cuenta. Valoramos tu elección como cliente en BanCoppel y esperamos seguir siendo tu elección para futuras compras. ¡Siempre estaremos aquí para ayudarte!,1
0502253189,CierreMasivo 06Feb25,1,6,{* Hemos atendido tu aclaración y abonado el importe reclamado a tu cuenta. Valoramos tu elección como cliente en BanCoppel y esperamos seguir siendo tu elección para futuras compras. ¡Siempre estaremos aquí para ayudarte!,1
0502253205,CierreMasivo 06Feb25,1,6,{* Hemos atendido tu aclaración y abonado el importe reclamado a tu cuenta. Valoramos tu elección como cliente en BanCoppel y esperamos seguir siendo tu elección para futuras compras. ¡Siempre estaremos aquí para ayudarte!,1
0502252462,CierreMasivo 06Feb25,1,6,{* Hemos atendido tu aclaración y abonado el importe reclamado a tu cuenta. Valoramos tu elección como cliente en BanCoppel y esperamos seguir siendo tu elección para futuras compras. ¡Siempre estaremos aquí para ayudarte!,1
0502252472,CierreMasivo 06Feb25,1,6,{* Hemos atendido tu aclaración y abonado el importe reclamado a tu cuenta. Valoramos tu elección como cliente en BanCoppel y esperamos seguir siendo tu elección para futuras compras. ¡Siempre estaremos aquí para ayudarte!,1
0502252490,CierreMasivo 06Feb25,1,6,{* Hemos atendido tu aclaración y abonado el importe reclamado a tu cuenta. Valoramos tu elección como cliente en BanCoppel y esperamos seguir siendo tu elección para futuras compras. ¡Siempre estaremos aquí para ayudarte!,1
0502252481,CierreMasivo 06Feb25,1,6,{* Hemos atendido tu aclaración y abonado el importe reclamado a tu cuenta. Valoramos tu elección como cliente en BanCoppel y esperamos seguir siendo tu elección para futuras compras. ¡Siempre estaremos aquí para ayudarte!,1
0502252502,CierreMasivo 06Feb25,1,6,{* Hemos atendido tu aclaración y abonado el importe reclamado a tu cuenta. Valoramos tu elección como cliente en BanCoppel y esperamos seguir siendo tu elección para futuras compras. ¡Siempre estaremos aquí para ayudarte!,1
0502252518,CierreMasivo 06Feb25,1,6,{* Hemos atendido tu aclaración y abonado el importe reclamado a tu cuenta. Valoramos tu elección como cliente en BanCoppel y esperamos seguir siendo tu elección para futuras compras. ¡Siempre estaremos aquí para ayudarte!,1
0502251308,CierreMasivo 06Feb25,1,6,{* Hemos atendido tu aclaración y abonado el importe reclamado a tu cuenta. Valoramos tu elección como cliente en BanCoppel y esperamos seguir siendo tu elección para futuras compras. ¡Siempre estaremos aquí para ayudarte!,1
0502250358,CierreMasivo 06Feb25,1,6,{* Hemos atendido tu aclaración y abonado el importe reclamado a tu cuenta. Valoramos tu elección como cliente en BanCoppel y esperamos seguir siendo tu elección para futuras compras. ¡Siempre estaremos aquí para ayudarte!,1
0502252398,CierreMasivo 06Feb25,1,6,{* Hemos atendido tu aclaración y abonado el importe reclamado a tu cuenta. Valoramos tu elección como cliente en BanCoppel y esperamos seguir siendo tu elección para futuras compras. ¡Siempre estaremos aquí para ayudarte!,1
0502252379,CierreMasivo 06Feb25,1,6,{* Hemos atendido tu aclaración y abonado el importe reclamado a tu cuenta. Valoramos tu elección como cliente en BanCoppel y esperamos seguir siendo tu elección para futuras compras. ¡Siempre estaremos aquí para ayudarte!,1
0502252408,CierreMasivo 06Feb25,1,6,{* Hemos atendido tu aclaración y abonado el importe reclamado a tu cuenta. Valoramos tu elección como cliente en BanCoppel y esperamos seguir siendo tu elección para futuras compras. ¡Siempre estaremos aquí para ayudarte!,1
0502251824,CierreMasivo 06Feb25,1,6,{* Hemos atendido tu aclaración y abonado el importe reclamado a tu cuenta. Valoramos tu elección como cliente en BanCoppel y esperamos seguir siendo tu elección para futuras compras. ¡Siempre estaremos aquí para ayudarte!,1
0502251137,CierreMasivo 06Feb25,1,6,{* Hemos atendido tu aclaración y abonado el importe reclamado a tu cuenta. Valoramos tu elección como cliente en BanCoppel y esperamos seguir siendo tu elección para futuras compras. ¡Siempre estaremos aquí para ayudarte!,1
0502251024,CierreMasivo 06Feb25,1,6,{* Hemos atendido tu aclaración y abonado el importe reclamado a tu cuenta. Valoramos tu elección como cliente en BanCoppel y esperamos seguir siendo tu elección para futuras compras. ¡Siempre estaremos aquí para ayudarte!,1
0502251539,CierreMasivo 06Feb25,1,6,{* Hemos atendido tu aclaración y abonado el importe reclamado a tu cuenta. Valoramos tu elección como cliente en BanCoppel y esperamos seguir siendo tu elección para futuras compras. ¡Siempre estaremos aquí para ayudarte!,1
0502251552,CierreMasivo 06Feb25,1,6,{* Hemos atendido tu aclaración y abonado el importe reclamado a tu cuenta. Valoramos tu elección como cliente en BanCoppel y esperamos seguir siendo tu elección para futuras compras. ¡Siempre estaremos aquí para ayudarte!,1
0502250509,CierreMasivo 06Feb25,1,6,{* Hemos atendido tu aclaración y abonado el importe reclamado a tu cuenta. Valoramos tu elección como cliente en BanCoppel y esperamos seguir siendo tu elección para futuras compras. ¡Siempre estaremos aquí para ayudarte!,1
0502250554,CierreMasivo 06Feb25,1,6,{* Hemos atendido tu aclaración y abonado el importe reclamado a tu cuenta. Valoramos tu elección como cliente en BanCoppel y esperamos seguir siendo tu elección para futuras compras. ¡Siempre estaremos aquí para ayudarte!,1
0502250616,CierreMasivo 06Feb25,1,6,{* Hemos atendido tu aclaración y abonado el importe reclamado a tu cuenta. Valoramos tu elección como cliente en BanCoppel y esperamos seguir siendo tu elección para futuras compras. ¡Siempre estaremos aquí para ayudarte!,1
0502251433,CierreMasivo 06Feb25,1,6,{* Hemos atendido tu aclaración y abonado el importe reclamado a tu cuenta. Valoramos tu elección como cliente en BanCoppel y esperamos seguir siendo tu elección para futuras compras. ¡Siempre estaremos aquí para ayudarte!,1
0502250767,CierreMasivo 06Feb25,1,6,{* Hemos atendido tu aclaración y abonado el importe reclamado a tu cuenta. Valoramos tu elección como cliente en BanCoppel y esperamos seguir siendo tu elección para futuras compras. ¡Siempre estaremos aquí para ayudarte!,1
0502250536,CierreMasivo 06Feb25,1,6,{* Hemos atendido tu aclaración y abonado el importe reclamado a tu cuenta. Valoramos tu elección como cliente en BanCoppel y esperamos seguir siendo tu elección para futuras compras. ¡Siempre estaremos aquí para ayudarte!,1
0502252369,CierreMasivo 06Feb25,1,6,{* Hemos atendido tu aclaración y abonado el importe reclamado a tu cuenta. Valoramos tu elección como cliente en BanCoppel y esperamos seguir siendo tu elección para futuras compras. ¡Siempre estaremos aquí para ayudarte!,1
0502252394,CierreMasivo 06Feb25,1,6,{* Hemos atendido tu aclaración y abonado el importe reclamado a tu cuenta. Valoramos tu elección como cliente en BanCoppel y esperamos seguir siendo tu elección para futuras compras. ¡Siempre estaremos aquí para ayudarte!,1
0502250270,CierreMasivo 06Feb25,1,6,{* Hemos atendido tu aclaración y abonado el importe reclamado a tu cuenta. Valoramos tu elección como cliente en BanCoppel y esperamos seguir siendo tu elección para futuras compras. ¡Siempre estaremos aquí para ayudarte!,1
0502250325,CierreMasivo 06Feb25,1,6,{* Hemos atendido tu aclaración y abonado el importe reclamado a tu cuenta. Valoramos tu elección como cliente en BanCoppel y esperamos seguir siendo tu elección para futuras compras. ¡Siempre estaremos aquí para ayudarte!,1
0502250486,CierreMasivo 06Feb25,1,6,{* Hemos atendido tu aclaración y abonado el importe reclamado a tu cuenta. Valoramos tu elección como cliente en BanCoppel y esperamos seguir siendo tu elección para futuras compras. ¡Siempre estaremos aquí para ayudarte!,1
0502250224,CierreMasivo 06Feb25,1,6,{* Hemos atendido tu aclaración y abonado el importe reclamado a tu cuenta. Valoramos tu elección como cliente en BanCoppel y esperamos seguir siendo tu elección para futuras compras. ¡Siempre estaremos aquí para ayudarte!,1
0502250035,CierreMasivo 06Feb25,1,6,{* Hemos atendido tu aclaración y abonado el importe reclamado a tu cuenta. Valoramos tu elección como cliente en BanCoppel y esperamos seguir siendo tu elección para futuras compras. ¡Siempre estaremos aquí para ayudarte!,1
0502250030,CierreMasivo 06Feb25,1,6,{* Hemos atendido tu aclaración y abonado el importe reclamado a tu cuenta. Valoramos tu elección como cliente en BanCoppel y esperamos seguir siendo tu elección para futuras compras. ¡Siempre estaremos aquí para ayudarte!,1
0502252473,CierreMasivo 06Feb25,1,6,{* Hemos atendido tu aclaración y abonado el importe reclamado a tu cuenta. Valoramos tu elección como cliente en BanCoppel y esperamos seguir siendo tu elección para futuras compras. ¡Siempre estaremos aquí para ayudarte!,1
0502252765,CierreMasivo 06Feb25,1,6,{* Hemos atendido tu aclaración y abonado el importe reclamado a tu cuenta. Valoramos tu elección como cliente en BanCoppel y esperamos seguir siendo tu elección para futuras compras. ¡Siempre estaremos aquí para ayudarte!,1
0502252787,CierreMasivo 06Feb25,1,6,{* Hemos atendido tu aclaración y abonado el importe reclamado a tu cuenta. Valoramos tu elección como cliente en BanCoppel y esperamos seguir siendo tu elección para futuras compras. ¡Siempre estaremos aquí para ayudarte!,1
0502250039,CierreMasivo 06Feb25,1,6,{* Hemos atendido tu aclaración y abonado el importe reclamado a tu cuenta. Valoramos tu elección como cliente en BanCoppel y esperamos seguir siendo tu elección para futuras compras. ¡Siempre estaremos aquí para ayudarte!,1
0502252729,CierreMasivo 06Feb25,1,6,{* Hemos atendido tu aclaración y abonado el importe reclamado a tu cuenta. Valoramos tu elección como cliente en BanCoppel y esperamos seguir siendo tu elección para futuras compras. ¡Siempre estaremos aquí para ayudarte!,1
0502252746,CierreMasivo 06Feb25,1,6,{* Hemos atendido tu aclaración y abonado el importe reclamado a tu cuenta. Valoramos tu elección como cliente en BanCoppel y esperamos seguir siendo tu elección para futuras compras. ¡Siempre estaremos aquí para ayudarte!,1
0502252773,CierreMasivo 06Feb25,1,6,{* Hemos atendido tu aclaración y abonado el importe reclamado a tu cuenta. Valoramos tu elección como cliente en BanCoppel y esperamos seguir siendo tu elección para futuras compras. ¡Siempre estaremos aquí para ayudarte!,1
0502252760,CierreMasivo 06Feb25,1,6,{* Hemos atendido tu aclaración y abonado el importe reclamado a tu cuenta. Valoramos tu elección como cliente en BanCoppel y esperamos seguir siendo tu elección para futuras compras. ¡Siempre estaremos aquí para ayudarte!,1
0502252755,CierreMasivo 06Feb25,1,6,{* Hemos atendido tu aclaración y abonado el importe reclamado a tu cuenta. Valoramos tu elección como cliente en BanCoppel y esperamos seguir siendo tu elección para futuras compras. ¡Siempre estaremos aquí para ayudarte!,1
0502252697,CierreMasivo 06Feb25,1,6,{* Hemos atendido tu aclaración y abonado el importe reclamado a tu cuenta. Valoramos tu elección como cliente en BanCoppel y esperamos seguir siendo tu elección para futuras compras. ¡Siempre estaremos aquí para ayudarte!,1
0502252784,CierreMasivo 06Feb25,1,6,{* Hemos atendido tu aclaración y abonado el importe reclamado a tu cuenta. Valoramos tu elección como cliente en BanCoppel y esperamos seguir siendo tu elección para futuras compras. ¡Siempre estaremos aquí para ayudarte!,1
0502252284,CierreMasivo 06Feb25,1,6,{* Hemos atendido tu aclaración y abonado el importe reclamado a tu cuenta. Valoramos tu elección como cliente en BanCoppel y esperamos seguir siendo tu elección para futuras compras. ¡Siempre estaremos aquí para ayudarte!,1
0502252267,CierreMasivo 06Feb25,1,6,{* Hemos atendido tu aclaración y abonado el importe reclamado a tu cuenta. Valoramos tu elección como cliente en BanCoppel y esperamos seguir siendo tu elección para futuras compras. ¡Siempre estaremos aquí para ayudarte!,1
0502252348,CierreMasivo 06Feb25,1,6,{* Hemos atendido tu aclaración y abonado el importe reclamado a tu cuenta. Valoramos tu elección como cliente en BanCoppel y esperamos seguir siendo tu elección para futuras compras. ¡Siempre estaremos aquí para ayudarte!,1
0502252251,CierreMasivo 06Feb25,1,6,{* Hemos atendido tu aclaración y abonado el importe reclamado a tu cuenta. Valoramos tu elección como cliente en BanCoppel y esperamos seguir siendo tu elección para futuras compras. ¡Siempre estaremos aquí para ayudarte!,1
0502252314,CierreMasivo 06Feb25,1,6,{* Hemos atendido tu aclaración y abonado el importe reclamado a tu cuenta. Valoramos tu elección como cliente en BanCoppel y esperamos seguir siendo tu elección para futuras compras. ¡Siempre estaremos aquí para ayudarte!,1
0502252218,CierreMasivo 06Feb25,1,6,{* Hemos atendido tu aclaración y abonado el importe reclamado a tu cuenta. Valoramos tu elección como cliente en BanCoppel y esperamos seguir siendo tu elección para futuras compras. ¡Siempre estaremos aquí para ayudarte!,1
0502252360,CierreMasivo 06Feb25,1,6,{* Hemos atendido tu aclaración y abonado el importe reclamado a tu cuenta. Valoramos tu elección como cliente en BanCoppel y esperamos seguir siendo tu elección para futuras compras. ¡Siempre estaremos aquí para ayudarte!,1
0502253006,CierreMasivo 06Feb25,1,6,{* Hemos atendido tu aclaración y abonado el importe reclamado a tu cuenta. Valoramos tu elección como cliente en BanCoppel y esperamos seguir siendo tu elección para futuras compras. ¡Siempre estaremos aquí para ayudarte!,1
0502253028,CierreMasivo 06Feb25,1,6,{* Hemos atendido tu aclaración y abonado el importe reclamado a tu cuenta. Valoramos tu elección como cliente en BanCoppel y esperamos seguir siendo tu elección para futuras compras. ¡Siempre estaremos aquí para ayudarte!,1
0502251942,CierreMasivo 06Feb25,1,6,{* Hemos atendido tu aclaración y abonado el importe reclamado a tu cuenta. Valoramos tu elección como cliente en BanCoppel y esperamos seguir siendo tu elección para futuras compras. ¡Siempre estaremos aquí para ayudarte!,1
0502251947,CierreMasivo 06Feb25,1,6,{* Hemos atendido tu aclaración y abonado el importe reclamado a tu cuenta. Valoramos tu elección como cliente en BanCoppel y esperamos seguir siendo tu elección para futuras compras. ¡Siempre estaremos aquí para ayudarte!,1
0502251953,CierreMasivo 06Feb25,1,6,{* Hemos atendido tu aclaración y abonado el importe reclamado a tu cuenta. Valoramos tu elección como cliente en BanCoppel y esperamos seguir siendo tu elección para futuras compras. ¡Siempre estaremos aquí para ayudarte!,1
0502252223,CierreMasivo 06Feb25,1,6,{* Hemos atendido tu aclaración y abonado el importe reclamado a tu cuenta. Valoramos tu elección como cliente en BanCoppel y esperamos seguir siendo tu elección para futuras compras. ¡Siempre estaremos aquí para ayudarte!,1
0502252236,CierreMasivo 06Feb25,1,6,{* Hemos atendido tu aclaración y abonado el importe reclamado a tu cuenta. Valoramos tu elección como cliente en BanCoppel y esperamos seguir siendo tu elección para futuras compras. ¡Siempre estaremos aquí para ayudarte!,1
0502252456,CierreMasivo 06Feb25,1,6,{* Hemos atendido tu aclaración y abonado el importe reclamado a tu cuenta. Valoramos tu elección como cliente en BanCoppel y esperamos seguir siendo tu elección para futuras compras. ¡Siempre estaremos aquí para ayudarte!,1
0502252476,CierreMasivo 06Feb25,1,6,{* Hemos atendido tu aclaración y abonado el importe reclamado a tu cuenta. Valoramos tu elección como cliente en BanCoppel y esperamos seguir siendo tu elección para futuras compras. ¡Siempre estaremos aquí para ayudarte!,1
0502252433,CierreMasivo 06Feb25,1,6,{* Hemos atendido tu aclaración y abonado el importe reclamado a tu cuenta. Valoramos tu elección como cliente en BanCoppel y esperamos seguir siendo tu elección para futuras compras. ¡Siempre estaremos aquí para ayudarte!,1
0502252497,CierreMasivo 06Feb25,1,6,{* Hemos atendido tu aclaración y abonado el importe reclamado a tu cuenta. Valoramos tu elección como cliente en BanCoppel y esperamos seguir siendo tu elección para futuras compras. ¡Siempre estaremos aquí para ayudarte!,1
0502251802,CierreMasivo 06Feb25,1,6,{* Hemos atendido tu aclaración y abonado el importe reclamado a tu cuenta. Valoramos tu elección como cliente en BanCoppel y esperamos seguir siendo tu elección para futuras compras. ¡Siempre estaremos aquí para ayudarte!,1
0502250786,CierreMasivo 06Feb25,1,6,{* Hemos atendido tu aclaración y abonado el importe reclamado a tu cuenta. Valoramos tu elección como cliente en BanCoppel y esperamos seguir siendo tu elección para futuras compras. ¡Siempre estaremos aquí para ayudarte!,1
0502250760,CierreMasivo 06Feb25,1,6,{* Hemos atendido tu aclaración y abonado el importe reclamado a tu cuenta. Valoramos tu elección como cliente en BanCoppel y esperamos seguir siendo tu elección para futuras compras. ¡Siempre estaremos aquí para ayudarte!,1
0502250805,CierreMasivo 06Feb25,1,6,{* Hemos atendido tu aclaración y abonado el importe reclamado a tu cuenta. Valoramos tu elección como cliente en BanCoppel y esperamos seguir siendo tu elección para futuras compras. ¡Siempre estaremos aquí para ayudarte!,1
0502252933,CierreMasivo 06Feb25,1,6,{* Hemos atendido tu aclaración y abonado el importe reclamado a tu cuenta. Valoramos tu elección como cliente en BanCoppel y esperamos seguir siendo tu elección para futuras compras. ¡Siempre estaremos aquí para ayudarte!,1
0502252231,CierreMasivo 06Feb25,1,6,{* Hemos atendido tu aclaración y abonado el importe reclamado a tu cuenta. Valoramos tu elección como cliente en BanCoppel y esperamos seguir siendo tu elección para futuras compras. ¡Siempre estaremos aquí para ayudarte!,1
0502252277,CierreMasivo 06Feb25,1,6,{* Hemos atendido tu aclaración y abonado el importe reclamado a tu cuenta. Valoramos tu elección como cliente en BanCoppel y esperamos seguir siendo tu elección para futuras compras. ¡Siempre estaremos aquí para ayudarte!,1
0502252113,CierreMasivo 06Feb25,1,6,{* Hemos atendido tu aclaración y abonado el importe reclamado a tu cuenta. Valoramos tu elección como cliente en BanCoppel y esperamos seguir siendo tu elección para futuras compras. ¡Siempre estaremos aquí para ayudarte!,1
0502252086,CierreMasivo 06Feb25,1,6,{* Hemos atendido tu aclaración y abonado el importe reclamado a tu cuenta. Valoramos tu elección como cliente en BanCoppel y esperamos seguir siendo tu elección para futuras compras. ¡Siempre estaremos aquí para ayudarte!,1
0502252143,CierreMasivo 06Feb25,1,6,{* Hemos atendido tu aclaración y abonado el importe reclamado a tu cuenta. Valoramos tu elección como cliente en BanCoppel y esperamos seguir siendo tu elección para futuras compras. ¡Siempre estaremos aquí para ayudarte!,1
0502250266,CierreMasivo 06Feb25,1,6,{* Hemos atendido tu aclaración y abonado el importe reclamado a tu cuenta. Valoramos tu elección como cliente en BanCoppel y esperamos seguir siendo tu elección para futuras compras. ¡Siempre estaremos aquí para ayudarte!,1
0502253101,CierreMasivo 06Feb25,1,6,{* Hemos atendido tu aclaración y abonado el importe reclamado a tu cuenta. Valoramos tu elección como cliente en BanCoppel y esperamos seguir siendo tu elección para futuras compras. ¡Siempre estaremos aquí para ayudarte!,1
0502250708,CierreMasivo 06Feb25,1,6,{* Hemos atendido tu aclaración y abonado el importe reclamado a tu cuenta. Valoramos tu elección como cliente en BanCoppel y esperamos seguir siendo tu elección para futuras compras. ¡Siempre estaremos aquí para ayudarte!,1
0502250414,CierreMasivo 06Feb25,1,6,{* Hemos atendido tu aclaración y abonado el importe reclamado a tu cuenta. Valoramos tu elección como cliente en BanCoppel y esperamos seguir siendo tu elección para futuras compras. ¡Siempre estaremos aquí para ayudarte!,1
0502250503,CierreMasivo 06Feb25,1,6,{* Hemos atendido tu aclaración y abonado el importe reclamado a tu cuenta. Valoramos tu elección como cliente en BanCoppel y esperamos seguir siendo tu elección para futuras compras. ¡Siempre estaremos aquí para ayudarte!,1
0502250626,CierreMasivo 06Feb25,1,6,{* Hemos atendido tu aclaración y abonado el importe reclamado a tu cuenta. Valoramos tu elección como cliente en BanCoppel y esperamos seguir siendo tu elección para futuras compras. ¡Siempre estaremos aquí para ayudarte!,1
0502252517,CierreMasivo 06Feb25,1,6,{* Hemos atendido tu aclaración y abonado el importe reclamado a tu cuenta. Valoramos tu elección como cliente en BanCoppel y esperamos seguir siendo tu elección para futuras compras. ¡Siempre estaremos aquí para ayudarte!,1
0502252271,CierreMasivo 06Feb25,1,6,{* Hemos atendido tu aclaración y abonado el importe reclamado a tu cuenta. Valoramos tu elección como cliente en BanCoppel y esperamos seguir siendo tu elección para futuras compras. ¡Siempre estaremos aquí para ayudarte!,1
0502252888,CierreMasivo 06Feb25,1,6,{* Hemos atendido tu aclaración y abonado el importe reclamado a tu cuenta. Valoramos tu elección como cliente en BanCoppel y esperamos seguir siendo tu elección para futuras compras. ¡Siempre estaremos aquí para ayudarte!,1
0502252229,CierreMasivo 06Feb25,1,6,{* Hemos atendido tu aclaración y abonado el importe reclamado a tu cuenta. Valoramos tu elección como cliente en BanCoppel y esperamos seguir siendo tu elección para futuras compras. ¡Siempre estaremos aquí para ayudarte!,1
0502250054,CierreMasivo 06Feb25,1,6,{* Hemos atendido tu aclaración y abonado el importe reclamado a tu cuenta. Valoramos tu elección como cliente en BanCoppel y esperamos seguir siendo tu elección para futuras compras. ¡Siempre estaremos aquí para ayudarte!,1
0502252862,CierreMasivo 06Feb25,1,6,{* Hemos atendido tu aclaración y abonado el importe reclamado a tu cuenta. Valoramos tu elección como cliente en BanCoppel y esperamos seguir siendo tu elección para futuras compras. ¡Siempre estaremos aquí para ayudarte!,1
0502250216,CierreMasivo 06Feb25,1,6,{* Hemos atendido tu aclaración y abonado el importe reclamado a tu cuenta. Valoramos tu elección como cliente en BanCoppel y esperamos seguir siendo tu elección para futuras compras. ¡Siempre estaremos aquí para ayudarte!,1
0502250204,CierreMasivo 06Feb25,1,6,{* Hemos atendido tu aclaración y abonado el importe reclamado a tu cuenta. Valoramos tu elección como cliente en BanCoppel y esperamos seguir siendo tu elección para futuras compras. ¡Siempre estaremos aquí para ayudarte!,1
0502252503,CierreMasivo 06Feb25,1,6,{* Hemos atendido tu aclaración y abonado el importe reclamado a tu cuenta. Valoramos tu elección como cliente en BanCoppel y esperamos seguir siendo tu elección para futuras compras. ¡Siempre estaremos aquí para ayudarte!,1
0502250405,CierreMasivo 06Feb25,1,6,{* Hemos atendido tu aclaración y abonado el importe reclamado a tu cuenta. Valoramos tu elección como cliente en BanCoppel y esperamos seguir siendo tu elección para futuras compras. ¡Siempre estaremos aquí para ayudarte!,1
0502250732,CierreMasivo 06Feb25,1,6,{* Hemos atendido tu aclaración y abonado el importe reclamado a tu cuenta. Valoramos tu elección como cliente en BanCoppel y esperamos seguir siendo tu elección para futuras compras. ¡Siempre estaremos aquí para ayudarte!,1
0502250303,CierreMasivo 06Feb25,1,6,{* Hemos atendido tu aclaración y abonado el importe reclamado a tu cuenta. Valoramos tu elección como cliente en BanCoppel y esperamos seguir siendo tu elección para futuras compras. ¡Siempre estaremos aquí para ayudarte!,1
0502250511,CierreMasivo 06Feb25,1,6,{* Hemos atendido tu aclaración y abonado el importe reclamado a tu cuenta. Valoramos tu elección como cliente en BanCoppel y esperamos seguir siendo tu elección para futuras compras. ¡Siempre estaremos aquí para ayudarte!,1
0502250990,CierreMasivo 06Feb25,1,6,{* Hemos atendido tu aclaración y abonado el importe reclamado a tu cuenta. Valoramos tu elección como cliente en BanCoppel y esperamos seguir siendo tu elección para futuras compras. ¡Siempre estaremos aquí para ayudarte!,1
0502250502,CierreMasivo 06Feb25,1,6,{* Hemos atendido tu aclaración y abonado el importe reclamado a tu cuenta. Valoramos tu elección como cliente en BanCoppel y esperamos seguir siendo tu elección para futuras compras. ¡Siempre estaremos aquí para ayudarte!,1
0502250466,CierreMasivo 06Feb25,1,6,{* Hemos atendido tu aclaración y abonado el importe reclamado a tu cuenta. Valoramos tu elección como cliente en BanCoppel y esperamos seguir siendo tu elección para futuras compras. ¡Siempre estaremos aquí para ayudarte!,1
0502253055,CierreMasivo 06Feb25,1,6,{* Hemos atendido tu aclaración y abonado el importe reclamado a tu cuenta. Valoramos tu elección como cliente en BanCoppel y esperamos seguir siendo tu elección para futuras compras. ¡Siempre estaremos aquí para ayudarte!,1
0502251406,CierreMasivo 06Feb25,1,6,{* Hemos atendido tu aclaración y abonado el importe reclamado a tu cuenta. Valoramos tu elección como cliente en BanCoppel y esperamos seguir siendo tu elección para futuras compras. ¡Siempre estaremos aquí para ayudarte!,1
0502251149,CierreMasivo 06Feb25,1,6,{* Hemos atendido tu aclaración y abonado el importe reclamado a tu cuenta. Valoramos tu elección como cliente en BanCoppel y esperamos seguir siendo tu elección para futuras compras. ¡Siempre estaremos aquí para ayudarte!,1
0502250421,CierreMasivo 06Feb25,1,6,{* Hemos atendido tu aclaración y abonado el importe reclamado a tu cuenta. Valoramos tu elección como cliente en BanCoppel y esperamos seguir siendo tu elección para futuras compras. ¡Siempre estaremos aquí para ayudarte!,1
0502251399,CierreMasivo 06Feb25,1,6,{* Hemos atendido tu aclaración y abonado el importe reclamado a tu cuenta. Valoramos tu elección como cliente en BanCoppel y esperamos seguir siendo tu elección para futuras compras. ¡Siempre estaremos aquí para ayudarte!,1
0502251066,CierreMasivo 06Feb25,1,6,{* Hemos atendido tu aclaración y abonado el importe reclamado a tu cuenta. Valoramos tu elección como cliente en BanCoppel y esperamos seguir siendo tu elección para futuras compras. ¡Siempre estaremos aquí para ayudarte!,1
0502252891,CierreMasivo 06Feb25,1,6,{* Hemos atendido tu aclaración y abonado el importe reclamado a tu cuenta. Valoramos tu elección como cliente en BanCoppel y esperamos seguir siendo tu elección para futuras compras. ¡Siempre estaremos aquí para ayudarte!,1
0502252911,CierreMasivo 06Feb25,1,6,{* Hemos atendido tu aclaración y abonado el importe reclamado a tu cuenta. Valoramos tu elección como cliente en BanCoppel y esperamos seguir siendo tu elección para futuras compras. ¡Siempre estaremos aquí para ayudarte!,1
0502250983,CierreMasivo 06Feb25,1,6,{* Hemos atendido tu aclaración y abonado el importe reclamado a tu cuenta. Valoramos tu elección como cliente en BanCoppel y esperamos seguir siendo tu elección para futuras compras. ¡Siempre estaremos aquí para ayudarte!,1
0502250939,CierreMasivo 06Feb25,1,6,{* Hemos atendido tu aclaración y abonado el importe reclamado a tu cuenta. Valoramos tu elección como cliente en BanCoppel y esperamos seguir siendo tu elección para futuras compras. ¡Siempre estaremos aquí para ayudarte!,1
0502250963,CierreMasivo 06Feb25,1,6,{* Hemos atendido tu aclaración y abonado el importe reclamado a tu cuenta. Valoramos tu elección como cliente en BanCoppel y esperamos seguir siendo tu elección para futuras compras. ¡Siempre estaremos aquí para ayudarte!,1
0502252604,CierreMasivo 06Feb25,1,6,{* Hemos atendido tu aclaración y abonado el importe reclamado a tu cuenta. Valoramos tu elección como cliente en BanCoppel y esperamos seguir siendo tu elección para futuras compras. ¡Siempre estaremos aquí para ayudarte!,1
0502253186,CierreMasivo 06Feb25,1,6,{* Hemos atendido tu aclaración y abonado el importe reclamado a tu cuenta. Valoramos tu elección como cliente en BanCoppel y esperamos seguir siendo tu elección para futuras compras. ¡Siempre estaremos aquí para ayudarte!,1
0502252883,CierreMasivo 06Feb25,1,6,{* Hemos atendido tu aclaración y abonado el importe reclamado a tu cuenta. Valoramos tu elección como cliente en BanCoppel y esperamos seguir siendo tu elección para futuras compras. ¡Siempre estaremos aquí para ayudarte!,1
0502250397,CierreMasivo 06Feb25,1,6,{* Hemos atendido tu aclaración y abonado el importe reclamado a tu cuenta. Valoramos tu elección como cliente en BanCoppel y esperamos seguir siendo tu elección para futuras compras. ¡Siempre estaremos aquí para ayudarte!,1
0502251867,CierreMasivo 06Feb25,1,6,{* Hemos atendido tu aclaración y abonado el importe reclamado a tu cuenta. Valoramos tu elección como cliente en BanCoppel y esperamos seguir siendo tu elección para futuras compras. ¡Siempre estaremos aquí para ayudarte!,1
0502251876,CierreMasivo 06Feb25,1,6,{* Hemos atendido tu aclaración y abonado el importe reclamado a tu cuenta. Valoramos tu elección como cliente en BanCoppel y esperamos seguir siendo tu elección para futuras compras. ¡Siempre estaremos aquí para ayudarte!,1
0502253203,CierreMasivo 06Feb25,1,6,{* Hemos atendido tu aclaración y abonado el importe reclamado a tu cuenta. Valoramos tu elección como cliente en BanCoppel y esperamos seguir siendo tu elección para futuras compras. ¡Siempre estaremos aquí para ayudarte!,1
0502253218,CierreMasivo 06Feb25,1,6,{* Hemos atendido tu aclaración y abonado el importe reclamado a tu cuenta. Valoramos tu elección como cliente en BanCoppel y esperamos seguir siendo tu elección para futuras compras. ¡Siempre estaremos aquí para ayudarte!,1
0502252685,CierreMasivo 06Feb25,1,6,{* Hemos atendido tu aclaración y abonado el importe reclamado a tu cuenta. Valoramos tu elección como cliente en BanCoppel y esperamos seguir siendo tu elección para futuras compras. ¡Siempre estaremos aquí para ayudarte!,1
0502251784,CierreMasivo 06Feb25,1,6,{* Hemos atendido tu aclaración y abonado el importe reclamado a tu cuenta. Valoramos tu elección como cliente en BanCoppel y esperamos seguir siendo tu elección para futuras compras. ¡Siempre estaremos aquí para ayudarte!,1
0502250960,CierreMasivo 06Feb25,1,6,{* Hemos atendido tu aclaración y abonado el importe reclamado a tu cuenta. Valoramos tu elección como cliente en BanCoppel y esperamos seguir siendo tu elección para futuras compras. ¡Siempre estaremos aquí para ayudarte!,1
0502252967,CierreMasivo 06Feb25,1,6,{* Hemos atendido tu aclaración y abonado el importe reclamado a tu cuenta. Valoramos tu elección como cliente en BanCoppel y esperamos seguir siendo tu elección para futuras compras. ¡Siempre estaremos aquí para ayudarte!,1
0502250790,CierreMasivo 06Feb25,1,6,{* Hemos atendido tu aclaración y abonado el importe reclamado a tu cuenta. Valoramos tu elección como cliente en BanCoppel y esperamos seguir siendo tu elección para futuras compras. ¡Siempre estaremos aquí para ayudarte!,1
0502250799,CierreMasivo 06Feb25,1,6,{* Hemos atendido tu aclaración y abonado el importe reclamado a tu cuenta. Valoramos tu elección como cliente en BanCoppel y esperamos seguir siendo tu elección para futuras compras. ¡Siempre estaremos aquí para ayudarte!,1
0502253297,CierreMasivo 06Feb25,1,6,{* Hemos atendido tu aclaración y abonado el importe reclamado a tu cuenta. Valoramos tu elección como cliente en BanCoppel y esperamos seguir siendo tu elección para futuras compras. ¡Siempre estaremos aquí para ayudarte!,1
0502253392,CierreMasivo 06Feb25,1,6,{* Hemos atendido tu aclaración y abonado el importe reclamado a tu cuenta. Valoramos tu elección como cliente en BanCoppel y esperamos seguir siendo tu elección para futuras compras. ¡Siempre estaremos aquí para ayudarte!,1
0502250594,CierreMasivo 06Feb25,1,6,{* Hemos atendido tu aclaración y abonado el importe reclamado a tu cuenta. Valoramos tu elección como cliente en BanCoppel y esperamos seguir siendo tu elección para futuras compras. ¡Siempre estaremos aquí para ayudarte!,1
0502250196,CierreMasivo 06Feb25,1,6,{* Hemos atendido tu aclaración y abonado el importe reclamado a tu cuenta. Valoramos tu elección como cliente en BanCoppel y esperamos seguir siendo tu elección para futuras compras. ¡Siempre estaremos aquí para ayudarte!,1
0502250179,CierreMasivo 06Feb25,1,6,{* Hemos atendido tu aclaración y abonado el importe reclamado a tu cuenta. Valoramos tu elección como cliente en BanCoppel y esperamos seguir siendo tu elección para futuras compras. ¡Siempre estaremos aquí para ayudarte!,1
0502250595,CierreMasivo 06Feb25,1,6,{* Hemos atendido tu aclaración y abonado el importe reclamado a tu cuenta. Valoramos tu elección como cliente en BanCoppel y esperamos seguir siendo tu elección para futuras compras. ¡Siempre estaremos aquí para ayudarte!,1
0502253003,CierreMasivo 06Feb25,1,6,{* Hemos atendido tu aclaración y abonado el importe reclamado a tu cuenta. Valoramos tu elección como cliente en BanCoppel y esperamos seguir siendo tu elección para futuras compras. ¡Siempre estaremos aquí para ayudarte!,1
0502250578,CierreMasivo 06Feb25,1,6,{* Hemos atendido tu aclaración y abonado el importe reclamado a tu cuenta. Valoramos tu elección como cliente en BanCoppel y esperamos seguir siendo tu elección para futuras compras. ¡Siempre estaremos aquí para ayudarte!,1
0502250719,CierreMasivo 06Feb25,1,6,{* Hemos atendido tu aclaración y abonado el importe reclamado a tu cuenta. Valoramos tu elección como cliente en BanCoppel y esperamos seguir siendo tu elección para futuras compras. ¡Siempre estaremos aquí para ayudarte!,1
0502250773,CierreMasivo 06Feb25,1,6,{* Hemos atendido tu aclaración y abonado el importe reclamado a tu cuenta. Valoramos tu elección como cliente en BanCoppel y esperamos seguir siendo tu elección para futuras compras. ¡Siempre estaremos aquí para ayudarte!,1
0502251199,CierreMasivo 06Feb25,1,6,{* Hemos atendido tu aclaración y abonado el importe reclamado a tu cuenta. Valoramos tu elección como cliente en BanCoppel y esperamos seguir siendo tu elección para futuras compras. ¡Siempre estaremos aquí para ayudarte!,1
0502252694,CierreMasivo 06Feb25,1,6,{* Hemos atendido tu aclaración y abonado el importe reclamado a tu cuenta. Valoramos tu elección como cliente en BanCoppel y esperamos seguir siendo tu elección para futuras compras. ¡Siempre estaremos aquí para ayudarte!,1
0502252440,CierreMasivo 06Feb25,1,6,{* Hemos atendido tu aclaración y abonado el importe reclamado a tu cuenta. Valoramos tu elección como cliente en BanCoppel y esperamos seguir siendo tu elección para futuras compras. ¡Siempre estaremos aquí para ayudarte!,1
0502252254,CierreMasivo 06Feb25,1,6,{* Hemos atendido tu aclaración y abonado el importe reclamado a tu cuenta. Valoramos tu elección como cliente en BanCoppel y esperamos seguir siendo tu elección para futuras compras. ¡Siempre estaremos aquí para ayudarte!,1
0502251304,CierreMasivo 06Feb25,1,6,{* Hemos atendido tu aclaración y abonado el importe reclamado a tu cuenta. Valoramos tu elección como cliente en BanCoppel y esperamos seguir siendo tu elección para futuras compras. ¡Siempre estaremos aquí para ayudarte!,1
0502253285,CierreMasivo 06Feb25,1,6,{* Hemos atendido tu aclaración y abonado el importe reclamado a tu cuenta. Valoramos tu elección como cliente en BanCoppel y esperamos seguir siendo tu elección para futuras compras. ¡Siempre estaremos aquí para ayudarte!,1
0502250390,CierreMasivo 06Feb25,1,6,{* Hemos atendido tu aclaración y abonado el importe reclamado a tu cuenta. Valoramos tu elección como cliente en BanCoppel y esperamos seguir siendo tu elección para futuras compras. ¡Siempre estaremos aquí para ayudarte!,1
0502250491,CierreMasivo 06Feb25,1,6,{* Hemos atendido tu aclaración y abonado el importe reclamado a tu cuenta. Valoramos tu elección como cliente en BanCoppel y esperamos seguir siendo tu elección para futuras compras. ¡Siempre estaremos aquí para ayudarte!,1
0502250512,CierreMasivo 06Feb25,1,6,{* Hemos atendido tu aclaración y abonado el importe reclamado a tu cuenta. Valoramos tu elección como cliente en BanCoppel y esperamos seguir siendo tu elección para futuras compras. ¡Siempre estaremos aquí para ayudarte!,1
0502250282,CierreMasivo 06Feb25,1,6,{* Hemos atendido tu aclaración y abonado el importe reclamado a tu cuenta. Valoramos tu elección como cliente en BanCoppel y esperamos seguir siendo tu elección para futuras compras. ¡Siempre estaremos aquí para ayudarte!,1
0502252866,CierreMasivo 06Feb25,1,6,{* Hemos atendido tu aclaración y abonado el importe reclamado a tu cuenta. Valoramos tu elección como cliente en BanCoppel y esperamos seguir siendo tu elección para futuras compras. ¡Siempre estaremos aquí para ayudarte!,1
0502250598,CierreMasivo 06Feb25,1,6,{* Hemos atendido tu aclaración y abonado el importe reclamado a tu cuenta. Valoramos tu elección como cliente en BanCoppel y esperamos seguir siendo tu elección para futuras compras. ¡Siempre estaremos aquí para ayudarte!,1
0502250579,CierreMasivo 06Feb25,1,6,{* Hemos atendido tu aclaración y abonado el importe reclamado a tu cuenta. Valoramos tu elección como cliente en BanCoppel y esperamos seguir siendo tu elección para futuras compras. ¡Siempre estaremos aquí para ayudarte!,1
0502250610,CierreMasivo 06Feb25,1,6,{* Hemos atendido tu aclaración y abonado el importe reclamado a tu cuenta. Valoramos tu elección como cliente en BanCoppel y esperamos seguir siendo tu elección para futuras compras. ¡Siempre estaremos aquí para ayudarte!,1
0502251411,CierreMasivo 06Feb25,1,6,{* Hemos atendido tu aclaración y abonado el importe reclamado a tu cuenta. Valoramos tu elección como cliente en BanCoppel y esperamos seguir siendo tu elección para futuras compras. ¡Siempre estaremos aquí para ayudarte!,1
0502251695,CierreMasivo 06Feb25,1,6,{* Hemos atendido tu aclaración y abonado el importe reclamado a tu cuenta. Valoramos tu elección como cliente en BanCoppel y esperamos seguir siendo tu elección para futuras compras. ¡Siempre estaremos aquí para ayudarte!,1
0502252925,CierreMasivo 06Feb25,1,6,{* Hemos atendido tu aclaración y abonado el importe reclamado a tu cuenta. Valoramos tu elección como cliente en BanCoppel y esperamos seguir siendo tu elección para futuras compras. ¡Siempre estaremos aquí para ayudarte!,1
0502252941,CierreMasivo 06Feb25,1,6,{* Hemos atendido tu aclaración y abonado el importe reclamado a tu cuenta. Valoramos tu elección como cliente en BanCoppel y esperamos seguir siendo tu elección para futuras compras. ¡Siempre estaremos aquí para ayudarte!,1
0502253315,CierreMasivo 06Feb25,1,6,{* Hemos atendido tu aclaración y abonado el importe reclamado a tu cuenta. Valoramos tu elección como cliente en BanCoppel y esperamos seguir siendo tu elección para futuras compras. ¡Siempre estaremos aquí para ayudarte!,1
0502253330,CierreMasivo 06Feb25,1,6,{* Hemos atendido tu aclaración y abonado el importe reclamado a tu cuenta. Valoramos tu elección como cliente en BanCoppel y esperamos seguir siendo tu elección para futuras compras. ¡Siempre estaremos aquí para ayudarte!,1
0502253343,CierreMasivo 06Feb25,1,6,{* Hemos atendido tu aclaración y abonado el importe reclamado a tu cuenta. Valoramos tu elección como cliente en BanCoppel y esperamos seguir siendo tu elección para futuras compras. ¡Siempre estaremos aquí para ayudarte!,1
0502253303,CierreMasivo 06Feb25,1,6,{* Hemos atendido tu aclaración y abonado el importe reclamado a tu cuenta. Valoramos tu elección como cliente en BanCoppel y esperamos seguir siendo tu elección para futuras compras. ¡Siempre estaremos aquí para ayudarte!,1
0502253349,CierreMasivo 06Feb25,1,6,{* Hemos atendido tu aclaración y abonado el importe reclamado a tu cuenta. Valoramos tu elección como cliente en BanCoppel y esperamos seguir siendo tu elección para futuras compras. ¡Siempre estaremos aquí para ayudarte!,1
0502252422,CierreMasivo 06Feb25,1,6,{* Hemos atendido tu aclaración y abonado el importe reclamado a tu cuenta. Valoramos tu elección como cliente en BanCoppel y esperamos seguir siendo tu elección para futuras compras. ¡Siempre estaremos aquí para ayudarte!,1
0502251671,CierreMasivo 06Feb25,1,6,{* Hemos atendido tu aclaración y abonado el importe reclamado a tu cuenta. Valoramos tu elección como cliente en BanCoppel y esperamos seguir siendo tu elección para futuras compras. ¡Siempre estaremos aquí para ayudarte!,1
0502250018,CierreMasivo 06Feb25,1,6,{* Hemos atendido tu aclaración y abonado el importe reclamado a tu cuenta. Valoramos tu elección como cliente en BanCoppel y esperamos seguir siendo tu elección para futuras compras. ¡Siempre estaremos aquí para ayudarte!,1
0502252597,CierreMasivo 06Feb25,1,6,{* Hemos atendido tu aclaración y abonado el importe reclamado a tu cuenta. Valoramos tu elección como cliente en BanCoppel y esperamos seguir siendo tu elección para futuras compras. ¡Siempre estaremos aquí para ayudarte!,1
0502252125,CierreMasivo 06Feb25,1,6,{* Hemos atendido tu aclaración y abonado el importe reclamado a tu cuenta. Valoramos tu elección como cliente en BanCoppel y esperamos seguir siendo tu elección para futuras compras. ¡Siempre estaremos aquí para ayudarte!,1
0502250903,CierreMasivo 06Feb25,1,6,{* Hemos atendido tu aclaración y abonado el importe reclamado a tu cuenta. Valoramos tu elección como cliente en BanCoppel y esperamos seguir siendo tu elección para futuras compras. ¡Siempre estaremos aquí para ayudarte!,1
0502251054,CierreMasivo 06Feb25,1,6,{* Hemos atendido tu aclaración y abonado el importe reclamado a tu cuenta. Valoramos tu elección como cliente en BanCoppel y esperamos seguir siendo tu elección para futuras compras. ¡Siempre estaremos aquí para ayudarte!,1
0502251067,CierreMasivo 06Feb25,1,6,{* Hemos atendido tu aclaración y abonado el importe reclamado a tu cuenta. Valoramos tu elección como cliente en BanCoppel y esperamos seguir siendo tu elección para futuras compras. ¡Siempre estaremos aquí para ayudarte!,1
0502250657,CierreMasivo 06Feb25,1,6,{* Hemos atendido tu aclaración y abonado el importe reclamado a tu cuenta. Valoramos tu elección como cliente en BanCoppel y esperamos seguir siendo tu elección para futuras compras. ¡Siempre estaremos aquí para ayudarte!,1
0502252851,CierreMasivo 06Feb25,1,6,{* Hemos atendido tu aclaración y abonado el importe reclamado a tu cuenta. Valoramos tu elección como cliente en BanCoppel y esperamos seguir siendo tu elección para futuras compras. ¡Siempre estaremos aquí para ayudarte!,1
0502253577,CierreMasivo 06Feb25,1,6,{* Hemos atendido tu aclaración y abonado el importe reclamado a tu cuenta. Valoramos tu elección como cliente en BanCoppel y esperamos seguir siendo tu elección para futuras compras. ¡Siempre estaremos aquí para ayudarte!,1
0502251217,CierreMasivo 06Feb25,1,6,{* Hemos atendido tu aclaración y abonado el importe reclamado a tu cuenta. Valoramos tu elección como cliente en BanCoppel y esperamos seguir siendo tu elección para futuras compras. ¡Siempre estaremos aquí para ayudarte!,1
0502251216,CierreMasivo 06Feb25,1,6,{* Hemos atendido tu aclaración y abonado el importe reclamado a tu cuenta. Valoramos tu elección como cliente en BanCoppel y esperamos seguir siendo tu elección para futuras compras. ¡Siempre estaremos aquí para ayudarte!,1
0502252101,CierreMasivo 06Feb25,1,6,{* Hemos atendido tu aclaración y abonado el importe reclamado a tu cuenta. Valoramos tu elección como cliente en BanCoppel y esperamos seguir siendo tu elección para futuras compras. ¡Siempre estaremos aquí para ayudarte!,1
0502252107,CierreMasivo 06Feb25,1,6,{* Hemos atendido tu aclaración y abonado el importe reclamado a tu cuenta. Valoramos tu elección como cliente en BanCoppel y esperamos seguir siendo tu elección para futuras compras. ¡Siempre estaremos aquí para ayudarte!,1
0502252153,CierreMasivo 06Feb25,1,6,{* Hemos atendido tu aclaración y abonado el importe reclamado a tu cuenta. Valoramos tu elección como cliente en BanCoppel y esperamos seguir siendo tu elección para futuras compras. ¡Siempre estaremos aquí para ayudarte!,1
0502252165,CierreMasivo 06Feb25,1,6,{* Hemos atendido tu aclaración y abonado el importe reclamado a tu cuenta. Valoramos tu elección como cliente en BanCoppel y esperamos seguir siendo tu elección para futuras compras. ¡Siempre estaremos aquí para ayudarte!,1
0502252213,CierreMasivo 06Feb25,1,6,{* Hemos atendido tu aclaración y abonado el importe reclamado a tu cuenta. Valoramos tu elección como cliente en BanCoppel y esperamos seguir siendo tu elección para futuras compras. ¡Siempre estaremos aquí para ayudarte!,1
0502252282,CierreMasivo 06Feb25,1,6,{* Hemos atendido tu aclaración y abonado el importe reclamado a tu cuenta. Valoramos tu elección como cliente en BanCoppel y esperamos seguir siendo tu elección para futuras compras. ¡Siempre estaremos aquí para ayudarte!,1
0502252299,CierreMasivo 06Feb25,1,6,{* Hemos atendido tu aclaración y abonado el importe reclamado a tu cuenta. Valoramos tu elección como cliente en BanCoppel y esperamos seguir siendo tu elección para futuras compras. ¡Siempre estaremos aquí para ayudarte!,1
0502252590,CierreMasivo 06Feb25,1,6,{* Hemos atendido tu aclaración y abonado el importe reclamado a tu cuenta. Valoramos tu elección como cliente en BanCoppel y esperamos seguir siendo tu elección para futuras compras. ¡Siempre estaremos aquí para ayudarte!,1
0502251118,CierreMasivo 06Feb25,1,6,{* Hemos atendido tu aclaración y abonado el importe reclamado a tu cuenta. Valoramos tu elección como cliente en BanCoppel y esperamos seguir siendo tu elección para futuras compras. ¡Siempre estaremos aquí para ayudarte!,1
0502252863,CierreMasivo 06Feb25,1,6,{* Hemos atendido tu aclaración y abonado el importe reclamado a tu cuenta. Valoramos tu elección como cliente en BanCoppel y esperamos seguir siendo tu elección para futuras compras. ¡Siempre estaremos aquí para ayudarte!,1
0502251936,CierreMasivo 06Feb25,1,6,{* Hemos atendido tu aclaración y abonado el importe reclamado a tu cuenta. Valoramos tu elección como cliente en BanCoppel y esperamos seguir siendo tu elección para futuras compras. ¡Siempre estaremos aquí para ayudarte!,1
0502251956,CierreMasivo 06Feb25,1,6,{* Hemos atendido tu aclaración y abonado el importe reclamado a tu cuenta. Valoramos tu elección como cliente en BanCoppel y esperamos seguir siendo tu elección para futuras compras. ¡Siempre estaremos aquí para ayudarte!,1
0502251673,CierreMasivo 06Feb25,1,6,{* Hemos atendido tu aclaración y abonado el importe reclamado a tu cuenta. Valoramos tu elección como cliente en BanCoppel y esperamos seguir siendo tu elección para futuras compras. ¡Siempre estaremos aquí para ayudarte!,1
0502252452,CierreMasivo 06Feb25,1,6,{* Hemos atendido tu aclaración y abonado el importe reclamado a tu cuenta. Valoramos tu elección como cliente en BanCoppel y esperamos seguir siendo tu elección para futuras compras. ¡Siempre estaremos aquí para ayudarte!,1
0502251999,CierreMasivo 06Feb25,1,6,{* Hemos atendido tu aclaración y abonado el importe reclamado a tu cuenta. Valoramos tu elección como cliente en BanCoppel y esperamos seguir siendo tu elección para futuras compras. ¡Siempre estaremos aquí para ayudarte!,1
0502252839,CierreMasivo 06Feb25,1,6,{* Hemos atendido tu aclaración y abonado el importe reclamado a tu cuenta. Valoramos tu elección como cliente en BanCoppel y esperamos seguir siendo tu elección para futuras compras. ¡Siempre estaremos aquí para ayudarte!,1
0502251278,CierreMasivo 06Feb25,1,6,{* Hemos atendido tu aclaración y abonado el importe reclamado a tu cuenta. Valoramos tu elección como cliente en BanCoppel y esperamos seguir siendo tu elección para futuras compras. ¡Siempre estaremos aquí para ayudarte!,1
0502250005,CierreMasivo 06Feb25,1,6,{* Hemos atendido tu aclaración y abonado el importe reclamado a tu cuenta. Valoramos tu elección como cliente en BanCoppel y esperamos seguir siendo tu elección para futuras compras. ¡Siempre estaremos aquí para ayudarte!,1
0502252416,CierreMasivo 06Feb25,1,6,{* Hemos atendido tu aclaración y abonado el importe reclamado a tu cuenta. Valoramos tu elección como cliente en BanCoppel y esperamos seguir siendo tu elección para futuras compras. ¡Siempre estaremos aquí para ayudarte!,1
0502251983,CierreMasivo 06Feb25,1,6,{* Hemos atendido tu aclaración y abonado el importe reclamado a tu cuenta. Valoramos tu elección como cliente en BanCoppel y esperamos seguir siendo tu elección para futuras compras. ¡Siempre estaremos aquí para ayudarte!,1
0502250408,CierreMasivo 06Feb25,1,6,{* Hemos atendido tu aclaración y abonado el importe reclamado a tu cuenta. Valoramos tu elección como cliente en BanCoppel y esperamos seguir siendo tu elección para futuras compras. ¡Siempre estaremos aquí para ayudarte!,1
0502252649,CierreMasivo 06Feb25,1,6,{* Hemos atendido tu aclaración y abonado el importe reclamado a tu cuenta. Valoramos tu elección como cliente en BanCoppel y esperamos seguir siendo tu elección para futuras compras. ¡Siempre estaremos aquí para ayudarte!,1
0502253572,CierreMasivo 06Feb25,1,6,{* Hemos atendido tu aclaración y abonado el importe reclamado a tu cuenta. Valoramos tu elección como cliente en BanCoppel y esperamos seguir siendo tu elección para futuras compras. ¡Siempre estaremos aquí para ayudarte!,1
0502251207,CierreMasivo 06Feb25,1,6,{* Hemos atendido tu aclaración y abonado el importe reclamado a tu cuenta. Valoramos tu elección como cliente en BanCoppel y esperamos seguir siendo tu elección para futuras compras. ¡Siempre estaremos aquí para ayudarte!,1
0502250575,CierreMasivo 06Feb25,1,6,{* Hemos atendido tu aclaración y abonado el importe reclamado a tu cuenta. Valoramos tu elección como cliente en BanCoppel y esperamos seguir siendo tu elección para futuras compras. ¡Siempre estaremos aquí para ayudarte!,1
0502251939,CierreMasivo 06Feb25,1,6,{* Hemos atendido tu aclaración y abonado el importe reclamado a tu cuenta. Valoramos tu elección como cliente en BanCoppel y esperamos seguir siendo tu elección para futuras compras. ¡Siempre estaremos aquí para ayudarte!,1
0502253080,CierreMasivo 06Feb25,1,6,{* Hemos atendido tu aclaración y abonado el importe reclamado a tu cuenta. Valoramos tu elección como cliente en BanCoppel y esperamos seguir siendo tu elección para futuras compras. ¡Siempre estaremos aquí para ayudarte!,1
0502252793,CierreMasivo 06Feb25,1,6,{* Hemos atendido tu aclaración y abonado el importe reclamado a tu cuenta. Valoramos tu elección como cliente en BanCoppel y esperamos seguir siendo tu elección para futuras compras. ¡Siempre estaremos aquí para ayudarte!,1
0502250484,CierreMasivo 06Feb25,1,6,{* Hemos atendido tu aclaración y abonado el importe reclamado a tu cuenta. Valoramos tu elección como cliente en BanCoppel y esperamos seguir siendo tu elección para futuras compras. ¡Siempre estaremos aquí para ayudarte!,1
0502250472,CierreMasivo 06Feb25,1,6,{* Hemos atendido tu aclaración y abonado el importe reclamado a tu cuenta. Valoramos tu elección como cliente en BanCoppel y esperamos seguir siendo tu elección para futuras compras. ¡Siempre estaremos aquí para ayudarte!,1
0502250478,CierreMasivo 06Feb25,1,6,{* Hemos atendido tu aclaración y abonado el importe reclamado a tu cuenta. Valoramos tu elección como cliente en BanCoppel y esperamos seguir siendo tu elección para futuras compras. ¡Siempre estaremos aquí para ayudarte!,1
0502250464,CierreMasivo 06Feb25,1,6,{* Hemos atendido tu aclaración y abonado el importe reclamado a tu cuenta. Valoramos tu elección como cliente en BanCoppel y esperamos seguir siendo tu elección para futuras compras. ¡Siempre estaremos aquí para ayudarte!,1
0502250440,CierreMasivo 06Feb25,1,6,{* Hemos atendido tu aclaración y abonado el importe reclamado a tu cuenta. Valoramos tu elección como cliente en BanCoppel y esperamos seguir siendo tu elección para futuras compras. ¡Siempre estaremos aquí para ayudarte!,1
0502253245,CierreMasivo 06Feb25,1,6,{* Hemos atendido tu aclaración y abonado el importe reclamado a tu cuenta. Valoramos tu elección como cliente en BanCoppel y esperamos seguir siendo tu elección para futuras compras. ¡Siempre estaremos aquí para ayudarte!,1
0502250652,CierreMasivo 06Feb25,1,6,{* Hemos atendido tu aclaración y abonado el importe reclamado a tu cuenta. Valoramos tu elección como cliente en BanCoppel y esperamos seguir siendo tu elección para futuras compras. ¡Siempre estaremos aquí para ayudarte!,1
0502251580,CierreMasivo 06Feb25,1,6,{* Hemos atendido tu aclaración y abonado el importe reclamado a tu cuenta. Valoramos tu elección como cliente en BanCoppel y esperamos seguir siendo tu elección para futuras compras. ¡Siempre estaremos aquí para ayudarte!,1
0502251316,CierreMasivo 06Feb25,1,6,{* Hemos atendido tu aclaración y abonado el importe reclamado a tu cuenta. Valoramos tu elección como cliente en BanCoppel y esperamos seguir siendo tu elección para futuras compras. ¡Siempre estaremos aquí para ayudarte!,1
0502253116,CierreMasivo 06Feb25,1,6,{* Hemos atendido tu aclaración y abonado el importe reclamado a tu cuenta. Valoramos tu elección como cliente en BanCoppel y esperamos seguir siendo tu elección para futuras compras. ¡Siempre estaremos aquí para ayudarte!,1
0502251014,CierreMasivo 06Feb25,1,6,{* Hemos atendido tu aclaración y abonado el importe reclamado a tu cuenta. Valoramos tu elección como cliente en BanCoppel y esperamos seguir siendo tu elección para futuras compras. ¡Siempre estaremos aquí para ayudarte!,1
0502253020,CierreMasivo 06Feb25,1,6,{* Hemos atendido tu aclaración y abonado el importe reclamado a tu cuenta. Valoramos tu elección como cliente en BanCoppel y esperamos seguir siendo tu elección para futuras compras. ¡Siempre estaremos aquí para ayudarte!,1
0502251675,CierreMasivo 06Feb25,1,6,{* Hemos atendido tu aclaración y abonado el importe reclamado a tu cuenta. Valoramos tu elección como cliente en BanCoppel y esperamos seguir siendo tu elección para futuras compras. ¡Siempre estaremos aquí para ayudarte!,1
0502250209,CierreMasivo 06Feb25,1,6,{* Hemos atendido tu aclaración y abonado el importe reclamado a tu cuenta. Valoramos tu elección como cliente en BanCoppel y esperamos seguir siendo tu elección para futuras compras. ¡Siempre estaremos aquí para ayudarte!,1
0502252617,CierreMasivo 06Feb25,1,6,{* Hemos atendido tu aclaración y abonado el importe reclamado a tu cuenta. Valoramos tu elección como cliente en BanCoppel y esperamos seguir siendo tu elección para futuras compras. ¡Siempre estaremos aquí para ayudarte!,1
0502252558,CierreMasivo 06Feb25,1,6,{* Hemos atendido tu aclaración y abonado el importe reclamado a tu cuenta. Valoramos tu elección como cliente en BanCoppel y esperamos seguir siendo tu elección para futuras compras. ¡Siempre estaremos aquí para ayudarte!,1
0502250013,CierreMasivo 06Feb25,1,6,{* Hemos atendido tu aclaración y abonado el importe reclamado a tu cuenta. Valoramos tu elección como cliente en BanCoppel y esperamos seguir siendo tu elección para futuras compras. ¡Siempre estaremos aquí para ayudarte!,1
0502253264,CierreMasivo 06Feb25,1,6,{* Hemos atendido tu aclaración y abonado el importe reclamado a tu cuenta. Valoramos tu elección como cliente en BanCoppel y esperamos seguir siendo tu elección para futuras compras. ¡Siempre estaremos aquí para ayudarte!,1
0502252691,CierreMasivo 06Feb25,1,6,{* Hemos atendido tu aclaración y abonado el importe reclamado a tu cuenta. Valoramos tu elección como cliente en BanCoppel y esperamos seguir siendo tu elección para futuras compras. ¡Siempre estaremos aquí para ayudarte!,1
0502253066,CierreMasivo 06Feb25,1,6,{* Hemos atendido tu aclaración y abonado el importe reclamado a tu cuenta. Valoramos tu elección como cliente en BanCoppel y esperamos seguir siendo tu elección para futuras compras. ¡Siempre estaremos aquí para ayudarte!,1
0502252814,CierreMasivo 06Feb25,1,6,{* Hemos atendido tu aclaración y abonado el importe reclamado a tu cuenta. Valoramos tu elección como cliente en BanCoppel y esperamos seguir siendo tu elección para futuras compras. ¡Siempre estaremos aquí para ayudarte!,1
0502252448,CierreMasivo 06Feb25,1,6,{* Hemos atendido tu aclaración y abonado el importe reclamado a tu cuenta. Valoramos tu elección como cliente en BanCoppel y esperamos seguir siendo tu elección para futuras compras. ¡Siempre estaremos aquí para ayudarte!,1
0502252609,CierreMasivo 06Feb25,1,6,{* Hemos atendido tu aclaración y abonado el importe reclamado a tu cuenta. Valoramos tu elección como cliente en BanCoppel y esperamos seguir siendo tu elección para futuras compras. ¡Siempre estaremos aquí para ayudarte!,1
0502252605,CierreMasivo 06Feb25,1,6,{* Hemos atendido tu aclaración y abonado el importe reclamado a tu cuenta. Valoramos tu elección como cliente en BanCoppel y esperamos seguir siendo tu elección para futuras compras. ¡Siempre estaremos aquí para ayudarte!,1
0502252823,CierreMasivo 06Feb25,1,6,{* Hemos atendido tu aclaración y abonado el importe reclamado a tu cuenta. Valoramos tu elección como cliente en BanCoppel y esperamos seguir siendo tu elección para futuras compras. ¡Siempre estaremos aquí para ayudarte!,1
0502251865,CierreMasivo 06Feb25,1,6,{* Hemos atendido tu aclaración y abonado el importe reclamado a tu cuenta. Valoramos tu elección como cliente en BanCoppel y esperamos seguir siendo tu elección para futuras compras. ¡Siempre estaremos aquí para ayudarte!,1
0502250093,CierreMasivo 06Feb25,1,6,{* Hemos atendido tu aclaración y abonado el importe reclamado a tu cuenta. Valoramos tu elección como cliente en BanCoppel y esperamos seguir siendo tu elección para futuras compras. ¡Siempre estaremos aquí para ayudarte!,1
0502250099,CierreMasivo 06Feb25,1,6,{* Hemos atendido tu aclaración y abonado el importe reclamado a tu cuenta. Valoramos tu elección como cliente en BanCoppel y esperamos seguir siendo tu elección para futuras compras. ¡Siempre estaremos aquí para ayudarte!,1
0502251176,CierreMasivo 06Feb25,1,6,{* Hemos atendido tu aclaración y abonado el importe reclamado a tu cuenta. Valoramos tu elección como cliente en BanCoppel y esperamos seguir siendo tu elección para futuras compras. ¡Siempre estaremos aquí para ayudarte!,1
0502250254,CierreMasivo 06Feb25,1,6,{* Hemos atendido tu aclaración y abonado el importe reclamado a tu cuenta. Valoramos tu elección como cliente en BanCoppel y esperamos seguir siendo tu elección para futuras compras. ¡Siempre estaremos aquí para ayudarte!,1
0502250242,CierreMasivo 06Feb25,1,6,{* Hemos atendido tu aclaración y abonado el importe reclamado a tu cuenta. Valoramos tu elección como cliente en BanCoppel y esperamos seguir siendo tu elección para futuras compras. ¡Siempre estaremos aquí para ayudarte!,1
0502252759,CierreMasivo 06Feb25,1,6,{* Hemos atendido tu aclaración y abonado el importe reclamado a tu cuenta. Valoramos tu elección como cliente en BanCoppel y esperamos seguir siendo tu elección para futuras compras. ¡Siempre estaremos aquí para ayudarte!,1
0502252772,CierreMasivo 06Feb25,1,6,{* Hemos atendido tu aclaración y abonado el importe reclamado a tu cuenta. Valoramos tu elección como cliente en BanCoppel y esperamos seguir siendo tu elección para futuras compras. ¡Siempre estaremos aquí para ayudarte!,1
0502253313,CierreMasivo 06Feb25,1,6,{* Hemos atendido tu aclaración y abonado el importe reclamado a tu cuenta. Valoramos tu elección como cliente en BanCoppel y esperamos seguir siendo tu elección para futuras compras. ¡Siempre estaremos aquí para ayudarte!,1
0502251130,CierreMasivo 06Feb25,1,6,{* Hemos atendido tu aclaración y abonado el importe reclamado a tu cuenta. Valoramos tu elección como cliente en BanCoppel y esperamos seguir siendo tu elección para futuras compras. ¡Siempre estaremos aquí para ayudarte!,1
0502251139,CierreMasivo 06Feb25,1,6,{* Hemos atendido tu aclaración y abonado el importe reclamado a tu cuenta. Valoramos tu elección como cliente en BanCoppel y esperamos seguir siendo tu elección para futuras compras. ¡Siempre estaremos aquí para ayudarte!,1
0502253421,CierreMasivo 06Feb25,1,6,{* Hemos atendido tu aclaración y abonado el importe reclamado a tu cuenta. Valoramos tu elección como cliente en BanCoppel y esperamos seguir siendo tu elección para futuras compras. ¡Siempre estaremos aquí para ayudarte!,1
0502253429,CierreMasivo 06Feb25,1,6,{* Hemos atendido tu aclaración y abonado el importe reclamado a tu cuenta. Valoramos tu elección como cliente en BanCoppel y esperamos seguir siendo tu elección para futuras compras. ¡Siempre estaremos aquí para ayudarte!,1
0502252919,CierreMasivo 06Feb25,1,6,{* Hemos atendido tu aclaración y abonado el importe reclamado a tu cuenta. Valoramos tu elección como cliente en BanCoppel y esperamos seguir siendo tu elección para futuras compras. ¡Siempre estaremos aquí para ayudarte!,1
0502252895,CierreMasivo 06Feb25,1,6,{* Hemos atendido tu aclaración y abonado el importe reclamado a tu cuenta. Valoramos tu elección como cliente en BanCoppel y esperamos seguir siendo tu elección para futuras compras. ¡Siempre estaremos aquí para ayudarte!,1
0502252885,CierreMasivo 06Feb25,1,6,{* Hemos atendido tu aclaración y abonado el importe reclamado a tu cuenta. Valoramos tu elección como cliente en BanCoppel y esperamos seguir siendo tu elección para futuras compras. ¡Siempre estaremos aquí para ayudarte!,1
0502253454,CierreMasivo 06Feb25,1,6,{* Hemos atendido tu aclaración y abonado el importe reclamado a tu cuenta. Valoramos tu elección como cliente en BanCoppel y esperamos seguir siendo tu elección para futuras compras. ¡Siempre estaremos aquí para ayudarte!,1
0502253446,CierreMasivo 06Feb25,1,6,{* Hemos atendido tu aclaración y abonado el importe reclamado a tu cuenta. Valoramos tu elección como cliente en BanCoppel y esperamos seguir siendo tu elección para futuras compras. ¡Siempre estaremos aquí para ayudarte!,1
0502253138,CierreMasivo 06Feb25,1,6,{* Hemos atendido tu aclaración y abonado el importe reclamado a tu cuenta. Valoramos tu elección como cliente en BanCoppel y esperamos seguir siendo tu elección para futuras compras. ¡Siempre estaremos aquí para ayudarte!,1
0502253099,CierreMasivo 06Feb25,1,6,{* Hemos atendido tu aclaración y abonado el importe reclamado a tu cuenta. Valoramos tu elección como cliente en BanCoppel y esperamos seguir siendo tu elección para futuras compras. ¡Siempre estaremos aquí para ayudarte!,1
0502253111,CierreMasivo 06Feb25,1,6,{* Hemos atendido tu aclaración y abonado el importe reclamado a tu cuenta. Valoramos tu elección como cliente en BanCoppel y esperamos seguir siendo tu elección para futuras compras. ¡Siempre estaremos aquí para ayudarte!,1
0502250518,CierreMasivo 06Feb25,1,6,{* Hemos atendido tu aclaración y abonado el importe reclamado a tu cuenta. Valoramos tu elección como cliente en BanCoppel y esperamos seguir siendo tu elección para futuras compras. ¡Siempre estaremos aquí para ayudarte!,1
0502250567,CierreMasivo 06Feb25,1,6,{* Hemos atendido tu aclaración y abonado el importe reclamado a tu cuenta. Valoramos tu elección como cliente en BanCoppel y esperamos seguir siendo tu elección para futuras compras. ¡Siempre estaremos aquí para ayudarte!,1
0502253237,CierreMasivo 06Feb25,1,6,{* Hemos atendido tu aclaración y abonado el importe reclamado a tu cuenta. Valoramos tu elección como cliente en BanCoppel y esperamos seguir siendo tu elección para futuras compras. ¡Siempre estaremos aquí para ayudarte!,1
0502250611,CierreMasivo 06Feb25,1,6,{* Hemos atendido tu aclaración y abonado el importe reclamado a tu cuenta. Valoramos tu elección como cliente en BanCoppel y esperamos seguir siendo tu elección para futuras compras. ¡Siempre estaremos aquí para ayudarte!,1
0502250625,CierreMasivo 06Feb25,1,6,{* Hemos atendido tu aclaración y abonado el importe reclamado a tu cuenta. Valoramos tu elección como cliente en BanCoppel y esperamos seguir siendo tu elección para futuras compras. ¡Siempre estaremos aquí para ayudarte!,1
0502251315,CierreMasivo 06Feb25,1,6,{* Hemos atendido tu aclaración y abonado el importe reclamado a tu cuenta. Valoramos tu elección como cliente en BanCoppel y esperamos seguir siendo tu elección para futuras compras. ¡Siempre estaremos aquí para ayudarte!,1
0502252176,CierreMasivo 06Feb25,1,6,{* Hemos atendido tu aclaración y abonado el importe reclamado a tu cuenta. Valoramos tu elección como cliente en BanCoppel y esperamos seguir siendo tu elección para futuras compras. ¡Siempre estaremos aquí para ayudarte!,1
0502253225,CierreMasivo 06Feb25,1,6,{* Hemos atendido tu aclaración y abonado el importe reclamado a tu cuenta. Valoramos tu elección como cliente en BanCoppel y esperamos seguir siendo tu elección para futuras compras. ¡Siempre estaremos aquí para ayudarte!,1
0502253239,CierreMasivo 06Feb25,1,6,{* Hemos atendido tu aclaración y abonado el importe reclamado a tu cuenta. Valoramos tu elección como cliente en BanCoppel y esperamos seguir siendo tu elección para futuras compras. ¡Siempre estaremos aquí para ayudarte!,1
0502253195,CierreMasivo 06Feb25,1,6,{* Hemos atendido tu aclaración y abonado el importe reclamado a tu cuenta. Valoramos tu elección como cliente en BanCoppel y esperamos seguir siendo tu elección para futuras compras. ¡Siempre estaremos aquí para ayudarte!,1
0502250182,CierreMasivo 06Feb25,1,6,{* Hemos atendido tu aclaración y abonado el importe reclamado a tu cuenta. Valoramos tu elección como cliente en BanCoppel y esperamos seguir siendo tu elección para futuras compras. ¡Siempre estaremos aquí para ayudarte!,1
0502251887,CierreMasivo 06Feb25,1,6,{* Hemos atendido tu aclaración y abonado el importe reclamado a tu cuenta. Valoramos tu elección como cliente en BanCoppel y esperamos seguir siendo tu elección para futuras compras. ¡Siempre estaremos aquí para ayudarte!,1
0502250765,CierreMasivo 06Feb25,1,6,{* Hemos atendido tu aclaración y abonado el importe reclamado a tu cuenta. Valoramos tu elección como cliente en BanCoppel y esperamos seguir siendo tu elección para futuras compras. ¡Siempre estaremos aquí para ayudarte!,1
0502253268,CierreMasivo 06Feb25,1,6,{* Hemos atendido tu aclaración y abonado el importe reclamado a tu cuenta. Valoramos tu elección como cliente en BanCoppel y esperamos seguir siendo tu elección para futuras compras. ¡Siempre estaremos aquí para ayudarte!,1
0502253034,CierreMasivo 06Feb25,1,6,{* Hemos atendido tu aclaración y abonado el importe reclamado a tu cuenta. Valoramos tu elección como cliente en BanCoppel y esperamos seguir siendo tu elección para futuras compras. ¡Siempre estaremos aquí para ayudarte!,1
0502253022,CierreMasivo 06Feb25,1,6,{* Hemos atendido tu aclaración y abonado el importe reclamado a tu cuenta. Valoramos tu elección como cliente en BanCoppel y esperamos seguir siendo tu elección para futuras compras. ¡Siempre estaremos aquí para ayudarte!,1
0502252548,CierreMasivo 06Feb25,1,6,{* Hemos atendido tu aclaración y abonado el importe reclamado a tu cuenta. Valoramos tu elección como cliente en BanCoppel y esperamos seguir siendo tu elección para futuras compras. ¡Siempre estaremos aquí para ayudarte!,1
0502251290,CierreMasivo 06Feb25,1,6,{* Hemos atendido tu aclaración y abonado el importe reclamado a tu cuenta. Valoramos tu elección como cliente en BanCoppel y esperamos seguir siendo tu elección para futuras compras. ¡Siempre estaremos aquí para ayudarte!,1
0502250448,CierreMasivo 06Feb25,1,6,{* Hemos atendido tu aclaración y abonado el importe reclamado a tu cuenta. Valoramos tu elección como cliente en BanCoppel y esperamos seguir siendo tu elección para futuras compras. ¡Siempre estaremos aquí para ayudarte!,1
0502250144,CierreMasivo 06Feb25,1,6,{* Hemos atendido tu aclaración y abonado el importe reclamado a tu cuenta. Valoramos tu elección como cliente en BanCoppel y esperamos seguir siendo tu elección para futuras compras. ¡Siempre estaremos aquí para ayudarte!,1
0502253033,CierreMasivo 06Feb25,1,6,{* Hemos atendido tu aclaración y abonado el importe reclamado a tu cuenta. Valoramos tu elección como cliente en BanCoppel y esperamos seguir siendo tu elección para futuras compras. ¡Siempre estaremos aquí para ayudarte!,1
0502253056,CierreMasivo 06Feb25,1,6,{* Hemos atendido tu aclaración y abonado el importe reclamado a tu cuenta. Valoramos tu elección como cliente en BanCoppel y esperamos seguir siendo tu elección para futuras compras. ¡Siempre estaremos aquí para ayudarte!,1
0502252868,CierreMasivo 06Feb25,1,6,{* Hemos atendido tu aclaración y abonado el importe reclamado a tu cuenta. Valoramos tu elección como cliente en BanCoppel y esperamos seguir siendo tu elección para futuras compras. ¡Siempre estaremos aquí para ayudarte!,1
0502252837,CierreMasivo 06Feb25,1,6,{* Hemos atendido tu aclaración y abonado el importe reclamado a tu cuenta. Valoramos tu elección como cliente en BanCoppel y esperamos seguir siendo tu elección para futuras compras. ¡Siempre estaremos aquí para ayudarte!,1
0502251007,CierreMasivo 06Feb25,1,6,{* Hemos atendido tu aclaración y abonado el importe reclamado a tu cuenta. Valoramos tu elección como cliente en BanCoppel y esperamos seguir siendo tu elección para futuras compras. ¡Siempre estaremos aquí para ayudarte!,1
0502250329,CierreMasivo 06Feb25,1,6,{* Hemos atendido tu aclaración y abonado el importe reclamado a tu cuenta. Valoramos tu elección como cliente en BanCoppel y esperamos seguir siendo tu elección para futuras compras. ¡Siempre estaremos aquí para ayudarte!,1
0502252651,CierreMasivo 06Feb25,1,6,{* Hemos atendido tu aclaración y abonado el importe reclamado a tu cuenta. Valoramos tu elección como cliente en BanCoppel y esperamos seguir siendo tu elección para futuras compras. ¡Siempre estaremos aquí para ayudarte!,1
0502250394,CierreMasivo 06Feb25,1,6,{* Hemos atendido tu aclaración y abonado el importe reclamado a tu cuenta. Valoramos tu elección como cliente en BanCoppel y esperamos seguir siendo tu elección para futuras compras. ¡Siempre estaremos aquí para ayudarte!,1
0502250291,CierreMasivo 06Feb25,1,6,{* Hemos atendido tu aclaración y abonado el importe reclamado a tu cuenta. Valoramos tu elección como cliente en BanCoppel y esperamos seguir siendo tu elección para futuras compras. ¡Siempre estaremos aquí para ayudarte!,1
0502252990,CierreMasivo 06Feb25,1,6,{* Hemos atendido tu aclaración y abonado el importe reclamado a tu cuenta. Valoramos tu elección como cliente en BanCoppel y esperamos seguir siendo tu elección para futuras compras. ¡Siempre estaremos aquí para ayudarte!,1
0502250049,CierreMasivo 06Feb25,1,6,{* Hemos atendido tu aclaración y abonado el importe reclamado a tu cuenta. Valoramos tu elección como cliente en BanCoppel y esperamos seguir siendo tu elección para futuras compras. ¡Siempre estaremos aquí para ayudarte!,1
0502250972,CierreMasivo 06Feb25,1,6,{* Hemos atendido tu aclaración y abonado el importe reclamado a tu cuenta. Valoramos tu elección como cliente en BanCoppel y esperamos seguir siendo tu elección para futuras compras. ¡Siempre estaremos aquí para ayudarte!,1
0502253136,CierreMasivo 06Feb25,1,6,{* Hemos atendido tu aclaración y abonado el importe reclamado a tu cuenta. Valoramos tu elección como cliente en BanCoppel y esperamos seguir siendo tu elección para futuras compras. ¡Siempre estaremos aquí para ayudarte!,1
0502252629,CierreMasivo 06Feb25,1,6,{* Hemos atendido tu aclaración y abonado el importe reclamado a tu cuenta. Valoramos tu elección como cliente en BanCoppel y esperamos seguir siendo tu elección para futuras compras. ¡Siempre estaremos aquí para ayudarte!,1
0502252025,CierreMasivo 06Feb25,1,6,{* Hemos atendido tu aclaración y abonado el importe reclamado a tu cuenta. Valoramos tu elección como cliente en BanCoppel y esperamos seguir siendo tu elección para futuras compras. ¡Siempre estaremos aquí para ayudarte!,1
0502250682,CierreMasivo 06Feb25,1,6,{* Hemos atendido tu aclaración y abonado el importe reclamado a tu cuenta. Valoramos tu elección como cliente en BanCoppel y esperamos seguir siendo tu elección para futuras compras. ¡Siempre estaremos aquí para ayudarte!,1
0502253325,CierreMasivo 06Feb25,1,6,{* Hemos atendido tu aclaración y abonado el importe reclamado a tu cuenta. Valoramos tu elección como cliente en BanCoppel y esperamos seguir siendo tu elección para futuras compras. ¡Siempre estaremos aquí para ayudarte!,1
0502250149,CierreMasivo 06Feb25,1,6,{* Hemos atendido tu aclaración y abonado el importe reclamado a tu cuenta. Valoramos tu elección como cliente en BanCoppel y esperamos seguir siendo tu elección para futuras compras. ¡Siempre estaremos aquí para ayudarte!,1
0502250189,CierreMasivo 06Feb25,1,6,{* Hemos atendido tu aclaración y abonado el importe reclamado a tu cuenta. Valoramos tu elección como cliente en BanCoppel y esperamos seguir siendo tu elección para futuras compras. ¡Siempre estaremos aquí para ayudarte!,1
0502250207,CierreMasivo 06Feb25,1,6,{* Hemos atendido tu aclaración y abonado el importe reclamado a tu cuenta. Valoramos tu elección como cliente en BanCoppel y esperamos seguir siendo tu elección para futuras compras. ¡Siempre estaremos aquí para ayudarte!,1
0502250225,CierreMasivo 06Feb25,1,6,{* Hemos atendido tu aclaración y abonado el importe reclamado a tu cuenta. Valoramos tu elección como cliente en BanCoppel y esperamos seguir siendo tu elección para futuras compras. ¡Siempre estaremos aquí para ayudarte!,1
0502250252,CierreMasivo 06Feb25,1,6,{* Hemos atendido tu aclaración y abonado el importe reclamado a tu cuenta. Valoramos tu elección como cliente en BanCoppel y esperamos seguir siendo tu elección para futuras compras. ¡Siempre estaremos aquí para ayudarte!,1
0502250279,CierreMasivo 06Feb25,1,6,{* Hemos atendido tu aclaración y abonado el importe reclamado a tu cuenta. Valoramos tu elección como cliente en BanCoppel y esperamos seguir siendo tu elección para futuras compras. ¡Siempre estaremos aquí para ayudarte!,1
0502250193,CierreMasivo 06Feb25,1,6,{* Hemos atendido tu aclaración y abonado el importe reclamado a tu cuenta. Valoramos tu elección como cliente en BanCoppel y esperamos seguir siendo tu elección para futuras compras. ¡Siempre estaremos aquí para ayudarte!,1
0502251726,CierreMasivo 06Feb25,1,6,{* Hemos atendido tu aclaración y abonado el importe reclamado a tu cuenta. Valoramos tu elección como cliente en BanCoppel y esperamos seguir siendo tu elección para futuras compras. ¡Siempre estaremos aquí para ayudarte!,1
0502252374,CierreMasivo 06Feb25,1,6,{* Hemos atendido tu aclaración y abonado el importe reclamado a tu cuenta. Valoramos tu elección como cliente en BanCoppel y esperamos seguir siendo tu elección para futuras compras. ¡Siempre estaremos aquí para ayudarte!,1
0502251789,CierreMasivo 06Feb25,1,6,{* Hemos atendido tu aclaración y abonado el importe reclamado a tu cuenta. Valoramos tu elección como cliente en BanCoppel y esperamos seguir siendo tu elección para futuras compras. ¡Siempre estaremos aquí para ayudarte!,1
0502251359,CierreMasivo 06Feb25,1,6,{* Hemos atendido tu aclaración y abonado el importe reclamado a tu cuenta. Valoramos tu elección como cliente en BanCoppel y esperamos seguir siendo tu elección para futuras compras. ¡Siempre estaremos aquí para ayudarte!,1
0502251297,CierreMasivo 06Feb25,1,6,{* Hemos atendido tu aclaración y abonado el importe reclamado a tu cuenta. Valoramos tu elección como cliente en BanCoppel y esperamos seguir siendo tu elección para futuras compras. ¡Siempre estaremos aquí para ayudarte!,1
0502251334,CierreMasivo 06Feb25,1,6,{* Hemos atendido tu aclaración y abonado el importe reclamado a tu cuenta. Valoramos tu elección como cliente en BanCoppel y esperamos seguir siendo tu elección para futuras compras. ¡Siempre estaremos aquí para ayudarte!,1
0502252513,CierreMasivo 06Feb25,1,6,{* Hemos atendido tu aclaración y abonado el importe reclamado a tu cuenta. Valoramos tu elección como cliente en BanCoppel y esperamos seguir siendo tu elección para futuras compras. ¡Siempre estaremos aquí para ayudarte!,1
0502252539,CierreMasivo 06Feb25,1,6,{* Hemos atendido tu aclaración y abonado el importe reclamado a tu cuenta. Valoramos tu elección como cliente en BanCoppel y esperamos seguir siendo tu elección para futuras compras. ¡Siempre estaremos aquí para ayudarte!,1
0502253549,CierreMasivo 06Feb25,1,6,{* Hemos atendido tu aclaración y abonado el importe reclamado a tu cuenta. Valoramos tu elección como cliente en BanCoppel y esperamos seguir siendo tu elección para futuras compras. ¡Siempre estaremos aquí para ayudarte!,1
0502253553,CierreMasivo 06Feb25,1,6,{* Hemos atendido tu aclaración y abonado el importe reclamado a tu cuenta. Valoramos tu elección como cliente en BanCoppel y esperamos seguir siendo tu elección para futuras compras. ¡Siempre estaremos aquí para ayudarte!,1
0502251189,CierreMasivo 06Feb25,1,6,{* Hemos atendido tu aclaración y abonado el importe reclamado a tu cuenta. Valoramos tu elección como cliente en BanCoppel y esperamos seguir siendo tu elección para futuras compras. ¡Siempre estaremos aquí para ayudarte!,1
0502251924,CierreMasivo 06Feb25,1,6,{* Hemos atendido tu aclaración y abonado el importe reclamado a tu cuenta. Valoramos tu elección como cliente en BanCoppel y esperamos seguir siendo tu elección para futuras compras. ¡Siempre estaremos aquí para ayudarte!,1
0502252133,CierreMasivo 06Feb25,1,6,{* Hemos atendido tu aclaración y abonado el importe reclamado a tu cuenta. Valoramos tu elección como cliente en BanCoppel y esperamos seguir siendo tu elección para futuras compras. ¡Siempre estaremos aquí para ayudarte!,1
0502252175,CierreMasivo 06Feb25,1,6,{* Hemos atendido tu aclaración y abonado el importe reclamado a tu cuenta. Valoramos tu elección como cliente en BanCoppel y esperamos seguir siendo tu elección para futuras compras. ¡Siempre estaremos aquí para ayudarte!,1
0502252221,CierreMasivo 06Feb25,1,6,{* Hemos atendido tu aclaración y abonado el importe reclamado a tu cuenta. Valoramos tu elección como cliente en BanCoppel y esperamos seguir siendo tu elección para futuras compras. ¡Siempre estaremos aquí para ayudarte!,1
0502252713,CierreMasivo 06Feb25,1,6,{* Hemos atendido tu aclaración y abonado el importe reclamado a tu cuenta. Valoramos tu elección como cliente en BanCoppel y esperamos seguir siendo tu elección para futuras compras. ¡Siempre estaremos aquí para ayudarte!,1
0502252747,CierreMasivo 06Feb25,1,6,{* Hemos atendido tu aclaración y abonado el importe reclamado a tu cuenta. Valoramos tu elección como cliente en BanCoppel y esperamos seguir siendo tu elección para futuras compras. ¡Siempre estaremos aquí para ayudarte!,1
0502252768,CierreMasivo 06Feb25,1,6,{* Hemos atendido tu aclaración y abonado el importe reclamado a tu cuenta. Valoramos tu elección como cliente en BanCoppel y esperamos seguir siendo tu elección para futuras compras. ¡Siempre estaremos aquí para ayudarte!,1
0502252479,CierreMasivo 06Feb25,1,6,{* Hemos atendido tu aclaración y abonado el importe reclamado a tu cuenta. Valoramos tu elección como cliente en BanCoppel y esperamos seguir siendo tu elección para futuras compras. ¡Siempre estaremos aquí para ayudarte!,1
0502251143,CierreMasivo 06Feb25,1,6,{* Hemos atendido tu aclaración y abonado el importe reclamado a tu cuenta. Valoramos tu elección como cliente en BanCoppel y esperamos seguir siendo tu elección para futuras compras. ¡Siempre estaremos aquí para ayudarte!,1
0502252144,CierreMasivo 06Feb25,1,6,{* Hemos atendido tu aclaración y abonado el importe reclamado a tu cuenta. Valoramos tu elección como cliente en BanCoppel y esperamos seguir siendo tu elección para futuras compras. ¡Siempre estaremos aquí para ayudarte!,1
0502252788,CierreMasivo 06Feb25,1,6,{* Hemos atendido tu aclaración y abonado el importe reclamado a tu cuenta. Valoramos tu elección como cliente en BanCoppel y esperamos seguir siendo tu elección para futuras compras. ¡Siempre estaremos aquí para ayudarte!,1
0502251969,CierreMasivo 06Feb25,1,6,{* Hemos atendido tu aclaración y abonado el importe reclamado a tu cuenta. Valoramos tu elección como cliente en BanCoppel y esperamos seguir siendo tu elección para futuras compras. ¡Siempre estaremos aquí para ayudarte!,1
0502252538,CierreMasivo 06Feb25,1,6,{* Hemos atendido tu aclaración y abonado el importe reclamado a tu cuenta. Valoramos tu elección como cliente en BanCoppel y esperamos seguir siendo tu elección para futuras compras. ¡Siempre estaremos aquí para ayudarte!,1
0502252986,CierreMasivo 06Feb25,1,6,{* Hemos atendido tu aclaración y abonado el importe reclamado a tu cuenta. Valoramos tu elección como cliente en BanCoppel y esperamos seguir siendo tu elección para futuras compras. ¡Siempre estaremos aquí para ayudarte!,1
0502250371,CierreMasivo 06Feb25,1,6,{* Hemos atendido tu aclaración y abonado el importe reclamado a tu cuenta. Valoramos tu elección como cliente en BanCoppel y esperamos seguir siendo tu elección para futuras compras. ¡Siempre estaremos aquí para ayudarte!,1
0502251879,CierreMasivo 06Feb25,1,6,{* Hemos atendido tu aclaración y abonado el importe reclamado a tu cuenta. Valoramos tu elección como cliente en BanCoppel y esperamos seguir siendo tu elección para futuras compras. ¡Siempre estaremos aquí para ayudarte!,1
0502252470,CierreMasivo 06Feb25,1,6,{* Hemos atendido tu aclaración y abonado el importe reclamado a tu cuenta. Valoramos tu elección como cliente en BanCoppel y esperamos seguir siendo tu elección para futuras compras. ¡Siempre estaremos aquí para ayudarte!,1
0502251321,CierreMasivo 06Feb25,1,6,{* Hemos atendido tu aclaración y abonado el importe reclamado a tu cuenta. Valoramos tu elección como cliente en BanCoppel y esperamos seguir siendo tu elección para futuras compras. ¡Siempre estaremos aquí para ayudarte!,1
0502251379,CierreMasivo 06Feb25,1,6,{* Hemos atendido tu aclaración y abonado el importe reclamado a tu cuenta. Valoramos tu elección como cliente en BanCoppel y esperamos seguir siendo tu elección para futuras compras. ¡Siempre estaremos aquí para ayudarte!,1
0502251419,CierreMasivo 06Feb25,1,6,{* Hemos atendido tu aclaración y abonado el importe reclamado a tu cuenta. Valoramos tu elección como cliente en BanCoppel y esperamos seguir siendo tu elección para futuras compras. ¡Siempre estaremos aquí para ayudarte!,1
0502251449,CierreMasivo 06Feb25,1,6,{* Hemos atendido tu aclaración y abonado el importe reclamado a tu cuenta. Valoramos tu elección como cliente en BanCoppel y esperamos seguir siendo tu elección para futuras compras. ¡Siempre estaremos aquí para ayudarte!,1
0502251241,CierreMasivo 06Feb25,1,6,{* Hemos atendido tu aclaración y abonado el importe reclamado a tu cuenta. Valoramos tu elección como cliente en BanCoppel y esperamos seguir siendo tu elección para futuras compras. ¡Siempre estaremos aquí para ayudarte!,1
0502251293,CierreMasivo 06Feb25,1,6,{* Hemos atendido tu aclaración y abonado el importe reclamado a tu cuenta. Valoramos tu elección como cliente en BanCoppel y esperamos seguir siendo tu elección para futuras compras. ¡Siempre estaremos aquí para ayudarte!,1
0502250798,CierreMasivo 06Feb25,1,6,{* Hemos atendido tu aclaración y abonado el importe reclamado a tu cuenta. Valoramos tu elección como cliente en BanCoppel y esperamos seguir siendo tu elección para futuras compras. ¡Siempre estaremos aquí para ayudarte!,1
0502252031,CierreMasivo 06Feb25,1,6,{* Hemos atendido tu aclaración y abonado el importe reclamado a tu cuenta. Valoramos tu elección como cliente en BanCoppel y esperamos seguir siendo tu elección para futuras compras. ¡Siempre estaremos aquí para ayudarte!,1
0502252161,CierreMasivo 06Feb25,1,6,{* Hemos atendido tu aclaración y abonado el importe reclamado a tu cuenta. Valoramos tu elección como cliente en BanCoppel y esperamos seguir siendo tu elección para futuras compras. ¡Siempre estaremos aquí para ayudarte!,1
0502250015,CierreMasivo 06Feb25,1,6,{* Hemos atendido tu aclaración y abonado el importe reclamado a tu cuenta. Valoramos tu elección como cliente en BanCoppel y esperamos seguir siendo tu elección para futuras compras. ¡Siempre estaremos aquí para ayudarte!,1
0502251875,CierreMasivo 06Feb25,1,6,{* Hemos atendido tu aclaración y abonado el importe reclamado a tu cuenta. Valoramos tu elección como cliente en BanCoppel y esperamos seguir siendo tu elección para futuras compras. ¡Siempre estaremos aquí para ayudarte!,1
0502253023,CierreMasivo 06Feb25,1,6,{* Hemos atendido tu aclaración y abonado el importe reclamado a tu cuenta. Valoramos tu elección como cliente en BanCoppel y esperamos seguir siendo tu elección para futuras compras. ¡Siempre estaremos aquí para ayudarte!,1
0502252667,CierreMasivo 06Feb25,1,6,{* Hemos atendido tu aclaración y abonado el importe reclamado a tu cuenta. Valoramos tu elección como cliente en BanCoppel y esperamos seguir siendo tu elección para futuras compras. ¡Siempre estaremos aquí para ayudarte!,1
0502250067,CierreMasivo 06Feb25,1,6,{* Hemos atendido tu aclaración y abonado el importe reclamado a tu cuenta. Valoramos tu elección como cliente en BanCoppel y esperamos seguir siendo tu elección para futuras compras. ¡Siempre estaremos aquí para ayudarte!,1
0502252425,CierreMasivo 06Feb25,1,6,{* Hemos atendido tu aclaración y abonado el importe reclamado a tu cuenta. Valoramos tu elección como cliente en BanCoppel y esperamos seguir siendo tu elección para futuras compras. ¡Siempre estaremos aquí para ayudarte!,1
0502252512,CierreMasivo 06Feb25,1,6,{* Hemos atendido tu aclaración y abonado el importe reclamado a tu cuenta. Valoramos tu elección como cliente en BanCoppel y esperamos seguir siendo tu elección para futuras compras. ¡Siempre estaremos aquí para ayudarte!,1
0502252035,CierreMasivo 06Feb25,1,6,{* Hemos atendido tu aclaración y abonado el importe reclamado a tu cuenta. Valoramos tu elección como cliente en BanCoppel y esperamos seguir siendo tu elección para futuras compras. ¡Siempre estaremos aquí para ayudarte!,1
0502252026,CierreMasivo 06Feb25,1,6,{* Hemos atendido tu aclaración y abonado el importe reclamado a tu cuenta. Valoramos tu elección como cliente en BanCoppel y esperamos seguir siendo tu elección para futuras compras. ¡Siempre estaremos aquí para ayudarte!,1
0502252018,CierreMasivo 06Feb25,1,6,{* Hemos atendido tu aclaración y abonado el importe reclamado a tu cuenta. Valoramos tu elección como cliente en BanCoppel y esperamos seguir siendo tu elección para futuras compras. ¡Siempre estaremos aquí para ayudarte!,1
0502250738,CierreMasivo 06Feb25,1,6,{* Hemos atendido tu aclaración y abonado el importe reclamado a tu cuenta. Valoramos tu elección como cliente en BanCoppel y esperamos seguir siendo tu elección para futuras compras. ¡Siempre estaremos aquí para ayudarte!,1
0502252349,CierreMasivo 06Feb25,1,6,{* Hemos atendido tu aclaración y abonado el importe reclamado a tu cuenta. Valoramos tu elección como cliente en BanCoppel y esperamos seguir siendo tu elección para futuras compras. ¡Siempre estaremos aquí para ayudarte!,1
0502251486,CierreMasivo 06Feb25,1,6,{* Hemos atendido tu aclaración y abonado el importe reclamado a tu cuenta. Valoramos tu elección como cliente en BanCoppel y esperamos seguir siendo tu elección para futuras compras. ¡Siempre estaremos aquí para ayudarte!,1
0502251516,CierreMasivo 06Feb25,1,6,{* Hemos atendido tu aclaración y abonado el importe reclamado a tu cuenta. Valoramos tu elección como cliente en BanCoppel y esperamos seguir siendo tu elección para futuras compras. ¡Siempre estaremos aquí para ayudarte!,1
0502251543,CierreMasivo 06Feb25,1,6,{* Hemos atendido tu aclaración y abonado el importe reclamado a tu cuenta. Valoramos tu elección como cliente en BanCoppel y esperamos seguir siendo tu elección para futuras compras. ¡Siempre estaremos aquí para ayudarte!,1
0502251582,CierreMasivo 06Feb25,1,6,{* Hemos atendido tu aclaración y abonado el importe reclamado a tu cuenta. Valoramos tu elección como cliente en BanCoppel y esperamos seguir siendo tu elección para futuras compras. ¡Siempre estaremos aquí para ayudarte!,1
0502250833,CierreMasivo 06Feb25,1,6,{* Hemos atendido tu aclaración y abonado el importe reclamado a tu cuenta. Valoramos tu elección como cliente en BanCoppel y esperamos seguir siendo tu elección para futuras compras. ¡Siempre estaremos aquí para ayudarte!,1
0502251847,CierreMasivo 06Feb25,1,6,{* Hemos atendido tu aclaración y abonado el importe reclamado a tu cuenta. Valoramos tu elección como cliente en BanCoppel y esperamos seguir siendo tu elección para futuras compras. ¡Siempre estaremos aquí para ayudarte!,1
0502251859,CierreMasivo 06Feb25,1,6,{* Hemos atendido tu aclaración y abonado el importe reclamado a tu cuenta. Valoramos tu elección como cliente en BanCoppel y esperamos seguir siendo tu elección para futuras compras. ¡Siempre estaremos aquí para ayudarte!,1
0502251862,CierreMasivo 06Feb25,1,6,{* Hemos atendido tu aclaración y abonado el importe reclamado a tu cuenta. Valoramos tu elección como cliente en BanCoppel y esperamos seguir siendo tu elección para futuras compras. ¡Siempre estaremos aquí para ayudarte!,1
0502250474,CierreMasivo 06Feb25,1,6,{* Hemos atendido tu aclaración y abonado el importe reclamado a tu cuenta. Valoramos tu elección como cliente en BanCoppel y esperamos seguir siendo tu elección para futuras compras. ¡Siempre estaremos aquí para ayudarte!,1
0502252181,CierreMasivo 06Feb25,1,6,{* Hemos atendido tu aclaración y abonado el importe reclamado a tu cuenta. Valoramos tu elección como cliente en BanCoppel y esperamos seguir siendo tu elección para futuras compras. ¡Siempre estaremos aquí para ayudarte!,1
0502252205,CierreMasivo 06Feb25,1,6,{* Hemos atendido tu aclaración y abonado el importe reclamado a tu cuenta. Valoramos tu elección como cliente en BanCoppel y esperamos seguir siendo tu elección para futuras compras. ¡Siempre estaremos aquí para ayudarte!,1
0502252244,CierreMasivo 06Feb25,1,6,{* Hemos atendido tu aclaración y abonado el importe reclamado a tu cuenta. Valoramos tu elección como cliente en BanCoppel y esperamos seguir siendo tu elección para futuras compras. ¡Siempre estaremos aquí para ayudarte!,1
0502250341,CierreMasivo 06Feb25,1,6,{* Hemos atendido tu aclaración y abonado el importe reclamado a tu cuenta. Valoramos tu elección como cliente en BanCoppel y esperamos seguir siendo tu elección para futuras compras. ¡Siempre estaremos aquí para ayudarte!,1
0502250354,CierreMasivo 06Feb25,1,6,{* Hemos atendido tu aclaración y abonado el importe reclamado a tu cuenta. Valoramos tu elección como cliente en BanCoppel y esperamos seguir siendo tu elección para futuras compras. ¡Siempre estaremos aquí para ayudarte!,1
0502250365,CierreMasivo 06Feb25,1,6,{* Hemos atendido tu aclaración y abonado el importe reclamado a tu cuenta. Valoramos tu elección como cliente en BanCoppel y esperamos seguir siendo tu elección para futuras compras. ¡Siempre estaremos aquí para ayudarte!,1
0502250775,CierreMasivo 06Feb25,1,6,{* Hemos atendido tu aclaración y abonado el importe reclamado a tu cuenta. Valoramos tu elección como cliente en BanCoppel y esperamos seguir siendo tu elección para futuras compras. ¡Siempre estaremos aquí para ayudarte!,1
0502250905,CierreMasivo 06Feb25,1,6,{* Hemos atendido tu aclaración y abonado el importe reclamado a tu cuenta. Valoramos tu elección como cliente en BanCoppel y esperamos seguir siendo tu elección para futuras compras. ¡Siempre estaremos aquí para ayudarte!,1
0502250920,CierreMasivo 06Feb25,1,6,{* Hemos atendido tu aclaración y abonado el importe reclamado a tu cuenta. Valoramos tu elección como cliente en BanCoppel y esperamos seguir siendo tu elección para futuras compras. ¡Siempre estaremos aquí para ayudarte!,1
0502250935,CierreMasivo 06Feb25,1,6,{* Hemos atendido tu aclaración y abonado el importe reclamado a tu cuenta. Valoramos tu elección como cliente en BanCoppel y esperamos seguir siendo tu elección para futuras compras. ¡Siempre estaremos aquí para ayudarte!,1
0502252053,CierreMasivo 06Feb25,1,6,{* Hemos atendido tu aclaración y abonado el importe reclamado a tu cuenta. Valoramos tu elección como cliente en BanCoppel y esperamos seguir siendo tu elección para futuras compras. ¡Siempre estaremos aquí para ayudarte!,1
0502252088,CierreMasivo 06Feb25,1,6,{* Hemos atendido tu aclaración y abonado el importe reclamado a tu cuenta. Valoramos tu elección como cliente en BanCoppel y esperamos seguir siendo tu elección para futuras compras. ¡Siempre estaremos aquí para ayudarte!,1
0502250309,CierreMasivo 06Feb25,1,6,{* Hemos atendido tu aclaración y abonado el importe reclamado a tu cuenta. Valoramos tu elección como cliente en BanCoppel y esperamos seguir siendo tu elección para futuras compras. ¡Siempre estaremos aquí para ayudarte!,1
0502251909,CierreMasivo 06Feb25,1,6,{* Hemos atendido tu aclaración y abonado el importe reclamado a tu cuenta. Valoramos tu elección como cliente en BanCoppel y esperamos seguir siendo tu elección para futuras compras. ¡Siempre estaremos aquí para ayudarte!,1
0502252412,CierreMasivo 06Feb25,1,6,{* Hemos atendido tu aclaración y abonado el importe reclamado a tu cuenta. Valoramos tu elección como cliente en BanCoppel y esperamos seguir siendo tu elección para futuras compras. ¡Siempre estaremos aquí para ayudarte!,1
0502251643,CierreMasivo 06Feb25,1,6,{* Hemos atendido tu aclaración y abonado el importe reclamado a tu cuenta. Valoramos tu elección como cliente en BanCoppel y esperamos seguir siendo tu elección para futuras compras. ¡Siempre estaremos aquí para ayudarte!,1
0502251680,CierreMasivo 06Feb25,1,6,{* Hemos atendido tu aclaración y abonado el importe reclamado a tu cuenta. Valoramos tu elección como cliente en BanCoppel y esperamos seguir siendo tu elección para futuras compras. ¡Siempre estaremos aquí para ayudarte!,1
0502252016,CierreMasivo 06Feb25,1,6,{* Hemos atendido tu aclaración y abonado el importe reclamado a tu cuenta. Valoramos tu elección como cliente en BanCoppel y esperamos seguir siendo tu elección para futuras compras. ¡Siempre estaremos aquí para ayudarte!,1
0502250152,CierreMasivo 06Feb25,1,6,{* Hemos atendido tu aclaración y abonado el importe reclamado a tu cuenta. Valoramos tu elección como cliente en BanCoppel y esperamos seguir siendo tu elección para futuras compras. ¡Siempre estaremos aquí para ayudarte!,1
0502252684,CierreMasivo 06Feb25,1,6,{* Hemos atendido tu aclaración y abonado el importe reclamado a tu cuenta. Valoramos tu elección como cliente en BanCoppel y esperamos seguir siendo tu elección para futuras compras. ¡Siempre estaremos aquí para ayudarte!,1
0502252461,CierreMasivo 06Feb25,1,6,{* Hemos atendido tu aclaración y abonado el importe reclamado a tu cuenta. Valoramos tu elección como cliente en BanCoppel y esperamos seguir siendo tu elección para futuras compras. ¡Siempre estaremos aquí para ayudarte!,1
0502252715,CierreMasivo 06Feb25,1,6,{* Hemos atendido tu aclaración y abonado el importe reclamado a tu cuenta. Valoramos tu elección como cliente en BanCoppel y esperamos seguir siendo tu elección para futuras compras. ¡Siempre estaremos aquí para ayudarte!,1
0502252385,CierreMasivo 06Feb25,1,6,{* Hemos atendido tu aclaración y abonado el importe reclamado a tu cuenta. Valoramos tu elección como cliente en BanCoppel y esperamos seguir siendo tu elección para futuras compras. ¡Siempre estaremos aquí para ayudarte!,1
0502252380,CierreMasivo 06Feb25,1,6,{* Hemos atendido tu aclaración y abonado el importe reclamado a tu cuenta. Valoramos tu elección como cliente en BanCoppel y esperamos seguir siendo tu elección para futuras compras. ¡Siempre estaremos aquí para ayudarte!,1
0502252677,CierreMasivo 06Feb25,1,6,{* Hemos atendido tu aclaración y abonado el importe reclamado a tu cuenta. Valoramos tu elección como cliente en BanCoppel y esperamos seguir siendo tu elección para futuras compras. ¡Siempre estaremos aquí para ayudarte!,1
0502252278,CierreMasivo 06Feb25,1,6,{* Hemos atendido tu aclaración y abonado el importe reclamado a tu cuenta. Valoramos tu elección como cliente en BanCoppel y esperamos seguir siendo tu elección para futuras compras. ¡Siempre estaremos aquí para ayudarte!,1
0502252334,CierreMasivo 06Feb25,1,6,{* Hemos atendido tu aclaración y abonado el importe reclamado a tu cuenta. Valoramos tu elección como cliente en BanCoppel y esperamos seguir siendo tu elección para futuras compras. ¡Siempre estaremos aquí para ayudarte!,1
0502250840,CierreMasivo 06Feb25,1,6,{* Hemos atendido tu aclaración y abonado el importe reclamado a tu cuenta. Valoramos tu elección como cliente en BanCoppel y esperamos seguir siendo tu elección para futuras compras. ¡Siempre estaremos aquí para ayudarte!,1
0502252281,CierreMasivo 06Feb25,1,6,{* Hemos atendido tu aclaración y abonado el importe reclamado a tu cuenta. Valoramos tu elección como cliente en BanCoppel y esperamos seguir siendo tu elección para futuras compras. ¡Siempre estaremos aquí para ayudarte!,1
0502250965,CierreMasivo 06Feb25,1,6,{* Hemos atendido tu aclaración y abonado el importe reclamado a tu cuenta. Valoramos tu elección como cliente en BanCoppel y esperamos seguir siendo tu elección para futuras compras. ¡Siempre estaremos aquí para ayudarte!,1
0502250306,CierreMasivo 06Feb25,1,6,{* Hemos atendido tu aclaración y abonado el importe reclamado a tu cuenta. Valoramos tu elección como cliente en BanCoppel y esperamos seguir siendo tu elección para futuras compras. ¡Siempre estaremos aquí para ayudarte!,1
0502252399,CierreMasivo 06Feb25,1,6,{* Hemos atendido tu aclaración y abonado el importe reclamado a tu cuenta. Valoramos tu elección como cliente en BanCoppel y esperamos seguir siendo tu elección para futuras compras. ¡Siempre estaremos aquí para ayudarte!,1
0502250646,CierreMasivo 06Feb25,1,6,{* Hemos atendido tu aclaración y abonado el importe reclamado a tu cuenta. Valoramos tu elección como cliente en BanCoppel y esperamos seguir siendo tu elección para futuras compras. ¡Siempre estaremos aquí para ayudarte!,1
0502252060,CierreMasivo 06Feb25,1,6,{* Hemos atendido tu aclaración y abonado el importe reclamado a tu cuenta. Valoramos tu elección como cliente en BanCoppel y esperamos seguir siendo tu elección para futuras compras. ¡Siempre estaremos aquí para ayudarte!,1
0502253277,CierreMasivo 06Feb25,1,6,{* Hemos atendido tu aclaración y abonado el importe reclamado a tu cuenta. Valoramos tu elección como cliente en BanCoppel y esperamos seguir siendo tu elección para futuras compras. ¡Siempre estaremos aquí para ayudarte!,1
0502252048,CierreMasivo 06Feb25,1,6,{* Hemos atendido tu aclaración y abonado el importe reclamado a tu cuenta. Valoramos tu elección como cliente en BanCoppel y esperamos seguir siendo tu elección para futuras compras. ¡Siempre estaremos aquí para ayudarte!,1
0502250596,CierreMasivo 06Feb25,1,6,{* Hemos atendido tu aclaración y abonado el importe reclamado a tu cuenta. Valoramos tu elección como cliente en BanCoppel y esperamos seguir siendo tu elección para futuras compras. ¡Siempre estaremos aquí para ayudarte!,1
0502252921,CierreMasivo 06Feb25,1,6,{* Hemos atendido tu aclaración y abonado el importe reclamado a tu cuenta. Valoramos tu elección como cliente en BanCoppel y esperamos seguir siendo tu elección para futuras compras. ¡Siempre estaremos aquí para ayudarte!,1
0502252949,CierreMasivo 06Feb25,1,6,{* Hemos atendido tu aclaración y abonado el importe reclamado a tu cuenta. Valoramos tu elección como cliente en BanCoppel y esperamos seguir siendo tu elección para futuras compras. ¡Siempre estaremos aquí para ayudarte!,1
0502252971,CierreMasivo 06Feb25,1,6,{* Hemos atendido tu aclaración y abonado el importe reclamado a tu cuenta. Valoramos tu elección como cliente en BanCoppel y esperamos seguir siendo tu elección para futuras compras. ¡Siempre estaremos aquí para ayudarte!,1
0502252991,CierreMasivo 06Feb25,1,6,{* Hemos atendido tu aclaración y abonado el importe reclamado a tu cuenta. Valoramos tu elección como cliente en BanCoppel y esperamos seguir siendo tu elección para futuras compras. ¡Siempre estaremos aquí para ayudarte!,1
0502253005,CierreMasivo 06Feb25,1,6,{* Hemos atendido tu aclaración y abonado el importe reclamado a tu cuenta. Valoramos tu elección como cliente en BanCoppel y esperamos seguir siendo tu elección para futuras compras. ¡Siempre estaremos aquí para ayudarte!,1
0502253032,CierreMasivo 06Feb25,1,6,{* Hemos atendido tu aclaración y abonado el importe reclamado a tu cuenta. Valoramos tu elección como cliente en BanCoppel y esperamos seguir siendo tu elección para futuras compras. ¡Siempre estaremos aquí para ayudarte!,1
0502252847,CierreMasivo 06Feb25,1,6,{* Hemos atendido tu aclaración y abonado el importe reclamado a tu cuenta. Valoramos tu elección como cliente en BanCoppel y esperamos seguir siendo tu elección para futuras compras. ¡Siempre estaremos aquí para ayudarte!,1
0502252884,CierreMasivo 06Feb25,1,6,{* Hemos atendido tu aclaración y abonado el importe reclamado a tu cuenta. Valoramos tu elección como cliente en BanCoppel y esperamos seguir siendo tu elección para futuras compras. ¡Siempre estaremos aquí para ayudarte!,1
0502253561,CierreMasivo 06Feb25,1,6,{* Hemos atendido tu aclaración y abonado el importe reclamado a tu cuenta. Valoramos tu elección como cliente en BanCoppel y esperamos seguir siendo tu elección para futuras compras. ¡Siempre estaremos aquí para ayudarte!,1
0502250835,CierreMasivo 06Feb25,1,6,[ Hemos atendido tu aclaración y abonado el importe reclamado a tu cuenta. Valoramos tu elección como cliente en BanCoppel y esperamos seguir siendo tu elección para futuras compras. ¡Siempre estaremos aquí para ayudarte!,1
0502250862,CierreMasivo 06Feb25,1,6,[ Hemos atendido tu aclaración y abonado el importe reclamado a tu cuenta. Valoramos tu elección como cliente en BanCoppel y esperamos seguir siendo tu elección para futuras compras. ¡Siempre estaremos aquí para ayudarte!,1
0502251521,CierreMasivo 06Feb25,1,6,[ Hemos atendido tu aclaración y abonado el importe reclamado a tu cuenta. Valoramos tu elección como cliente en BanCoppel y esperamos seguir siendo tu elección para futuras compras. ¡Siempre estaremos aquí para ayudarte!,1
0502251496,CierreMasivo 06Feb25,1,6,[ Hemos atendido tu aclaración y abonado el importe reclamado a tu cuenta. Valoramos tu elección como cliente en BanCoppel y esperamos seguir siendo tu elección para futuras compras. ¡Siempre estaremos aquí para ayudarte!,1
0502251515,CierreMasivo 06Feb25,1,6,[ Hemos atendido tu aclaración y abonado el importe reclamado a tu cuenta. Valoramos tu elección como cliente en BanCoppel y esperamos seguir siendo tu elección para futuras compras. ¡Siempre estaremos aquí para ayudarte!,1
0502251519,CierreMasivo 06Feb25,1,6,[ Hemos atendido tu aclaración y abonado el importe reclamado a tu cuenta. Valoramos tu elección como cliente en BanCoppel y esperamos seguir siendo tu elección para futuras compras. ¡Siempre estaremos aquí para ayudarte!,1
0502251355,CierreMasivo 06Feb25,1,6,[ Hemos atendido tu aclaración y abonado el importe reclamado a tu cuenta. Valoramos tu elección como cliente en BanCoppel y esperamos seguir siendo tu elección para futuras compras. ¡Siempre estaremos aquí para ayudarte!,1
0502251346,CierreMasivo 06Feb25,1,6,[ Hemos atendido tu aclaración y abonado el importe reclamado a tu cuenta. Valoramos tu elección como cliente en BanCoppel y esperamos seguir siendo tu elección para futuras compras. ¡Siempre estaremos aquí para ayudarte!,1
0502251332,CierreMasivo 06Feb25,1,6,[ Hemos atendido tu aclaración y abonado el importe reclamado a tu cuenta. Valoramos tu elección como cliente en BanCoppel y esperamos seguir siendo tu elección para futuras compras. ¡Siempre estaremos aquí para ayudarte!,1
0502251529,CierreMasivo 06Feb25,1,6,[ Hemos atendido tu aclaración y abonado el importe reclamado a tu cuenta. Valoramos tu elección como cliente en BanCoppel y esperamos seguir siendo tu elección para futuras compras. ¡Siempre estaremos aquí para ayudarte!,1
0502250353,CierreMasivo 06Feb25,1,6,[ Hemos atendido tu aclaración y abonado el importe reclamado a tu cuenta. Valoramos tu elección como cliente en BanCoppel y esperamos seguir siendo tu elección para futuras compras. ¡Siempre estaremos aquí para ayudarte!,1
0502251016,CierreMasivo 06Feb25,1,6,[ Hemos atendido tu aclaración y abonado el importe reclamado a tu cuenta. Valoramos tu elección como cliente en BanCoppel y esperamos seguir siendo tu elección para futuras compras. ¡Siempre estaremos aquí para ayudarte!,1
0502251033,CierreMasivo 06Feb25,1,6,[ Hemos atendido tu aclaración y abonado el importe reclamado a tu cuenta. Valoramos tu elección como cliente en BanCoppel y esperamos seguir siendo tu elección para futuras compras. ¡Siempre estaremos aquí para ayudarte!,1
0502251058,CierreMasivo 06Feb25,1,6,[ Hemos atendido tu aclaración y abonado el importe reclamado a tu cuenta. Valoramos tu elección como cliente en BanCoppel y esperamos seguir siendo tu elección para futuras compras. ¡Siempre estaremos aquí para ayudarte!,1
0502251076,CierreMasivo 06Feb25,1,6,[ Hemos atendido tu aclaración y abonado el importe reclamado a tu cuenta. Valoramos tu elección como cliente en BanCoppel y esperamos seguir siendo tu elección para futuras compras. ¡Siempre estaremos aquí para ayudarte!,1
0502251100,CierreMasivo 06Feb25,1,6,[ Hemos atendido tu aclaración y abonado el importe reclamado a tu cuenta. Valoramos tu elección como cliente en BanCoppel y esperamos seguir siendo tu elección para futuras compras. ¡Siempre estaremos aquí para ayudarte!,1
0502251116,CierreMasivo 06Feb25,1,6,[ Hemos atendido tu aclaración y abonado el importe reclamado a tu cuenta. Valoramos tu elección como cliente en BanCoppel y esperamos seguir siendo tu elección para futuras compras. ¡Siempre estaremos aquí para ayudarte!,1
0502251141,CierreMasivo 06Feb25,1,6,[ Hemos atendido tu aclaración y abonado el importe reclamado a tu cuenta. Valoramos tu elección como cliente en BanCoppel y esperamos seguir siendo tu elección para futuras compras. ¡Siempre estaremos aquí para ayudarte!,1
0502251157,CierreMasivo 06Feb25,1,6,[ Hemos atendido tu aclaración y abonado el importe reclamado a tu cuenta. Valoramos tu elección como cliente en BanCoppel y esperamos seguir siendo tu elección para futuras compras. ¡Siempre estaremos aquí para ayudarte!,1
0502250994,CierreMasivo 06Feb25,1,6,[ Hemos atendido tu aclaración y abonado el importe reclamado a tu cuenta. Valoramos tu elección como cliente en BanCoppel y esperamos seguir siendo tu elección para futuras compras. ¡Siempre estaremos aquí para ayudarte!,1
0502252963,CierreMasivo 06Feb25,1,6,[ Hemos atendido tu aclaración y abonado el importe reclamado a tu cuenta. Valoramos tu elección como cliente en BanCoppel y esperamos seguir siendo tu elección para futuras compras. ¡Siempre estaremos aquí para ayudarte!,1
0502253197,CierreMasivo 06Feb25,1,6,[ Hemos atendido tu aclaración y abonado el importe reclamado a tu cuenta. Valoramos tu elección como cliente en BanCoppel y esperamos seguir siendo tu elección para futuras compras. ¡Siempre estaremos aquí para ayudarte!,1
0502253517,CierreMasivo 06Feb25,1,6,[ Hemos atendido tu aclaración y abonado el importe reclamado a tu cuenta. Valoramos tu elección como cliente en BanCoppel y esperamos seguir siendo tu elección para futuras compras. ¡Siempre estaremos aquí para ayudarte!,1
0502253589,CierreMasivo 06Feb25,1,6,[ Hemos atendido tu aclaración y abonado el importe reclamado a tu cuenta. Valoramos tu elección como cliente en BanCoppel y esperamos seguir siendo tu elección para futuras compras. ¡Siempre estaremos aquí para ayudarte!,1
0502253602,CierreMasivo 06Feb25,1,6,[ Hemos atendido tu aclaración y abonado el importe reclamado a tu cuenta. Valoramos tu elección como cliente en BanCoppel y esperamos seguir siendo tu elección para futuras compras. ¡Siempre estaremos aquí para ayudarte!,1
0502253583,CierreMasivo 06Feb25,1,6,[ Hemos atendido tu aclaración y abonado el importe reclamado a tu cuenta. Valoramos tu elección como cliente en BanCoppel y esperamos seguir siendo tu elección para futuras compras. ¡Siempre estaremos aquí para ayudarte!,1
0502253538,CierreMasivo 06Feb25,1,6,[ Hemos atendido tu aclaración y abonado el importe reclamado a tu cuenta. Valoramos tu elección como cliente en BanCoppel y esperamos seguir siendo tu elección para futuras compras. ¡Siempre estaremos aquí para ayudarte!,1
0502253550,CierreMasivo 06Feb25,1,6,[ Hemos atendido tu aclaración y abonado el importe reclamado a tu cuenta. Valoramos tu elección como cliente en BanCoppel y esperamos seguir siendo tu elección para futuras compras. ¡Siempre estaremos aquí para ayudarte!,1
0502253532,CierreMasivo 06Feb25,1,6,[ Hemos atendido tu aclaración y abonado el importe reclamado a tu cuenta. Valoramos tu elección como cliente en BanCoppel y esperamos seguir siendo tu elección para futuras compras. ¡Siempre estaremos aquí para ayudarte!,1
0502253487,CierreMasivo 06Feb25,1,6,[ Hemos atendido tu aclaración y abonado el importe reclamado a tu cuenta. Valoramos tu elección como cliente en BanCoppel y esperamos seguir siendo tu elección para futuras compras. ¡Siempre estaremos aquí para ayudarte!,1
0502253503,CierreMasivo 06Feb25,1,6,[ Hemos atendido tu aclaración y abonado el importe reclamado a tu cuenta. Valoramos tu elección como cliente en BanCoppel y esperamos seguir siendo tu elección para futuras compras. ¡Siempre estaremos aquí para ayudarte!,1
0502253525,CierreMasivo 06Feb25,1,6,[ Hemos atendido tu aclaración y abonado el importe reclamado a tu cuenta. Valoramos tu elección como cliente en BanCoppel y esperamos seguir siendo tu elección para futuras compras. ¡Siempre estaremos aquí para ayudarte!,1
0502253588,CierreMasivo 06Feb25,1,6,[ Hemos atendido tu aclaración y abonado el importe reclamado a tu cuenta. Valoramos tu elección como cliente en BanCoppel y esperamos seguir siendo tu elección para futuras compras. ¡Siempre estaremos aquí para ayudarte!,1
0502253520,CierreMasivo 06Feb25,1,6,[ Hemos atendido tu aclaración y abonado el importe reclamado a tu cuenta. Valoramos tu elección como cliente en BanCoppel y esperamos seguir siendo tu elección para futuras compras. ¡Siempre estaremos aquí para ayudarte!,1
0502253506,CierreMasivo 06Feb25,1,6,[ Hemos atendido tu aclaración y abonado el importe reclamado a tu cuenta. Valoramos tu elección como cliente en BanCoppel y esperamos seguir siendo tu elección para futuras compras. ¡Siempre estaremos aquí para ayudarte!,1
0502253585,CierreMasivo 06Feb25,1,6,[ Hemos atendido tu aclaración y abonado el importe reclamado a tu cuenta. Valoramos tu elección como cliente en BanCoppel y esperamos seguir siendo tu elección para futuras compras. ¡Siempre estaremos aquí para ayudarte!,1
0502253500,CierreMasivo 06Feb25,1,6,[ Hemos atendido tu aclaración y abonado el importe reclamado a tu cuenta. Valoramos tu elección como cliente en BanCoppel y esperamos seguir siendo tu elección para futuras compras. ¡Siempre estaremos aquí para ayudarte!,1
0502253536,CierreMasivo 06Feb25,1,6,[ Hemos atendido tu aclaración y abonado el importe reclamado a tu cuenta. Valoramos tu elección como cliente en BanCoppel y esperamos seguir siendo tu elección para futuras compras. ¡Siempre estaremos aquí para ayudarte!,1
0502250459,CierreMasivo 06Feb25,1,6,[ Hemos atendido tu aclaración y abonado el importe reclamado a tu cuenta. Valoramos tu elección como cliente en BanCoppel y esperamos seguir siendo tu elección para futuras compras. ¡Siempre estaremos aquí para ayudarte!,1
0502250477,CierreMasivo 06Feb25,1,6,[ Hemos atendido tu aclaración y abonado el importe reclamado a tu cuenta. Valoramos tu elección como cliente en BanCoppel y esperamos seguir siendo tu elección para futuras compras. ¡Siempre estaremos aquí para ayudarte!,1
0502252568,CierreMasivo 06Feb25,1,6,[ Hemos atendido tu aclaración y abonado el importe reclamado a tu cuenta. Valoramos tu elección como cliente en BanCoppel y esperamos seguir siendo tu elección para futuras compras. ¡Siempre estaremos aquí para ayudarte!,1
0502252529,CierreMasivo 06Feb25,1,6,[ Hemos atendido tu aclaración y abonado el importe reclamado a tu cuenta. Valoramos tu elección como cliente en BanCoppel y esperamos seguir siendo tu elección para futuras compras. ¡Siempre estaremos aquí para ayudarte!,1
0502252428,CierreMasivo 06Feb25,1,6,[ Hemos atendido tu aclaración y abonado el importe reclamado a tu cuenta. Valoramos tu elección como cliente en BanCoppel y esperamos seguir siendo tu elección para futuras compras. ¡Siempre estaremos aquí para ayudarte!,1
0502252075,CierreMasivo 06Feb25,1,6,[ Hemos atendido tu aclaración y abonado el importe reclamado a tu cuenta. Valoramos tu elección como cliente en BanCoppel y esperamos seguir siendo tu elección para futuras compras. ¡Siempre estaremos aquí para ayudarte!,1
0502250217,CierreMasivo 06Feb25,1,6,[ Hemos atendido tu aclaración y abonado el importe reclamado a tu cuenta. Valoramos tu elección como cliente en BanCoppel y esperamos seguir siendo tu elección para futuras compras. ¡Siempre estaremos aquí para ayudarte!,1
0502250226,CierreMasivo 06Feb25,1,6,[ Hemos atendido tu aclaración y abonado el importe reclamado a tu cuenta. Valoramos tu elección como cliente en BanCoppel y esperamos seguir siendo tu elección para futuras compras. ¡Siempre estaremos aquí para ayudarte!,1
0502250232,CierreMasivo 06Feb25,1,6,[ Hemos atendido tu aclaración y abonado el importe reclamado a tu cuenta. Valoramos tu elección como cliente en BanCoppel y esperamos seguir siendo tu elección para futuras compras. ¡Siempre estaremos aquí para ayudarte!,1
0502251613,CierreMasivo 06Feb25,1,6,[ Hemos atendido tu aclaración y abonado el importe reclamado a tu cuenta. Valoramos tu elección como cliente en BanCoppel y esperamos seguir siendo tu elección para futuras compras. ¡Siempre estaremos aquí para ayudarte!,1
0502250470,CierreMasivo 06Feb25,1,6,[ Hemos atendido tu aclaración y abonado el importe reclamado a tu cuenta. Valoramos tu elección como cliente en BanCoppel y esperamos seguir siendo tu elección para futuras compras. ¡Siempre estaremos aquí para ayudarte!,1
0502250591,CierreMasivo 06Feb25,1,6,[ Hemos atendido tu aclaración y abonado el importe reclamado a tu cuenta. Valoramos tu elección como cliente en BanCoppel y esperamos seguir siendo tu elección para futuras compras. ¡Siempre estaremos aquí para ayudarte!,1
0502250521,CierreMasivo 06Feb25,1,6,[ Hemos atendido tu aclaración y abonado el importe reclamado a tu cuenta. Valoramos tu elección como cliente en BanCoppel y esperamos seguir siendo tu elección para futuras compras. ¡Siempre estaremos aquí para ayudarte!,1
0502250349,CierreMasivo 06Feb25,1,6,[ Hemos atendido tu aclaración y abonado el importe reclamado a tu cuenta. Valoramos tu elección como cliente en BanCoppel y esperamos seguir siendo tu elección para futuras compras. ¡Siempre estaremos aquí para ayudarte!,1
0502250608,CierreMasivo 06Feb25,1,6,[ Hemos atendido tu aclaración y abonado el importe reclamado a tu cuenta. Valoramos tu elección como cliente en BanCoppel y esperamos seguir siendo tu elección para futuras compras. ¡Siempre estaremos aquí para ayudarte!,1
0502250549,CierreMasivo 06Feb25,1,6,[ Hemos atendido tu aclaración y abonado el importe reclamado a tu cuenta. Valoramos tu elección como cliente en BanCoppel y esperamos seguir siendo tu elección para futuras compras. ¡Siempre estaremos aquí para ayudarte!,1
0502250360,CierreMasivo 06Feb25,1,6,[ Hemos atendido tu aclaración y abonado el importe reclamado a tu cuenta. Valoramos tu elección como cliente en BanCoppel y esperamos seguir siendo tu elección para futuras compras. ¡Siempre estaremos aquí para ayudarte!,1
0502250534,CierreMasivo 06Feb25,1,6,[ Hemos atendido tu aclaración y abonado el importe reclamado a tu cuenta. Valoramos tu elección como cliente en BanCoppel y esperamos seguir siendo tu elección para futuras compras. ¡Siempre estaremos aquí para ayudarte!,1
0502250569,CierreMasivo 06Feb25,1,6,[ Hemos atendido tu aclaración y abonado el importe reclamado a tu cuenta. Valoramos tu elección como cliente en BanCoppel y esperamos seguir siendo tu elección para futuras compras. ¡Siempre estaremos aquí para ayudarte!,1
0502250267,CierreMasivo 06Feb25,1,6,[ Hemos atendido tu aclaración y abonado el importe reclamado a tu cuenta. Valoramos tu elección como cliente en BanCoppel y esperamos seguir siendo tu elección para futuras compras. ¡Siempre estaremos aquí para ayudarte!,1
0502250427,CierreMasivo 06Feb25,1,6,[ Hemos atendido tu aclaración y abonado el importe reclamado a tu cuenta. Valoramos tu elección como cliente en BanCoppel y esperamos seguir siendo tu elección para futuras compras. ¡Siempre estaremos aquí para ayudarte!,1
0502250386,CierreMasivo 06Feb25,1,6,[ Hemos atendido tu aclaración y abonado el importe reclamado a tu cuenta. Valoramos tu elección como cliente en BanCoppel y esperamos seguir siendo tu elección para futuras compras. ¡Siempre estaremos aquí para ayudarte!,1
0502250400,CierreMasivo 06Feb25,1,6,[ Hemos atendido tu aclaración y abonado el importe reclamado a tu cuenta. Valoramos tu elección como cliente en BanCoppel y esperamos seguir siendo tu elección para futuras compras. ¡Siempre estaremos aquí para ayudarte!,1
0502250336,CierreMasivo 06Feb25,1,6,[ Hemos atendido tu aclaración y abonado el importe reclamado a tu cuenta. Valoramos tu elección como cliente en BanCoppel y esperamos seguir siendo tu elección para futuras compras. ¡Siempre estaremos aquí para ayudarte!,1
0502250250,CierreMasivo 06Feb25,1,6,[ Hemos atendido tu aclaración y abonado el importe reclamado a tu cuenta. Valoramos tu elección como cliente en BanCoppel y esperamos seguir siendo tu elección para futuras compras. ¡Siempre estaremos aquí para ayudarte!,1
0502250284,CierreMasivo 06Feb25,1,6,[ Hemos atendido tu aclaración y abonado el importe reclamado a tu cuenta. Valoramos tu elección como cliente en BanCoppel y esperamos seguir siendo tu elección para futuras compras. ¡Siempre estaremos aquí para ayudarte!,1
0502251497,CierreMasivo 06Feb25,1,6,[ Hemos atendido tu aclaración y abonado el importe reclamado a tu cuenta. Valoramos tu elección como cliente en BanCoppel y esperamos seguir siendo tu elección para futuras compras. ¡Siempre estaremos aquí para ayudarte!,1
0502252192,CierreMasivo 06Feb25,1,6,[ Hemos atendido tu aclaración y abonado el importe reclamado a tu cuenta. Valoramos tu elección como cliente en BanCoppel y esperamos seguir siendo tu elección para futuras compras. ¡Siempre estaremos aquí para ayudarte!,1
0502250443,CierreMasivo 06Feb25,1,6,[ Hemos atendido tu aclaración y abonado el importe reclamado a tu cuenta. Valoramos tu elección como cliente en BanCoppel y esperamos seguir siendo tu elección para futuras compras. ¡Siempre estaremos aquí para ayudarte!,1
0502251105,CierreMasivo 06Feb25,1,6,[ Hemos atendido tu aclaración y abonado el importe reclamado a tu cuenta. Valoramos tu elección como cliente en BanCoppel y esperamos seguir siendo tu elección para futuras compras. ¡Siempre estaremos aquí para ayudarte!,1
0502252654,CierreMasivo 06Feb25,1,6,[ Hemos atendido tu aclaración y abonado el importe reclamado a tu cuenta. Valoramos tu elección como cliente en BanCoppel y esperamos seguir siendo tu elección para futuras compras. ¡Siempre estaremos aquí para ayudarte!,1
0502251818,CierreMasivo 06Feb25,1,6,[ Hemos atendido tu aclaración y abonado el importe reclamado a tu cuenta. Valoramos tu elección como cliente en BanCoppel y esperamos seguir siendo tu elección para futuras compras. ¡Siempre estaremos aquí para ayudarte!,1
0502251838,CierreMasivo 06Feb25,1,6,[ Hemos atendido tu aclaración y abonado el importe reclamado a tu cuenta. Valoramos tu elección como cliente en BanCoppel y esperamos seguir siendo tu elección para futuras compras. ¡Siempre estaremos aquí para ayudarte!,1
0502251846,CierreMasivo 06Feb25,1,6,[ Hemos atendido tu aclaración y abonado el importe reclamado a tu cuenta. Valoramos tu elección como cliente en BanCoppel y esperamos seguir siendo tu elección para futuras compras. ¡Siempre estaremos aquí para ayudarte!,1
0502253206,CierreMasivo 06Feb25,1,6,[ Hemos atendido tu aclaración y abonado el importe reclamado a tu cuenta. Valoramos tu elección como cliente en BanCoppel y esperamos seguir siendo tu elección para futuras compras. ¡Siempre estaremos aquí para ayudarte!,1
0502250735,CierreMasivo 06Feb25,1,6,[ Hemos atendido tu aclaración y abonado el importe reclamado a tu cuenta. Valoramos tu elección como cliente en BanCoppel y esperamos seguir siendo tu elección para futuras compras. ¡Siempre estaremos aquí para ayudarte!,1
0502253490,CierreMasivo 06Feb25,1,6,[ Hemos atendido tu aclaración y abonado el importe reclamado a tu cuenta. Valoramos tu elección como cliente en BanCoppel y esperamos seguir siendo tu elección para futuras compras. ¡Siempre estaremos aquí para ayudarte!,1
0502251235,CierreMasivo 06Feb25,1,6,[ Hemos atendido tu aclaración y abonado el importe reclamado a tu cuenta. Valoramos tu elección como cliente en BanCoppel y esperamos seguir siendo tu elección para futuras compras. ¡Siempre estaremos aquí para ayudarte!,1
0502252771,CierreMasivo 06Feb25,1,6,[ Hemos atendido tu aclaración y abonado el importe reclamado a tu cuenta. Valoramos tu elección como cliente en BanCoppel y esperamos seguir siendo tu elección para futuras compras. ¡Siempre estaremos aquí para ayudarte!,1
0502252795,CierreMasivo 06Feb25,1,6,[ Hemos atendido tu aclaración y abonado el importe reclamado a tu cuenta. Valoramos tu elección como cliente en BanCoppel y esperamos seguir siendo tu elección para futuras compras. ¡Siempre estaremos aquí para ayudarte!,1
0502252806,CierreMasivo 06Feb25,1,6,[ Hemos atendido tu aclaración y abonado el importe reclamado a tu cuenta. Valoramos tu elección como cliente en BanCoppel y esperamos seguir siendo tu elección para futuras compras. ¡Siempre estaremos aquí para ayudarte!,1
0502252819,CierreMasivo 06Feb25,1,6,[ Hemos atendido tu aclaración y abonado el importe reclamado a tu cuenta. Valoramos tu elección como cliente en BanCoppel y esperamos seguir siendo tu elección para futuras compras. ¡Siempre estaremos aquí para ayudarte!,1
0502252782,CierreMasivo 06Feb25,1,6,[ Hemos atendido tu aclaración y abonado el importe reclamado a tu cuenta. Valoramos tu elección como cliente en BanCoppel y esperamos seguir siendo tu elección para futuras compras. ¡Siempre estaremos aquí para ayudarte!,1
0502252750,CierreMasivo 06Feb25,1,6,[ Hemos atendido tu aclaración y abonado el importe reclamado a tu cuenta. Valoramos tu elección como cliente en BanCoppel y esperamos seguir siendo tu elección para futuras compras. ¡Siempre estaremos aquí para ayudarte!,1
0502251362,CierreMasivo 06Feb25,1,6,[ Hemos atendido tu aclaración y abonado el importe reclamado a tu cuenta. Valoramos tu elección como cliente en BanCoppel y esperamos seguir siendo tu elección para futuras compras. ¡Siempre estaremos aquí para ayudarte!,1
0502251390,CierreMasivo 06Feb25,1,6,[ Hemos atendido tu aclaración y abonado el importe reclamado a tu cuenta. Valoramos tu elección como cliente en BanCoppel y esperamos seguir siendo tu elección para futuras compras. ¡Siempre estaremos aquí para ayudarte!,1
0502251420,CierreMasivo 06Feb25,1,6,[ Hemos atendido tu aclaración y abonado el importe reclamado a tu cuenta. Valoramos tu elección como cliente en BanCoppel y esperamos seguir siendo tu elección para futuras compras. ¡Siempre estaremos aquí para ayudarte!,1
0502251430,CierreMasivo 06Feb25,1,6,[ Hemos atendido tu aclaración y abonado el importe reclamado a tu cuenta. Valoramos tu elección como cliente en BanCoppel y esperamos seguir siendo tu elección para futuras compras. ¡Siempre estaremos aquí para ayudarte!,1
0502250124,CierreMasivo 06Feb25,1,6,[ Hemos atendido tu aclaración y abonado el importe reclamado a tu cuenta. Valoramos tu elección como cliente en BanCoppel y esperamos seguir siendo tu elección para futuras compras. ¡Siempre estaremos aquí para ayudarte!,1
0502250129,CierreMasivo 06Feb25,1,6,[ Hemos atendido tu aclaración y abonado el importe reclamado a tu cuenta. Valoramos tu elección como cliente en BanCoppel y esperamos seguir siendo tu elección para futuras compras. ¡Siempre estaremos aquí para ayudarte!,1
0502250122,CierreMasivo 06Feb25,1,6,[ Hemos atendido tu aclaración y abonado el importe reclamado a tu cuenta. Valoramos tu elección como cliente en BanCoppel y esperamos seguir siendo tu elección para futuras compras. ¡Siempre estaremos aquí para ayudarte!,1
0502250116,CierreMasivo 06Feb25,1,6,[ Hemos atendido tu aclaración y abonado el importe reclamado a tu cuenta. Valoramos tu elección como cliente en BanCoppel y esperamos seguir siendo tu elección para futuras compras. ¡Siempre estaremos aquí para ayudarte!,1
0502250150,CierreMasivo 06Feb25,1,6,[ Hemos atendido tu aclaración y abonado el importe reclamado a tu cuenta. Valoramos tu elección como cliente en BanCoppel y esperamos seguir siendo tu elección para futuras compras. ¡Siempre estaremos aquí para ayudarte!,1
0502250187,CierreMasivo 06Feb25,1,6,[ Hemos atendido tu aclaración y abonado el importe reclamado a tu cuenta. Valoramos tu elección como cliente en BanCoppel y esperamos seguir siendo tu elección para futuras compras. ¡Siempre estaremos aquí para ayudarte!,1
0502250171,CierreMasivo 06Feb25,1,6,[ Hemos atendido tu aclaración y abonado el importe reclamado a tu cuenta. Valoramos tu elección como cliente en BanCoppel y esperamos seguir siendo tu elección para futuras compras. ¡Siempre estaremos aquí para ayudarte!,1
0502250177,CierreMasivo 06Feb25,1,6,[ Hemos atendido tu aclaración y abonado el importe reclamado a tu cuenta. Valoramos tu elección como cliente en BanCoppel y esperamos seguir siendo tu elección para futuras compras. ¡Siempre estaremos aquí para ayudarte!,1
0502250184,CierreMasivo 06Feb25,1,6,[ Hemos atendido tu aclaración y abonado el importe reclamado a tu cuenta. Valoramos tu elección como cliente en BanCoppel y esperamos seguir siendo tu elección para futuras compras. ¡Siempre estaremos aquí para ayudarte!,1
0502250134,CierreMasivo 06Feb25,1,6,[ Hemos atendido tu aclaración y abonado el importe reclamado a tu cuenta. Valoramos tu elección como cliente en BanCoppel y esperamos seguir siendo tu elección para futuras compras. ¡Siempre estaremos aquí para ayudarte!,1
0502250137,CierreMasivo 06Feb25,1,6,[ Hemos atendido tu aclaración y abonado el importe reclamado a tu cuenta. Valoramos tu elección como cliente en BanCoppel y esperamos seguir siendo tu elección para futuras compras. ¡Siempre estaremos aquí para ayudarte!,1
0502250143,CierreMasivo 06Feb25,1,6,[ Hemos atendido tu aclaración y abonado el importe reclamado a tu cuenta. Valoramos tu elección como cliente en BanCoppel y esperamos seguir siendo tu elección para futuras compras. ¡Siempre estaremos aquí para ayudarte!,1
0502250159,CierreMasivo 06Feb25,1,6,[ Hemos atendido tu aclaración y abonado el importe reclamado a tu cuenta. Valoramos tu elección como cliente en BanCoppel y esperamos seguir siendo tu elección para futuras compras. ¡Siempre estaremos aquí para ayudarte!,1
0502250110,CierreMasivo 06Feb25,1,6,[ Hemos atendido tu aclaración y abonado el importe reclamado a tu cuenta. Valoramos tu elección como cliente en BanCoppel y esperamos seguir siendo tu elección para futuras compras. ¡Siempre estaremos aquí para ayudarte!,1
0502250310,CierreMasivo 06Feb25,1,6,[ Hemos atendido tu aclaración y abonado el importe reclamado a tu cuenta. Valoramos tu elección como cliente en BanCoppel y esperamos seguir siendo tu elección para futuras compras. ¡Siempre estaremos aquí para ayudarte!,1
0502250320,CierreMasivo 06Feb25,1,6,[ Hemos atendido tu aclaración y abonado el importe reclamado a tu cuenta. Valoramos tu elección como cliente en BanCoppel y esperamos seguir siendo tu elección para futuras compras. ¡Siempre estaremos aquí para ayudarte!,1
0502250147,CierreMasivo 06Feb25,1,6,[ Hemos atendido tu aclaración y abonado el importe reclamado a tu cuenta. Valoramos tu elección como cliente en BanCoppel y esperamos seguir siendo tu elección para futuras compras. ¡Siempre estaremos aquí para ayudarte!,1
0502250112,CierreMasivo 06Feb25,1,6,[ Hemos atendido tu aclaración y abonado el importe reclamado a tu cuenta. Valoramos tu elección como cliente en BanCoppel y esperamos seguir siendo tu elección para futuras compras. ¡Siempre estaremos aquí para ayudarte!,1
0502250280,CierreMasivo 06Feb25,1,6,[ Hemos atendido tu aclaración y abonado el importe reclamado a tu cuenta. Valoramos tu elección como cliente en BanCoppel y esperamos seguir siendo tu elección para futuras compras. ¡Siempre estaremos aquí para ayudarte!,1
0502253248,CierreMasivo 06Feb25,1,6,[ Hemos atendido tu aclaración y abonado el importe reclamado a tu cuenta. Valoramos tu elección como cliente en BanCoppel y esperamos seguir siendo tu elección para futuras compras. ¡Siempre estaremos aquí para ayudarte!,1
0502253271,CierreMasivo 06Feb25,1,6,[ Hemos atendido tu aclaración y abonado el importe reclamado a tu cuenta. Valoramos tu elección como cliente en BanCoppel y esperamos seguir siendo tu elección para futuras compras. ¡Siempre estaremos aquí para ayudarte!,1
0502251791,CierreMasivo 06Feb25,1,6,[ Hemos atendido tu aclaración y abonado el importe reclamado a tu cuenta. Valoramos tu elección como cliente en BanCoppel y esperamos seguir siendo tu elección para futuras compras. ¡Siempre estaremos aquí para ayudarte!,1
0502251773,CierreMasivo 06Feb25,1,6,[ Hemos atendido tu aclaración y abonado el importe reclamado a tu cuenta. Valoramos tu elección como cliente en BanCoppel y esperamos seguir siendo tu elección para futuras compras. ¡Siempre estaremos aquí para ayudarte!,1
0502251781,CierreMasivo 06Feb25,1,6,[ Hemos atendido tu aclaración y abonado el importe reclamado a tu cuenta. Valoramos tu elección como cliente en BanCoppel y esperamos seguir siendo tu elección para futuras compras. ¡Siempre estaremos aquí para ayudarte!,1
0502250528,CierreMasivo 06Feb25,1,6,[ Hemos atendido tu aclaración y abonado el importe reclamado a tu cuenta. Valoramos tu elección como cliente en BanCoppel y esperamos seguir siendo tu elección para futuras compras. ¡Siempre estaremos aquí para ayudarte!,1
0502251131,CierreMasivo 06Feb25,1,6,[ Hemos atendido tu aclaración y abonado el importe reclamado a tu cuenta. Valoramos tu elección como cliente en BanCoppel y esperamos seguir siendo tu elección para futuras compras. ¡Siempre estaremos aquí para ayudarte!,1
0502251206,CierreMasivo 06Feb25,1,6,[ Hemos atendido tu aclaración y abonado el importe reclamado a tu cuenta. Valoramos tu elección como cliente en BanCoppel y esperamos seguir siendo tu elección para futuras compras. ¡Siempre estaremos aquí para ayudarte!,1
0502253539,CierreMasivo 06Feb25,1,6,[ Hemos atendido tu aclaración y abonado el importe reclamado a tu cuenta. Valoramos tu elección como cliente en BanCoppel y esperamos seguir siendo tu elección para futuras compras. ¡Siempre estaremos aquí para ayudarte!,1
0502252841,CierreMasivo 06Feb25,1,6,[ Hemos atendido tu aclaración y abonado el importe reclamado a tu cuenta. Valoramos tu elección como cliente en BanCoppel y esperamos seguir siendo tu elección para futuras compras. ¡Siempre estaremos aquí para ayudarte!,1
0502252388,CierreMasivo 06Feb25,1,6,[ Hemos atendido tu aclaración y abonado el importe reclamado a tu cuenta. Valoramos tu elección como cliente en BanCoppel y esperamos seguir siendo tu elección para futuras compras. ¡Siempre estaremos aquí para ayudarte!,1
0502252840,CierreMasivo 06Feb25,1,6,[ Hemos atendido tu aclaración y abonado el importe reclamado a tu cuenta. Valoramos tu elección como cliente en BanCoppel y esperamos seguir siendo tu elección para futuras compras. ¡Siempre estaremos aquí para ayudarte!,1
0502250774,CierreMasivo 06Feb25,1,6,[ Hemos atendido tu aclaración y abonado el importe reclamado a tu cuenta. Valoramos tu elección como cliente en BanCoppel y esperamos seguir siendo tu elección para futuras compras. ¡Siempre estaremos aquí para ayudarte!,1
0502250481,CierreMasivo 06Feb25,1,6,[ Hemos atendido tu aclaración y abonado el importe reclamado a tu cuenta. Valoramos tu elección como cliente en BanCoppel y esperamos seguir siendo tu elección para futuras compras. ¡Siempre estaremos aquí para ayudarte!,1
0502250884,CierreMasivo 06Feb25,1,6,[ Hemos atendido tu aclaración y abonado el importe reclamado a tu cuenta. Valoramos tu elección como cliente en BanCoppel y esperamos seguir siendo tu elección para futuras compras. ¡Siempre estaremos aquí para ayudarte!,1
0502250893,CierreMasivo 06Feb25,1,6,[ Hemos atendido tu aclaración y abonado el importe reclamado a tu cuenta. Valoramos tu elección como cliente en BanCoppel y esperamos seguir siendo tu elección para futuras compras. ¡Siempre estaremos aquí para ayudarte!,1
0502250906,CierreMasivo 06Feb25,1,6,[ Hemos atendido tu aclaración y abonado el importe reclamado a tu cuenta. Valoramos tu elección como cliente en BanCoppel y esperamos seguir siendo tu elección para futuras compras. ¡Siempre estaremos aquí para ayudarte!,1
0502250912,CierreMasivo 06Feb25,1,6,[ Hemos atendido tu aclaración y abonado el importe reclamado a tu cuenta. Valoramos tu elección como cliente en BanCoppel y esperamos seguir siendo tu elección para futuras compras. ¡Siempre estaremos aquí para ayudarte!,1
0502250921,CierreMasivo 06Feb25,1,6,[ Hemos atendido tu aclaración y abonado el importe reclamado a tu cuenta. Valoramos tu elección como cliente en BanCoppel y esperamos seguir siendo tu elección para futuras compras. ¡Siempre estaremos aquí para ayudarte!,1
0502250855,CierreMasivo 06Feb25,1,6,[ Hemos atendido tu aclaración y abonado el importe reclamado a tu cuenta. Valoramos tu elección como cliente en BanCoppel y esperamos seguir siendo tu elección para futuras compras. ¡Siempre estaremos aquí para ayudarte!,1
0502250937,CierreMasivo 06Feb25,1,6,[ Hemos atendido tu aclaración y abonado el importe reclamado a tu cuenta. Valoramos tu elección como cliente en BanCoppel y esperamos seguir siendo tu elección para futuras compras. ¡Siempre estaremos aquí para ayudarte!,1
0502250490,CierreMasivo 06Feb25,1,6,[ Hemos atendido tu aclaración y abonado el importe reclamado a tu cuenta. Valoramos tu elección como cliente en BanCoppel y esperamos seguir siendo tu elección para futuras compras. ¡Siempre estaremos aquí para ayudarte!,1
0502250864,CierreMasivo 06Feb25,1,6,[ Hemos atendido tu aclaración y abonado el importe reclamado a tu cuenta. Valoramos tu elección como cliente en BanCoppel y esperamos seguir siendo tu elección para futuras compras. ¡Siempre estaremos aquí para ayudarte!,1
0502250115,CierreMasivo 06Feb25,1,6,[ Hemos atendido tu aclaración y abonado el importe reclamado a tu cuenta. Valoramos tu elección como cliente en BanCoppel y esperamos seguir siendo tu elección para futuras compras. ¡Siempre estaremos aquí para ayudarte!,1
0502251423,CierreMasivo 06Feb25,1,6,[ Hemos atendido tu aclaración y abonado el importe reclamado a tu cuenta. Valoramos tu elección como cliente en BanCoppel y esperamos seguir siendo tu elección para futuras compras. ¡Siempre estaremos aquí para ayudarte!,1
0502252615,CierreMasivo 06Feb25,1,6,[ Hemos atendido tu aclaración y abonado el importe reclamado a tu cuenta. Valoramos tu elección como cliente en BanCoppel y esperamos seguir siendo tu elección para futuras compras. ¡Siempre estaremos aquí para ayudarte!,1
0502251645,CierreMasivo 06Feb25,1,6,[ Hemos atendido tu aclaración y abonado el importe reclamado a tu cuenta. Valoramos tu elección como cliente en BanCoppel y esperamos seguir siendo tu elección para futuras compras. ¡Siempre estaremos aquí para ayudarte!,1
0502250300,CierreMasivo 06Feb25,1,6,[ Hemos atendido tu aclaración y abonado el importe reclamado a tu cuenta. Valoramos tu elección como cliente en BanCoppel y esperamos seguir siendo tu elección para futuras compras. ¡Siempre estaremos aquí para ayudarte!,1
0502250416,CierreMasivo 06Feb25,1,6,[ Hemos atendido tu aclaración y abonado el importe reclamado a tu cuenta. Valoramos tu elección como cliente en BanCoppel y esperamos seguir siendo tu elección para futuras compras. ¡Siempre estaremos aquí para ayudarte!,1
0502251507,CierreMasivo 06Feb25,1,6,[ Hemos atendido tu aclaración y abonado el importe reclamado a tu cuenta. Valoramos tu elección como cliente en BanCoppel y esperamos seguir siendo tu elección para futuras compras. ¡Siempre estaremos aquí para ayudarte!,1
0502250117,CierreMasivo 06Feb25,1,6,[ Hemos atendido tu aclaración y abonado el importe reclamado a tu cuenta. Valoramos tu elección como cliente en BanCoppel y esperamos seguir siendo tu elección para futuras compras. ¡Siempre estaremos aquí para ayudarte!,1
0502250111,CierreMasivo 06Feb25,1,6,[ Hemos atendido tu aclaración y abonado el importe reclamado a tu cuenta. Valoramos tu elección como cliente en BanCoppel y esperamos seguir siendo tu elección para futuras compras. ¡Siempre estaremos aquí para ayudarte!,1
0502250045,CierreMasivo 06Feb25,1,6,[ Hemos atendido tu aclaración y abonado el importe reclamado a tu cuenta. Valoramos tu elección como cliente en BanCoppel y esperamos seguir siendo tu elección para futuras compras. ¡Siempre estaremos aquí para ayudarte!,1
0502250048,CierreMasivo 06Feb25,1,6,[ Hemos atendido tu aclaración y abonado el importe reclamado a tu cuenta. Valoramos tu elección como cliente en BanCoppel y esperamos seguir siendo tu elección para futuras compras. ¡Siempre estaremos aquí para ayudarte!,1
0502250053,CierreMasivo 06Feb25,1,6,[ Hemos atendido tu aclaración y abonado el importe reclamado a tu cuenta. Valoramos tu elección como cliente en BanCoppel y esperamos seguir siendo tu elección para futuras compras. ¡Siempre estaremos aquí para ayudarte!,1
0502250382,CierreMasivo 06Feb25,1,6,[ Hemos atendido tu aclaración y abonado el importe reclamado a tu cuenta. Valoramos tu elección como cliente en BanCoppel y esperamos seguir siendo tu elección para futuras compras. ¡Siempre estaremos aquí para ayudarte!,1
0502251410,CierreMasivo 06Feb25,1,6,[ Hemos atendido tu aclaración y abonado el importe reclamado a tu cuenta. Valoramos tu elección como cliente en BanCoppel y esperamos seguir siendo tu elección para futuras compras. ¡Siempre estaremos aquí para ayudarte!,1
0502251427,CierreMasivo 06Feb25,1,6,[ Hemos atendido tu aclaración y abonado el importe reclamado a tu cuenta. Valoramos tu elección como cliente en BanCoppel y esperamos seguir siendo tu elección para futuras compras. ¡Siempre estaremos aquí para ayudarte!,1
0502251169,CierreMasivo 06Feb25,1,6,[ Hemos atendido tu aclaración y abonado el importe reclamado a tu cuenta. Valoramos tu elección como cliente en BanCoppel y esperamos seguir siendo tu elección para futuras compras. ¡Siempre estaremos aquí para ayudarte!,1
0502251186,CierreMasivo 06Feb25,1,6,[ Hemos atendido tu aclaración y abonado el importe reclamado a tu cuenta. Valoramos tu elección como cliente en BanCoppel y esperamos seguir siendo tu elección para futuras compras. ¡Siempre estaremos aquí para ayudarte!,1
0502251211,CierreMasivo 06Feb25,1,6,[ Hemos atendido tu aclaración y abonado el importe reclamado a tu cuenta. Valoramos tu elección como cliente en BanCoppel y esperamos seguir siendo tu elección para futuras compras. ¡Siempre estaremos aquí para ayudarte!,1
0502251234,CierreMasivo 06Feb25,1,6,[ Hemos atendido tu aclaración y abonado el importe reclamado a tu cuenta. Valoramos tu elección como cliente en BanCoppel y esperamos seguir siendo tu elección para futuras compras. ¡Siempre estaremos aquí para ayudarte!,1
0502251255,CierreMasivo 06Feb25,1,6,[ Hemos atendido tu aclaración y abonado el importe reclamado a tu cuenta. Valoramos tu elección como cliente en BanCoppel y esperamos seguir siendo tu elección para futuras compras. ¡Siempre estaremos aquí para ayudarte!,1
0502251283,CierreMasivo 06Feb25,1,6,[ Hemos atendido tu aclaración y abonado el importe reclamado a tu cuenta. Valoramos tu elección como cliente en BanCoppel y esperamos seguir siendo tu elección para futuras compras. ¡Siempre estaremos aquí para ayudarte!,1
0502250560,CierreMasivo 06Feb25,1,6,[ Hemos atendido tu aclaración y abonado el importe reclamado a tu cuenta. Valoramos tu elección como cliente en BanCoppel y esperamos seguir siendo tu elección para futuras compras. ¡Siempre estaremos aquí para ayudarte!,1
0502250875,CierreMasivo 06Feb25,1,6,[ Hemos atendido tu aclaración y abonado el importe reclamado a tu cuenta. Valoramos tu elección como cliente en BanCoppel y esperamos seguir siendo tu elección para futuras compras. ¡Siempre estaremos aquí para ayudarte!,1
0502250007,CierreMasivo 06Feb25,1,6,[ Hemos atendido tu aclaración y abonado el importe reclamado a tu cuenta. Valoramos tu elección como cliente en BanCoppel y esperamos seguir siendo tu elección para futuras compras. ¡Siempre estaremos aquí para ayudarte!,1
0502253510,CierreMasivo 06Feb25,1,6,[ Hemos atendido tu aclaración y abonado el importe reclamado a tu cuenta. Valoramos tu elección como cliente en BanCoppel y esperamos seguir siendo tu elección para futuras compras. ¡Siempre estaremos aquí para ayudarte!,1
0502250800,CierreMasivo 06Feb25,1,6,[ Hemos atendido tu aclaración y abonado el importe reclamado a tu cuenta. Valoramos tu elección como cliente en BanCoppel y esperamos seguir siendo tu elección para futuras compras. ¡Siempre estaremos aquí para ayudarte!,1
0502252886,CierreMasivo 06Feb25,1,6,[ Hemos atendido tu aclaración y abonado el importe reclamado a tu cuenta. Valoramos tu elección como cliente en BanCoppel y esperamos seguir siendo tu elección para futuras compras. ¡Siempre estaremos aquí para ayudarte!,1
0502252859,CierreMasivo 06Feb25,1,6,[ Hemos atendido tu aclaración y abonado el importe reclamado a tu cuenta. Valoramos tu elección como cliente en BanCoppel y esperamos seguir siendo tu elección para futuras compras. ¡Siempre estaremos aquí para ayudarte!,1
0502252908,CierreMasivo 06Feb25,1,6,[ Hemos atendido tu aclaración y abonado el importe reclamado a tu cuenta. Valoramos tu elección como cliente en BanCoppel y esperamos seguir siendo tu elección para futuras compras. ¡Siempre estaremos aquí para ayudarte!,1
0502252930,CierreMasivo 06Feb25,1,6,[ Hemos atendido tu aclaración y abonado el importe reclamado a tu cuenta. Valoramos tu elección como cliente en BanCoppel y esperamos seguir siendo tu elección para futuras compras. ¡Siempre estaremos aquí para ayudarte!,1
0502253064,CierreMasivo 06Feb25,1,6,[ Hemos atendido tu aclaración y abonado el importe reclamado a tu cuenta. Valoramos tu elección como cliente en BanCoppel y esperamos seguir siendo tu elección para futuras compras. ¡Siempre estaremos aquí para ayudarte!,1
0502250501,CierreMasivo 06Feb25,1,6,[ Hemos atendido tu aclaración y abonado el importe reclamado a tu cuenta. Valoramos tu elección como cliente en BanCoppel y esperamos seguir siendo tu elección para futuras compras. ¡Siempre estaremos aquí para ayudarte!,1
0502250513,CierreMasivo 06Feb25,1,6,[ Hemos atendido tu aclaración y abonado el importe reclamado a tu cuenta. Valoramos tu elección como cliente en BanCoppel y esperamos seguir siendo tu elección para futuras compras. ¡Siempre estaremos aquí para ayudarte!,1
0502252592,CierreMasivo 06Feb25,1,6,[ Hemos atendido tu aclaración y abonado el importe reclamado a tu cuenta. Valoramos tu elección como cliente en BanCoppel y esperamos seguir siendo tu elección para futuras compras. ¡Siempre estaremos aquí para ayudarte!,1
0502250894,CierreMasivo 06Feb25,1,6,[ Hemos atendido tu aclaración y abonado el importe reclamado a tu cuenta. Valoramos tu elección como cliente en BanCoppel y esperamos seguir siendo tu elección para futuras compras. ¡Siempre estaremos aquí para ayudarte!,1
0502252700,CierreMasivo 06Feb25,1,6,[ Hemos atendido tu aclaración y abonado el importe reclamado a tu cuenta. Valoramos tu elección como cliente en BanCoppel y esperamos seguir siendo tu elección para futuras compras. ¡Siempre estaremos aquí para ayudarte!,1
0502252726,CierreMasivo 06Feb25,1,6,[ Hemos atendido tu aclaración y abonado el importe reclamado a tu cuenta. Valoramos tu elección como cliente en BanCoppel y esperamos seguir siendo tu elección para futuras compras. ¡Siempre estaremos aquí para ayudarte!,1
0502252741,CierreMasivo 06Feb25,1,6,[ Hemos atendido tu aclaración y abonado el importe reclamado a tu cuenta. Valoramos tu elección como cliente en BanCoppel y esperamos seguir siendo tu elección para futuras compras. ¡Siempre estaremos aquí para ayudarte!,1
0502252752,CierreMasivo 06Feb25,1,6,[ Hemos atendido tu aclaración y abonado el importe reclamado a tu cuenta. Valoramos tu elección como cliente en BanCoppel y esperamos seguir siendo tu elección para futuras compras. ¡Siempre estaremos aquí para ayudarte!,1
0502253435,CierreMasivo 06Feb25,1,6,[ Hemos atendido tu aclaración y abonado el importe reclamado a tu cuenta. Valoramos tu elección como cliente en BanCoppel y esperamos seguir siendo tu elección para futuras compras. ¡Siempre estaremos aquí para ayudarte!,1
0502250169,CierreMasivo 06Feb25,1,6,[ Hemos atendido tu aclaración y abonado el importe reclamado a tu cuenta. Valoramos tu elección como cliente en BanCoppel y esperamos seguir siendo tu elección para futuras compras. ¡Siempre estaremos aquí para ayudarte!,1
0502250176,CierreMasivo 06Feb25,1,6,[ Hemos atendido tu aclaración y abonado el importe reclamado a tu cuenta. Valoramos tu elección como cliente en BanCoppel y esperamos seguir siendo tu elección para futuras compras. ¡Siempre estaremos aquí para ayudarte!,1
0502250188,CierreMasivo 06Feb25,1,6,[ Hemos atendido tu aclaración y abonado el importe reclamado a tu cuenta. Valoramos tu elección como cliente en BanCoppel y esperamos seguir siendo tu elección para futuras compras. ¡Siempre estaremos aquí para ayudarte!,1
0502250197,CierreMasivo 06Feb25,1,6,[ Hemos atendido tu aclaración y abonado el importe reclamado a tu cuenta. Valoramos tu elección como cliente en BanCoppel y esperamos seguir siendo tu elección para futuras compras. ¡Siempre estaremos aquí para ayudarte!,1
0502250161,CierreMasivo 06Feb25,1,6,[ Hemos atendido tu aclaración y abonado el importe reclamado a tu cuenta. Valoramos tu elección como cliente en BanCoppel y esperamos seguir siendo tu elección para futuras compras. ¡Siempre estaremos aquí para ayudarte!,1
0502251632,CierreMasivo 06Feb25,1,6,[ Hemos atendido tu aclaración y abonado el importe reclamado a tu cuenta. Valoramos tu elección como cliente en BanCoppel y esperamos seguir siendo tu elección para futuras compras. ¡Siempre estaremos aquí para ayudarte!,1
0502251616,CierreMasivo 06Feb25,1,6,[ Hemos atendido tu aclaración y abonado el importe reclamado a tu cuenta. Valoramos tu elección como cliente en BanCoppel y esperamos seguir siendo tu elección para futuras compras. ¡Siempre estaremos aquí para ayudarte!,1
0502251623,CierreMasivo 06Feb25,1,6,[ Hemos atendido tu aclaración y abonado el importe reclamado a tu cuenta. Valoramos tu elección como cliente en BanCoppel y esperamos seguir siendo tu elección para futuras compras. ¡Siempre estaremos aquí para ayudarte!,1
0502251638,CierreMasivo 06Feb25,1,6,[ Hemos atendido tu aclaración y abonado el importe reclamado a tu cuenta. Valoramos tu elección como cliente en BanCoppel y esperamos seguir siendo tu elección para futuras compras. ¡Siempre estaremos aquí para ayudarte!,1
0502250644,CierreMasivo 06Feb25,1,6,[ Hemos atendido tu aclaración y abonado el importe reclamado a tu cuenta. Valoramos tu elección como cliente en BanCoppel y esperamos seguir siendo tu elección para futuras compras. ¡Siempre estaremos aquí para ayudarte!,1
0502252507,CierreMasivo 06Feb25,1,6,[ Hemos atendido tu aclaración y abonado el importe reclamado a tu cuenta. Valoramos tu elección como cliente en BanCoppel y esperamos seguir siendo tu elección para futuras compras. ¡Siempre estaremos aquí para ayudarte!,1
0502251615,CierreMasivo 06Feb25,1,6,[ Hemos atendido tu aclaración y abonado el importe reclamado a tu cuenta. Valoramos tu elección como cliente en BanCoppel y esperamos seguir siendo tu elección para futuras compras. ¡Siempre estaremos aquí para ayudarte!,1
0502252437,CierreMasivo 06Feb25,1,6,[ Hemos atendido tu aclaración y abonado el importe reclamado a tu cuenta. Valoramos tu elección como cliente en BanCoppel y esperamos seguir siendo tu elección para futuras compras. ¡Siempre estaremos aquí para ayudarte!,1
0502253447,CierreMasivo 06Feb25,1,6,[ Hemos atendido tu aclaración y abonado el importe reclamado a tu cuenta. Valoramos tu elección como cliente en BanCoppel y esperamos seguir siendo tu elección para futuras compras. ¡Siempre estaremos aquí para ayudarte!,1
0502251458,CierreMasivo 06Feb25,1,6,[ Hemos atendido tu aclaración y abonado el importe reclamado a tu cuenta. Valoramos tu elección como cliente en BanCoppel y esperamos seguir siendo tu elección para futuras compras. ¡Siempre estaremos aquí para ayudarte!,1
0502251501,CierreMasivo 06Feb25,1,6,[ Hemos atendido tu aclaración y abonado el importe reclamado a tu cuenta. Valoramos tu elección como cliente en BanCoppel y esperamos seguir siendo tu elección para futuras compras. ¡Siempre estaremos aquí para ayudarte!,1
0502251527,CierreMasivo 06Feb25,1,6,[ Hemos atendido tu aclaración y abonado el importe reclamado a tu cuenta. Valoramos tu elección como cliente en BanCoppel y esperamos seguir siendo tu elección para futuras compras. ¡Siempre estaremos aquí para ayudarte!,1
0502251571,CierreMasivo 06Feb25,1,6,[ Hemos atendido tu aclaración y abonado el importe reclamado a tu cuenta. Valoramos tu elección como cliente en BanCoppel y esperamos seguir siendo tu elección para futuras compras. ¡Siempre estaremos aquí para ayudarte!,1
0502253194,CierreMasivo 06Feb25,1,6,[ Hemos atendido tu aclaración y abonado el importe reclamado a tu cuenta. Valoramos tu elección como cliente en BanCoppel y esperamos seguir siendo tu elección para futuras compras. ¡Siempre estaremos aquí para ayudarte!,1
0502251132,CierreMasivo 06Feb25,1,6,[ Hemos atendido tu aclaración y abonado el importe reclamado a tu cuenta. Valoramos tu elección como cliente en BanCoppel y esperamos seguir siendo tu elección para futuras compras. ¡Siempre estaremos aquí para ayudarte!,1
0502251738,CierreMasivo 06Feb25,1,6,[ Hemos atendido tu aclaración y abonado el importe reclamado a tu cuenta. Valoramos tu elección como cliente en BanCoppel y esperamos seguir siendo tu elección para futuras compras. ¡Siempre estaremos aquí para ayudarte!,1
0502251749,CierreMasivo 06Feb25,1,6,[ Hemos atendido tu aclaración y abonado el importe reclamado a tu cuenta. Valoramos tu elección como cliente en BanCoppel y esperamos seguir siendo tu elección para futuras compras. ¡Siempre estaremos aquí para ayudarte!,1
0502251996,CierreMasivo 06Feb25,1,6,[ Hemos atendido tu aclaración y abonado el importe reclamado a tu cuenta. Valoramos tu elección como cliente en BanCoppel y esperamos seguir siendo tu elección para futuras compras. ¡Siempre estaremos aquí para ayudarte!,1
0502251964,CierreMasivo 06Feb25,1,6,[ Hemos atendido tu aclaración y abonado el importe reclamado a tu cuenta. Valoramos tu elección como cliente en BanCoppel y esperamos seguir siendo tu elección para futuras compras. ¡Siempre estaremos aquí para ayudarte!,1
0502251978,CierreMasivo 06Feb25,1,6,[ Hemos atendido tu aclaración y abonado el importe reclamado a tu cuenta. Valoramos tu elección como cliente en BanCoppel y esperamos seguir siendo tu elección para futuras compras. ¡Siempre estaremos aquí para ayudarte!,1
0502251866,CierreMasivo 06Feb25,1,6,[ Hemos atendido tu aclaración y abonado el importe reclamado a tu cuenta. Valoramos tu elección como cliente en BanCoppel y esperamos seguir siendo tu elección para futuras compras. ¡Siempre estaremos aquí para ayudarte!,1
0502251884,CierreMasivo 06Feb25,1,6,[ Hemos atendido tu aclaración y abonado el importe reclamado a tu cuenta. Valoramos tu elección como cliente en BanCoppel y esperamos seguir siendo tu elección para futuras compras. ¡Siempre estaremos aquí para ayudarte!,1
0502251901,CierreMasivo 06Feb25,1,6,[ Hemos atendido tu aclaración y abonado el importe reclamado a tu cuenta. Valoramos tu elección como cliente en BanCoppel y esperamos seguir siendo tu elección para futuras compras. ¡Siempre estaremos aquí para ayudarte!,1
0502251053,CierreMasivo 06Feb25,1,6,[ Hemos atendido tu aclaración y abonado el importe reclamado a tu cuenta. Valoramos tu elección como cliente en BanCoppel y esperamos seguir siendo tu elección para futuras compras. ¡Siempre estaremos aquí para ayudarte!,1
0502253192,CierreMasivo 06Feb25,1,6,[ Hemos atendido tu aclaración y abonado el importe reclamado a tu cuenta. Valoramos tu elección como cliente en BanCoppel y esperamos seguir siendo tu elección para futuras compras. ¡Siempre estaremos aquí para ayudarte!,1
0502253182,CierreMasivo 06Feb25,1,6,[ Hemos atendido tu aclaración y abonado el importe reclamado a tu cuenta. Valoramos tu elección como cliente en BanCoppel y esperamos seguir siendo tu elección para futuras compras. ¡Siempre estaremos aquí para ayudarte!,1
0502250328,CierreMasivo 06Feb25,1,6,[ Hemos atendido tu aclaración y abonado el importe reclamado a tu cuenta. Valoramos tu elección como cliente en BanCoppel y esperamos seguir siendo tu elección para futuras compras. ¡Siempre estaremos aquí para ayudarte!,1
0502253420,CierreMasivo 06Feb25,1,6,[ Hemos atendido tu aclaración y abonado el importe reclamado a tu cuenta. Valoramos tu elección como cliente en BanCoppel y esperamos seguir siendo tu elección para futuras compras. ¡Siempre estaremos aquí para ayudarte!,1
0502253137,CierreMasivo 06Feb25,1,6,[ Hemos atendido tu aclaración y abonado el importe reclamado a tu cuenta. Valoramos tu elección como cliente en BanCoppel y esperamos seguir siendo tu elección para futuras compras. ¡Siempre estaremos aquí para ayudarte!,1
0502253181,CierreMasivo 06Feb25,1,6,[ Hemos atendido tu aclaración y abonado el importe reclamado a tu cuenta. Valoramos tu elección como cliente en BanCoppel y esperamos seguir siendo tu elección para futuras compras. ¡Siempre estaremos aquí para ayudarte!,1
0502252245,CierreMasivo 06Feb25,1,6,[ Hemos atendido tu aclaración y abonado el importe reclamado a tu cuenta. Valoramos tu elección como cliente en BanCoppel y esperamos seguir siendo tu elección para futuras compras. ¡Siempre estaremos aquí para ayudarte!,1
0502251524,CierreMasivo 06Feb25,1,6,[ Hemos atendido tu aclaración y abonado el importe reclamado a tu cuenta. Valoramos tu elección como cliente en BanCoppel y esperamos seguir siendo tu elección para futuras compras. ¡Siempre estaremos aquí para ayudarte!,1
0502251590,CierreMasivo 06Feb25,1,6,[ Hemos atendido tu aclaración y abonado el importe reclamado a tu cuenta. Valoramos tu elección como cliente en BanCoppel y esperamos seguir siendo tu elección para futuras compras. ¡Siempre estaremos aquí para ayudarte!,1
0502251998,CierreMasivo 06Feb25,1,6,[ Hemos atendido tu aclaración y abonado el importe reclamado a tu cuenta. Valoramos tu elección como cliente en BanCoppel y esperamos seguir siendo tu elección para futuras compras. ¡Siempre estaremos aquí para ayudarte!,1
0502252083,CierreMasivo 06Feb25,1,6,[ Hemos atendido tu aclaración y abonado el importe reclamado a tu cuenta. Valoramos tu elección como cliente en BanCoppel y esperamos seguir siendo tu elección para futuras compras. ¡Siempre estaremos aquí para ayudarte!,1
0502252172,CierreMasivo 06Feb25,1,6,[ Hemos atendido tu aclaración y abonado el importe reclamado a tu cuenta. Valoramos tu elección como cliente en BanCoppel y esperamos seguir siendo tu elección para futuras compras. ¡Siempre estaremos aquí para ayudarte!,1
0502250011,CierreMasivo 06Feb25,1,6,[ Hemos atendido tu aclaración y abonado el importe reclamado a tu cuenta. Valoramos tu elección como cliente en BanCoppel y esperamos seguir siendo tu elección para futuras compras. ¡Siempre estaremos aquí para ayudarte!,1
0502251627,CierreMasivo 06Feb25,1,6,[ Hemos atendido tu aclaración y abonado el importe reclamado a tu cuenta. Valoramos tu elección como cliente en BanCoppel y esperamos seguir siendo tu elección para futuras compras. ¡Siempre estaremos aquí para ayudarte!,1
0502251344,CierreMasivo 06Feb25,1,6,[ Hemos atendido tu aclaración y abonado el importe reclamado a tu cuenta. Valoramos tu elección como cliente en BanCoppel y esperamos seguir siendo tu elección para futuras compras. ¡Siempre estaremos aquí para ayudarte!,1
0502251658,CierreMasivo 06Feb25,1,6,[ Hemos atendido tu aclaración y abonado el importe reclamado a tu cuenta. Valoramos tu elección como cliente en BanCoppel y esperamos seguir siendo tu elección para futuras compras. ¡Siempre estaremos aquí para ayudarte!,1
0502253265,CierreMasivo 06Feb25,1,6,[ Hemos atendido tu aclaración y abonado el importe reclamado a tu cuenta. Valoramos tu elección como cliente en BanCoppel y esperamos seguir siendo tu elección para futuras compras. ¡Siempre estaremos aquí para ayudarte!,1
0502250480,CierreMasivo 06Feb25,1,6,[ Hemos atendido tu aclaración y abonado el importe reclamado a tu cuenta. Valoramos tu elección como cliente en BanCoppel y esperamos seguir siendo tu elección para futuras compras. ¡Siempre estaremos aquí para ayudarte!,1
0502253374,CierreMasivo 06Feb25,1,6,[ Hemos atendido tu aclaración y abonado el importe reclamado a tu cuenta. Valoramos tu elección como cliente en BanCoppel y esperamos seguir siendo tu elección para futuras compras. ¡Siempre estaremos aquí para ayudarte!,1
0502253384,CierreMasivo 06Feb25,1,6,[ Hemos atendido tu aclaración y abonado el importe reclamado a tu cuenta. Valoramos tu elección como cliente en BanCoppel y esperamos seguir siendo tu elección para futuras compras. ¡Siempre estaremos aquí para ayudarte!,1
0502253391,CierreMasivo 06Feb25,1,6,[ Hemos atendido tu aclaración y abonado el importe reclamado a tu cuenta. Valoramos tu elección como cliente en BanCoppel y esperamos seguir siendo tu elección para futuras compras. ¡Siempre estaremos aquí para ayudarte!,1
0502253398,CierreMasivo 06Feb25,1,6,[ Hemos atendido tu aclaración y abonado el importe reclamado a tu cuenta. Valoramos tu elección como cliente en BanCoppel y esperamos seguir siendo tu elección para futuras compras. ¡Siempre estaremos aquí para ayudarte!,1
0502253008,CierreMasivo 06Feb25,1,6,[ Hemos atendido tu aclaración y abonado el importe reclamado a tu cuenta. Valoramos tu elección como cliente en BanCoppel y esperamos seguir siendo tu elección para futuras compras. ¡Siempre estaremos aquí para ayudarte!,1
0502253045,CierreMasivo 06Feb25,1,6,[ Hemos atendido tu aclaración y abonado el importe reclamado a tu cuenta. Valoramos tu elección como cliente en BanCoppel y esperamos seguir siendo tu elección para futuras compras. ¡Siempre estaremos aquí para ayudarte!,1
0502250136,CierreMasivo 06Feb25,1,6,[ Hemos atendido tu aclaración y abonado el importe reclamado a tu cuenta. Valoramos tu elección como cliente en BanCoppel y esperamos seguir siendo tu elección para futuras compras. ¡Siempre estaremos aquí para ayudarte!,1
0502253098,CierreMasivo 06Feb25,1,6,[ Hemos atendido tu aclaración y abonado el importe reclamado a tu cuenta. Valoramos tu elección como cliente en BanCoppel y esperamos seguir siendo tu elección para futuras compras. ¡Siempre estaremos aquí para ayudarte!,1
0502253198,CierreMasivo 06Feb25,1,6,[ Hemos atendido tu aclaración y abonado el importe reclamado a tu cuenta. Valoramos tu elección como cliente en BanCoppel y esperamos seguir siendo tu elección para futuras compras. ¡Siempre estaremos aquí para ayudarte!,1
0502250768,CierreMasivo 06Feb25,1,6,[ Hemos atendido tu aclaración y abonado el importe reclamado a tu cuenta. Valoramos tu elección como cliente en BanCoppel y esperamos seguir siendo tu elección para futuras compras. ¡Siempre estaremos aquí para ayudarte!,1
0502250205,CierreMasivo 06Feb25,1,6,[ Hemos atendido tu aclaración y abonado el importe reclamado a tu cuenta. Valoramos tu elección como cliente en BanCoppel y esperamos seguir siendo tu elección para futuras compras. ¡Siempre estaremos aquí para ayudarte!,1
0502251451,CierreMasivo 06Feb25,1,6,[ Hemos atendido tu aclaración y abonado el importe reclamado a tu cuenta. Valoramos tu elección como cliente en BanCoppel y esperamos seguir siendo tu elección para futuras compras. ¡Siempre estaremos aquí para ayudarte!,1
0502251466,CierreMasivo 06Feb25,1,6,[ Hemos atendido tu aclaración y abonado el importe reclamado a tu cuenta. Valoramos tu elección como cliente en BanCoppel y esperamos seguir siendo tu elección para futuras compras. ¡Siempre estaremos aquí para ayudarte!,1
0502250748,CierreMasivo 06Feb25,1,6,[ Hemos atendido tu aclaración y abonado el importe reclamado a tu cuenta. Valoramos tu elección como cliente en BanCoppel y esperamos seguir siendo tu elección para futuras compras. ¡Siempre estaremos aquí para ayudarte!,1
0502250733,CierreMasivo 06Feb25,1,6,[ Hemos atendido tu aclaración y abonado el importe reclamado a tu cuenta. Valoramos tu elección como cliente en BanCoppel y esperamos seguir siendo tu elección para futuras compras. ¡Siempre estaremos aquí para ayudarte!,1
0502252943,CierreMasivo 06Feb25,1,6,[ Hemos atendido tu aclaración y abonado el importe reclamado a tu cuenta. Valoramos tu elección como cliente en BanCoppel y esperamos seguir siendo tu elección para futuras compras. ¡Siempre estaremos aquí para ayudarte!,1
0502250749,CierreMasivo 06Feb25,1,6,[ Hemos atendido tu aclaración y abonado el importe reclamado a tu cuenta. Valoramos tu elección como cliente en BanCoppel y esperamos seguir siendo tu elección para futuras compras. ¡Siempre estaremos aquí para ayudarte!,1
0502250691,CierreMasivo 06Feb25,1,6,[ Hemos atendido tu aclaración y abonado el importe reclamado a tu cuenta. Valoramos tu elección como cliente en BanCoppel y esperamos seguir siendo tu elección para futuras compras. ¡Siempre estaremos aquí para ayudarte!,1
0502250720,CierreMasivo 06Feb25,1,6,[ Hemos atendido tu aclaración y abonado el importe reclamado a tu cuenta. Valoramos tu elección como cliente en BanCoppel y esperamos seguir siendo tu elección para futuras compras. ¡Siempre estaremos aquí para ayudarte!,1
0502252186,CierreMasivo 06Feb25,1,6,[ Hemos atendido tu aclaración y abonado el importe reclamado a tu cuenta. Valoramos tu elección como cliente en BanCoppel y esperamos seguir siendo tu elección para futuras compras. ¡Siempre estaremos aquí para ayudarte!,1
0502250886,CierreMasivo 06Feb25,1,6,[ Hemos atendido tu aclaración y abonado el importe reclamado a tu cuenta. Valoramos tu elección como cliente en BanCoppel y esperamos seguir siendo tu elección para futuras compras. ¡Siempre estaremos aquí para ayudarte!,1
0502251071,CierreMasivo 06Feb25,1,6,[ Hemos atendido tu aclaración y abonado el importe reclamado a tu cuenta. Valoramos tu elección como cliente en BanCoppel y esperamos seguir siendo tu elección para futuras compras. ¡Siempre estaremos aquí para ayudarte!,1
0502251030,CierreMasivo 06Feb25,1,6,[ Hemos atendido tu aclaración y abonado el importe reclamado a tu cuenta. Valoramos tu elección como cliente en BanCoppel y esperamos seguir siendo tu elección para futuras compras. ¡Siempre estaremos aquí para ayudarte!,1
0502252973,CierreMasivo 06Feb25,1,6,[ Hemos atendido tu aclaración y abonado el importe reclamado a tu cuenta. Valoramos tu elección como cliente en BanCoppel y esperamos seguir siendo tu elección para futuras compras. ¡Siempre estaremos aquí para ayudarte!,1
0502253128,CierreMasivo 06Feb25,1,6,[ Hemos atendido tu aclaración y abonado el importe reclamado a tu cuenta. Valoramos tu elección como cliente en BanCoppel y esperamos seguir siendo tu elección para futuras compras. ¡Siempre estaremos aquí para ayudarte!,1
0502253140,CierreMasivo 06Feb25,1,6,[ Hemos atendido tu aclaración y abonado el importe reclamado a tu cuenta. Valoramos tu elección como cliente en BanCoppel y esperamos seguir siendo tu elección para futuras compras. ¡Siempre estaremos aquí para ayudarte!,1
0502251444,CierreMasivo 06Feb25,1,6,[ Hemos atendido tu aclaración y abonado el importe reclamado a tu cuenta. Valoramos tu elección como cliente en BanCoppel y esperamos seguir siendo tu elección para futuras compras. ¡Siempre estaremos aquí para ayudarte!,1
0502251428,CierreMasivo 06Feb25,1,6,[ Hemos atendido tu aclaración y abonado el importe reclamado a tu cuenta. Valoramos tu elección como cliente en BanCoppel y esperamos seguir siendo tu elección para futuras compras. ¡Siempre estaremos aquí para ayudarte!,1
0502251382,CierreMasivo 06Feb25,1,6,[ Hemos atendido tu aclaración y abonado el importe reclamado a tu cuenta. Valoramos tu elección como cliente en BanCoppel y esperamos seguir siendo tu elección para futuras compras. ¡Siempre estaremos aquí para ayudarte!,1
0502251414,CierreMasivo 06Feb25,1,6,[ Hemos atendido tu aclaración y abonado el importe reclamado a tu cuenta. Valoramos tu elección como cliente en BanCoppel y esperamos seguir siendo tu elección para futuras compras. ¡Siempre estaremos aquí para ayudarte!,1
0502251387,CierreMasivo 06Feb25,1,6,[ Hemos atendido tu aclaración y abonado el importe reclamado a tu cuenta. Valoramos tu elección como cliente en BanCoppel y esperamos seguir siendo tu elección para futuras compras. ¡Siempre estaremos aquí para ayudarte!,1
0502251408,CierreMasivo 06Feb25,1,6,[ Hemos atendido tu aclaración y abonado el importe reclamado a tu cuenta. Valoramos tu elección como cliente en BanCoppel y esperamos seguir siendo tu elección para futuras compras. ¡Siempre estaremos aquí para ayudarte!,1
0502251435,CierreMasivo 06Feb25,1,6,[ Hemos atendido tu aclaración y abonado el importe reclamado a tu cuenta. Valoramos tu elección como cliente en BanCoppel y esperamos seguir siendo tu elección para futuras compras. ¡Siempre estaremos aquí para ayudarte!,1
0502251395,CierreMasivo 06Feb25,1,6,[ Hemos atendido tu aclaración y abonado el importe reclamado a tu cuenta. Valoramos tu elección como cliente en BanCoppel y esperamos seguir siendo tu elección para futuras compras. ¡Siempre estaremos aquí para ayudarte!,1
0502250890,CierreMasivo 06Feb25,1,6,[ Hemos atendido tu aclaración y abonado el importe reclamado a tu cuenta. Valoramos tu elección como cliente en BanCoppel y esperamos seguir siendo tu elección para futuras compras. ¡Siempre estaremos aquí para ayudarte!,1
0502250806,CierreMasivo 06Feb25,1,6,[ Hemos atendido tu aclaración y abonado el importe reclamado a tu cuenta. Valoramos tu elección como cliente en BanCoppel y esperamos seguir siendo tu elección para futuras compras. ¡Siempre estaremos aquí para ayudarte!,1
0502250874,CierreMasivo 06Feb25,1,6,[ Hemos atendido tu aclaración y abonado el importe reclamado a tu cuenta. Valoramos tu elección como cliente en BanCoppel y esperamos seguir siendo tu elección para futuras compras. ¡Siempre estaremos aquí para ayudarte!,1
0502250863,CierreMasivo 06Feb25,1,6,[ Hemos atendido tu aclaración y abonado el importe reclamado a tu cuenta. Valoramos tu elección como cliente en BanCoppel y esperamos seguir siendo tu elección para futuras compras. ¡Siempre estaremos aquí para ayudarte!,1
0502253243,CierreMasivo 06Feb25,1,6,[ Hemos atendido tu aclaración y abonado el importe reclamado a tu cuenta. Valoramos tu elección como cliente en BanCoppel y esperamos seguir siendo tu elección para futuras compras. ¡Siempre estaremos aquí para ayudarte!,1
0502253279,CierreMasivo 06Feb25,1,6,[ Hemos atendido tu aclaración y abonado el importe reclamado a tu cuenta. Valoramos tu elección como cliente en BanCoppel y esperamos seguir siendo tu elección para futuras compras. ¡Siempre estaremos aquí para ayudarte!,1
0502253216,CierreMasivo 06Feb25,1,6,[ Hemos atendido tu aclaración y abonado el importe reclamado a tu cuenta. Valoramos tu elección como cliente en BanCoppel y esperamos seguir siendo tu elección para futuras compras. ¡Siempre estaremos aquí para ayudarte!,1
0502253304,CierreMasivo 06Feb25,1,6,[ Hemos atendido tu aclaración y abonado el importe reclamado a tu cuenta. Valoramos tu elección como cliente en BanCoppel y esperamos seguir siendo tu elección para futuras compras. ¡Siempre estaremos aquí para ayudarte!,1
0502252880,CierreMasivo 06Feb25,1,6,[ Hemos atendido tu aclaración y abonado el importe reclamado a tu cuenta. Valoramos tu elección como cliente en BanCoppel y esperamos seguir siendo tu elección para futuras compras. ¡Siempre estaremos aquí para ayudarte!,1
0502252865,CierreMasivo 06Feb25,1,6,[ Hemos atendido tu aclaración y abonado el importe reclamado a tu cuenta. Valoramos tu elección como cliente en BanCoppel y esperamos seguir siendo tu elección para futuras compras. ¡Siempre estaremos aquí para ayudarte!,1
0502252845,CierreMasivo 06Feb25,1,6,[ Hemos atendido tu aclaración y abonado el importe reclamado a tu cuenta. Valoramos tu elección como cliente en BanCoppel y esperamos seguir siendo tu elección para futuras compras. ¡Siempre estaremos aquí para ayudarte!,1
0502252905,CierreMasivo 06Feb25,1,6,[ Hemos atendido tu aclaración y abonado el importe reclamado a tu cuenta. Valoramos tu elección como cliente en BanCoppel y esperamos seguir siendo tu elección para futuras compras. ¡Siempre estaremos aquí para ayudarte!,1
0502251626,CierreMasivo 06Feb25,1,6,[ Hemos atendido tu aclaración y abonado el importe reclamado a tu cuenta. Valoramos tu elección como cliente en BanCoppel y esperamos seguir siendo tu elección para futuras compras. ¡Siempre estaremos aquí para ayudarte!,1
0502251656,CierreMasivo 06Feb25,1,6,[ Hemos atendido tu aclaración y abonado el importe reclamado a tu cuenta. Valoramos tu elección como cliente en BanCoppel y esperamos seguir siendo tu elección para futuras compras. ¡Siempre estaremos aquí para ayudarte!,1
0502251668,CierreMasivo 06Feb25,1,6,[ Hemos atendido tu aclaración y abonado el importe reclamado a tu cuenta. Valoramos tu elección como cliente en BanCoppel y esperamos seguir siendo tu elección para futuras compras. ¡Siempre estaremos aquí para ayudarte!,1
0502251637,CierreMasivo 06Feb25,1,6,[ Hemos atendido tu aclaración y abonado el importe reclamado a tu cuenta. Valoramos tu elección como cliente en BanCoppel y esperamos seguir siendo tu elección para futuras compras. ¡Siempre estaremos aquí para ayudarte!,1
0502251649,CierreMasivo 06Feb25,1,6,[ Hemos atendido tu aclaración y abonado el importe reclamado a tu cuenta. Valoramos tu elección como cliente en BanCoppel y esperamos seguir siendo tu elección para futuras compras. ¡Siempre estaremos aquí para ayudarte!,1
0502250314,CierreMasivo 06Feb25,1,6,[ Hemos atendido tu aclaración y abonado el importe reclamado a tu cuenta. Valoramos tu elección como cliente en BanCoppel y esperamos seguir siendo tu elección para futuras compras. ¡Siempre estaremos aquí para ayudarte!,1
0502250296,CierreMasivo 06Feb25,1,6,[ Hemos atendido tu aclaración y abonado el importe reclamado a tu cuenta. Valoramos tu elección como cliente en BanCoppel y esperamos seguir siendo tu elección para futuras compras. ¡Siempre estaremos aquí para ayudarte!,1
0502250780,CierreMasivo 06Feb25,1,6,[ Hemos atendido tu aclaración y abonado el importe reclamado a tu cuenta. Valoramos tu elección como cliente en BanCoppel y esperamos seguir siendo tu elección para futuras compras. ¡Siempre estaremos aquí para ayudarte!,1
0502252058,CierreMasivo 06Feb25,1,6,[ Hemos atendido tu aclaración y abonado el importe reclamado a tu cuenta. Valoramos tu elección como cliente en BanCoppel y esperamos seguir siendo tu elección para futuras compras. ¡Siempre estaremos aquí para ayudarte!,1
0502252119,CierreMasivo 06Feb25,1,6,[ Hemos atendido tu aclaración y abonado el importe reclamado a tu cuenta. Valoramos tu elección como cliente en BanCoppel y esperamos seguir siendo tu elección para futuras compras. ¡Siempre estaremos aquí para ayudarte!,1
0502252078,CierreMasivo 06Feb25,1,6,[ Hemos atendido tu aclaración y abonado el importe reclamado a tu cuenta. Valoramos tu elección como cliente en BanCoppel y esperamos seguir siendo tu elección para futuras compras. ¡Siempre estaremos aquí para ayudarte!,1
0502252091,CierreMasivo 06Feb25,1,6,[ Hemos atendido tu aclaración y abonado el importe reclamado a tu cuenta. Valoramos tu elección como cliente en BanCoppel y esperamos seguir siendo tu elección para futuras compras. ¡Siempre estaremos aquí para ayudarte!,1
0502252109,CierreMasivo 06Feb25,1,6,[ Hemos atendido tu aclaración y abonado el importe reclamado a tu cuenta. Valoramos tu elección como cliente en BanCoppel y esperamos seguir siendo tu elección para futuras compras. ¡Siempre estaremos aquí para ayudarte!,1
0502252149,CierreMasivo 06Feb25,1,6,[ Hemos atendido tu aclaración y abonado el importe reclamado a tu cuenta. Valoramos tu elección como cliente en BanCoppel y esperamos seguir siendo tu elección para futuras compras. ¡Siempre estaremos aquí para ayudarte!,1
0502252180,CierreMasivo 06Feb25,1,6,[ Hemos atendido tu aclaración y abonado el importe reclamado a tu cuenta. Valoramos tu elección como cliente en BanCoppel y esperamos seguir siendo tu elección para futuras compras. ¡Siempre estaremos aquí para ayudarte!,1
0502252170,CierreMasivo 06Feb25,1,6,[ Hemos atendido tu aclaración y abonado el importe reclamado a tu cuenta. Valoramos tu elección como cliente en BanCoppel y esperamos seguir siendo tu elección para futuras compras. ¡Siempre estaremos aquí para ayudarte!,1
0502252071,CierreMasivo 06Feb25,1,6,[ Hemos atendido tu aclaración y abonado el importe reclamado a tu cuenta. Valoramos tu elección como cliente en BanCoppel y esperamos seguir siendo tu elección para futuras compras. ¡Siempre estaremos aquí para ayudarte!,1
0502252123,CierreMasivo 06Feb25,1,6,[ Hemos atendido tu aclaración y abonado el importe reclamado a tu cuenta. Valoramos tu elección como cliente en BanCoppel y esperamos seguir siendo tu elección para futuras compras. ¡Siempre estaremos aquí para ayudarte!,1
0502252137,CierreMasivo 06Feb25,1,6,[ Hemos atendido tu aclaración y abonado el importe reclamado a tu cuenta. Valoramos tu elección como cliente en BanCoppel y esperamos seguir siendo tu elección para futuras compras. ¡Siempre estaremos aquí para ayudarte!,1
0502251327,CierreMasivo 06Feb25,1,6,[ Hemos atendido tu aclaración y abonado el importe reclamado a tu cuenta. Valoramos tu elección como cliente en BanCoppel y esperamos seguir siendo tu elección para futuras compras. ¡Siempre estaremos aquí para ayudarte!,1
0502251980,CierreMasivo 06Feb25,1,6,[ Hemos atendido tu aclaración y abonado el importe reclamado a tu cuenta. Valoramos tu elección como cliente en BanCoppel y esperamos seguir siendo tu elección para futuras compras. ¡Siempre estaremos aquí para ayudarte!,1
0502251957,CierreMasivo 06Feb25,1,6,[ Hemos atendido tu aclaración y abonado el importe reclamado a tu cuenta. Valoramos tu elección como cliente en BanCoppel y esperamos seguir siendo tu elección para futuras compras. ¡Siempre estaremos aquí para ayudarte!,1
0502251195,CierreMasivo 06Feb25,1,6,[ Hemos atendido tu aclaración y abonado el importe reclamado a tu cuenta. Valoramos tu elección como cliente en BanCoppel y esperamos seguir siendo tu elección para futuras compras. ¡Siempre estaremos aquí para ayudarte!,1
0502251173,CierreMasivo 06Feb25,1,6,[ Hemos atendido tu aclaración y abonado el importe reclamado a tu cuenta. Valoramos tu elección como cliente en BanCoppel y esperamos seguir siendo tu elección para futuras compras. ¡Siempre estaremos aquí para ayudarte!,1
0502250100,CierreMasivo 06Feb25,1,6,[ Hemos atendido tu aclaración y abonado el importe reclamado a tu cuenta. Valoramos tu elección como cliente en BanCoppel y esperamos seguir siendo tu elección para futuras compras. ¡Siempre estaremos aquí para ayudarte!,1
0502252239,CierreMasivo 06Feb25,1,6,[ Hemos atendido tu aclaración y abonado el importe reclamado a tu cuenta. Valoramos tu elección como cliente en BanCoppel y esperamos seguir siendo tu elección para futuras compras. ¡Siempre estaremos aquí para ayudarte!,1
0502252217,CierreMasivo 06Feb25,1,6,[ Hemos atendido tu aclaración y abonado el importe reclamado a tu cuenta. Valoramos tu elección como cliente en BanCoppel y esperamos seguir siendo tu elección para futuras compras. ¡Siempre estaremos aquí para ayudarte!,1
0502252258,CierreMasivo 06Feb25,1,6,[ Hemos atendido tu aclaración y abonado el importe reclamado a tu cuenta. Valoramos tu elección como cliente en BanCoppel y esperamos seguir siendo tu elección para futuras compras. ¡Siempre estaremos aquí para ayudarte!,1
0502252201,CierreMasivo 06Feb25,1,6,[ Hemos atendido tu aclaración y abonado el importe reclamado a tu cuenta. Valoramos tu elección como cliente en BanCoppel y esperamos seguir siendo tu elección para futuras compras. ¡Siempre estaremos aquí para ayudarte!,1
0502252319,CierreMasivo 06Feb25,1,6,[ Hemos atendido tu aclaración y abonado el importe reclamado a tu cuenta. Valoramos tu elección como cliente en BanCoppel y esperamos seguir siendo tu elección para futuras compras. ¡Siempre estaremos aquí para ayudarte!,1
0502252285,CierreMasivo 06Feb25,1,6,[ Hemos atendido tu aclaración y abonado el importe reclamado a tu cuenta. Valoramos tu elección como cliente en BanCoppel y esperamos seguir siendo tu elección para futuras compras. ¡Siempre estaremos aquí para ayudarte!,1
0502253249,CierreMasivo 06Feb25,1,6,[ Hemos atendido tu aclaración y abonado el importe reclamado a tu cuenta. Valoramos tu elección como cliente en BanCoppel y esperamos seguir siendo tu elección para futuras compras. ¡Siempre estaremos aquí para ayudarte!,1
0502253259,CierreMasivo 06Feb25,1,6,[ Hemos atendido tu aclaración y abonado el importe reclamado a tu cuenta. Valoramos tu elección como cliente en BanCoppel y esperamos seguir siendo tu elección para futuras compras. ¡Siempre estaremos aquí para ayudarte!,1
0502253000,CierreMasivo 06Feb25,1,6,[ Hemos atendido tu aclaración y abonado el importe reclamado a tu cuenta. Valoramos tu elección como cliente en BanCoppel y esperamos seguir siendo tu elección para futuras compras. ¡Siempre estaremos aquí para ayudarte!,1
0502251202,CierreMasivo 06Feb25,1,6,[ Hemos atendido tu aclaración y abonado el importe reclamado a tu cuenta. Valoramos tu elección como cliente en BanCoppel y esperamos seguir siendo tu elección para futuras compras. ¡Siempre estaremos aquí para ayudarte!,1
0502251225,CierreMasivo 06Feb25,1,6,[ Hemos atendido tu aclaración y abonado el importe reclamado a tu cuenta. Valoramos tu elección como cliente en BanCoppel y esperamos seguir siendo tu elección para futuras compras. ¡Siempre estaremos aquí para ayudarte!,1
0502251248,CierreMasivo 06Feb25,1,6,[ Hemos atendido tu aclaración y abonado el importe reclamado a tu cuenta. Valoramos tu elección como cliente en BanCoppel y esperamos seguir siendo tu elección para futuras compras. ¡Siempre estaremos aquí para ayudarte!,1
0502251274,CierreMasivo 06Feb25,1,6,[ Hemos atendido tu aclaración y abonado el importe reclamado a tu cuenta. Valoramos tu elección como cliente en BanCoppel y esperamos seguir siendo tu elección para futuras compras. ¡Siempre estaremos aquí para ayudarte!,1
0502252998,CierreMasivo 06Feb25,1,6,[ Hemos atendido tu aclaración y abonado el importe reclamado a tu cuenta. Valoramos tu elección como cliente en BanCoppel y esperamos seguir siendo tu elección para futuras compras. ¡Siempre estaremos aquí para ayudarte!,1
0502252705,CierreMasivo 06Feb25,1,6,[ Hemos atendido tu aclaración y abonado el importe reclamado a tu cuenta. Valoramos tu elección como cliente en BanCoppel y esperamos seguir siendo tu elección para futuras compras. ¡Siempre estaremos aquí para ayudarte!,1
0502252612,CierreMasivo 06Feb25,1,6,[ Hemos atendido tu aclaración y abonado el importe reclamado a tu cuenta. Valoramos tu elección como cliente en BanCoppel y esperamos seguir siendo tu elección para futuras compras. ¡Siempre estaremos aquí para ayudarte!,1
0502252541,CierreMasivo 06Feb25,1,6,[ Hemos atendido tu aclaración y abonado el importe reclamado a tu cuenta. Valoramos tu elección como cliente en BanCoppel y esperamos seguir siendo tu elección para futuras compras. ¡Siempre estaremos aquí para ayudarte!,1
0502250431,CierreMasivo 06Feb25,1,6,[ Hemos atendido tu aclaración y abonado el importe reclamado a tu cuenta. Valoramos tu elección como cliente en BanCoppel y esperamos seguir siendo tu elección para futuras compras. ¡Siempre estaremos aquí para ayudarte!,1
0502250442,CierreMasivo 06Feb25,1,6,[ Hemos atendido tu aclaración y abonado el importe reclamado a tu cuenta. Valoramos tu elección como cliente en BanCoppel y esperamos seguir siendo tu elección para futuras compras. ¡Siempre estaremos aquí para ayudarte!,1
0502250104,CierreMasivo 06Feb25,1,6,[ Hemos atendido tu aclaración y abonado el importe reclamado a tu cuenta. Valoramos tu elección como cliente en BanCoppel y esperamos seguir siendo tu elección para futuras compras. ¡Siempre estaremos aquí para ayudarte!,1
0502252006,CierreMasivo 06Feb25,1,6,[ Hemos atendido tu aclaración y abonado el importe reclamado a tu cuenta. Valoramos tu elección como cliente en BanCoppel y esperamos seguir siendo tu elección para futuras compras. ¡Siempre estaremos aquí para ayudarte!,1
0502250148,CierreMasivo 06Feb25,1,6,[ Hemos atendido tu aclaración y abonado el importe reclamado a tu cuenta. Valoramos tu elección como cliente en BanCoppel y esperamos seguir siendo tu elección para futuras compras. ¡Siempre estaremos aquí para ayudarte!,1
0502251392,CierreMasivo 06Feb25,1,6,[ Hemos atendido tu aclaración y abonado el importe reclamado a tu cuenta. Valoramos tu elección como cliente en BanCoppel y esperamos seguir siendo tu elección para futuras compras. ¡Siempre estaremos aquí para ayudarte!,1
0502250422,CierreMasivo 06Feb25,1,6,[ Hemos atendido tu aclaración y abonado el importe reclamado a tu cuenta. Valoramos tu elección como cliente en BanCoppel y esperamos seguir siendo tu elección para futuras compras. ¡Siempre estaremos aquí para ayudarte!,1
0502252935,CierreMasivo 06Feb25,1,6,[ Hemos atendido tu aclaración y abonado el importe reclamado a tu cuenta. Valoramos tu elección como cliente en BanCoppel y esperamos seguir siendo tu elección para futuras compras. ¡Siempre estaremos aquí para ayudarte!,1
0502252954,CierreMasivo 06Feb25,1,6,[ Hemos atendido tu aclaración y abonado el importe reclamado a tu cuenta. Valoramos tu elección como cliente en BanCoppel y esperamos seguir siendo tu elección para futuras compras. ¡Siempre estaremos aquí para ayudarte!,1
0502252964,CierreMasivo 06Feb25,1,6,[ Hemos atendido tu aclaración y abonado el importe reclamado a tu cuenta. Valoramos tu elección como cliente en BanCoppel y esperamos seguir siendo tu elección para futuras compras. ¡Siempre estaremos aquí para ayudarte!,1
0502252947,CierreMasivo 06Feb25,1,6,[ Hemos atendido tu aclaración y abonado el importe reclamado a tu cuenta. Valoramos tu elección como cliente en BanCoppel y esperamos seguir siendo tu elección para futuras compras. ¡Siempre estaremos aquí para ayudarte!,1
0502252769,CierreMasivo 06Feb25,1,6,[ Hemos atendido tu aclaración y abonado el importe reclamado a tu cuenta. Valoramos tu elección como cliente en BanCoppel y esperamos seguir siendo tu elección para futuras compras. ¡Siempre estaremos aquí para ayudarte!,1
0502251407,CierreMasivo 06Feb25,1,6,[ Hemos atendido tu aclaración y abonado el importe reclamado a tu cuenta. Valoramos tu elección como cliente en BanCoppel y esperamos seguir siendo tu elección para futuras compras. ¡Siempre estaremos aquí para ayudarte!,1
0502252019,CierreMasivo 06Feb25,1,6,[ Hemos atendido tu aclaración y abonado el importe reclamado a tu cuenta. Valoramos tu elección como cliente en BanCoppel y esperamos seguir siendo tu elección para futuras compras. ¡Siempre estaremos aquí para ayudarte!,1
0502252033,CierreMasivo 06Feb25,1,6,[ Hemos atendido tu aclaración y abonado el importe reclamado a tu cuenta. Valoramos tu elección como cliente en BanCoppel y esperamos seguir siendo tu elección para futuras compras. ¡Siempre estaremos aquí para ayudarte!,1
0502252045,CierreMasivo 06Feb25,1,6,[ Hemos atendido tu aclaración y abonado el importe reclamado a tu cuenta. Valoramos tu elección como cliente en BanCoppel y esperamos seguir siendo tu elección para futuras compras. ¡Siempre estaremos aquí para ayudarte!,1
0502251994,CierreMasivo 06Feb25,1,6,[ Hemos atendido tu aclaración y abonado el importe reclamado a tu cuenta. Valoramos tu elección como cliente en BanCoppel y esperamos seguir siendo tu elección para futuras compras. ¡Siempre estaremos aquí para ayudarte!,1
0502251254,CierreMasivo 06Feb25,1,6,[ Hemos atendido tu aclaración y abonado el importe reclamado a tu cuenta. Valoramos tu elección como cliente en BanCoppel y esperamos seguir siendo tu elección para futuras compras. ¡Siempre estaremos aquí para ayudarte!,1
0502251370,CierreMasivo 06Feb25,1,6,[ Hemos atendido tu aclaración y abonado el importe reclamado a tu cuenta. Valoramos tu elección como cliente en BanCoppel y esperamos seguir siendo tu elección para futuras compras. ¡Siempre estaremos aquí para ayudarte!,1
0502251335,CierreMasivo 06Feb25,1,6,[ Hemos atendido tu aclaración y abonado el importe reclamado a tu cuenta. Valoramos tu elección como cliente en BanCoppel y esperamos seguir siendo tu elección para futuras compras. ¡Siempre estaremos aquí para ayudarte!,1
0502251264,CierreMasivo 06Feb25,1,6,[ Hemos atendido tu aclaración y abonado el importe reclamado a tu cuenta. Valoramos tu elección como cliente en BanCoppel y esperamos seguir siendo tu elección para futuras compras. ¡Siempre estaremos aquí para ayudarte!,1
0502251318,CierreMasivo 06Feb25,1,6,[ Hemos atendido tu aclaración y abonado el importe reclamado a tu cuenta. Valoramos tu elección como cliente en BanCoppel y esperamos seguir siendo tu elección para futuras compras. ¡Siempre estaremos aquí para ayudarte!,1
0502251287,CierreMasivo 06Feb25,1,6,[ Hemos atendido tu aclaración y abonado el importe reclamado a tu cuenta. Valoramos tu elección como cliente en BanCoppel y esperamos seguir siendo tu elección para futuras compras. ¡Siempre estaremos aquí para ayudarte!,1
0502250679,CierreMasivo 06Feb25,1,6,[ Hemos atendido tu aclaración y abonado el importe reclamado a tu cuenta. Valoramos tu elección como cliente en BanCoppel y esperamos seguir siendo tu elección para futuras compras. ¡Siempre estaremos aquí para ayudarte!,1
0502251200,CierreMasivo 06Feb25,1,6,[ Hemos atendido tu aclaración y abonado el importe reclamado a tu cuenta. Valoramos tu elección como cliente en BanCoppel y esperamos seguir siendo tu elección para futuras compras. ¡Siempre estaremos aquí para ayudarte!,1
0502253527,CierreMasivo 06Feb25,1,6,[ Hemos atendido tu aclaración y abonado el importe reclamado a tu cuenta. Valoramos tu elección como cliente en BanCoppel y esperamos seguir siendo tu elección para futuras compras. ¡Siempre estaremos aquí para ayudarte!,1
0502253533,CierreMasivo 06Feb25,1,6,[ Hemos atendido tu aclaración y abonado el importe reclamado a tu cuenta. Valoramos tu elección como cliente en BanCoppel y esperamos seguir siendo tu elección para futuras compras. ¡Siempre estaremos aquí para ayudarte!,1
0502250802,CierreMasivo 06Feb25,1,6,[ Hemos atendido tu aclaración y abonado el importe reclamado a tu cuenta. Valoramos tu elección como cliente en BanCoppel y esperamos seguir siendo tu elección para futuras compras. ¡Siempre estaremos aquí para ayudarte!,1
0502250901,CierreMasivo 06Feb25,1,6,[ Hemos atendido tu aclaración y abonado el importe reclamado a tu cuenta. Valoramos tu elección como cliente en BanCoppel y esperamos seguir siendo tu elección para futuras compras. ¡Siempre estaremos aquí para ayudarte!,1
0502251368,CierreMasivo 06Feb25,1,6,[ Hemos atendido tu aclaración y abonado el importe reclamado a tu cuenta. Valoramos tu elección como cliente en BanCoppel y esperamos seguir siendo tu elección para futuras compras. ¡Siempre estaremos aquí para ayudarte!,1
0502253037,CierreMasivo 06Feb25,1,6,[ Hemos atendido tu aclaración y abonado el importe reclamado a tu cuenta. Valoramos tu elección como cliente en BanCoppel y esperamos seguir siendo tu elección para futuras compras. ¡Siempre estaremos aquí para ayudarte!,1
0502251269,CierreMasivo 06Feb25,1,6,[ Hemos atendido tu aclaración y abonado el importe reclamado a tu cuenta. Valoramos tu elección como cliente en BanCoppel y esperamos seguir siendo tu elección para futuras compras. ¡Siempre estaremos aquí para ayudarte!,1
0502250199,CierreMasivo 06Feb25,1,6,[ Hemos atendido tu aclaración y abonado el importe reclamado a tu cuenta. Valoramos tu elección como cliente en BanCoppel y esperamos seguir siendo tu elección para futuras compras. ¡Siempre estaremos aquí para ayudarte!,1
0502253210,CierreMasivo 06Feb25,1,6,[ Hemos atendido tu aclaración y abonado el importe reclamado a tu cuenta. Valoramos tu elección como cliente en BanCoppel y esperamos seguir siendo tu elección para futuras compras. ¡Siempre estaremos aquí para ayudarte!,1
0502253226,CierreMasivo 06Feb25,1,6,[ Hemos atendido tu aclaración y abonado el importe reclamado a tu cuenta. Valoramos tu elección como cliente en BanCoppel y esperamos seguir siendo tu elección para futuras compras. ¡Siempre estaremos aquí para ayudarte!,1
0502252515,CierreMasivo 06Feb25,1,6,[ Hemos atendido tu aclaración y abonado el importe reclamado a tu cuenta. Valoramos tu elección como cliente en BanCoppel y esperamos seguir siendo tu elección para futuras compras. ¡Siempre estaremos aquí para ayudarte!,1
0502252487,CierreMasivo 06Feb25,1,6,[ Hemos atendido tu aclaración y abonado el importe reclamado a tu cuenta. Valoramos tu elección como cliente en BanCoppel y esperamos seguir siendo tu elección para futuras compras. ¡Siempre estaremos aquí para ayudarte!,1
0502252523,CierreMasivo 06Feb25,1,6,[ Hemos atendido tu aclaración y abonado el importe reclamado a tu cuenta. Valoramos tu elección como cliente en BanCoppel y esperamos seguir siendo tu elección para futuras compras. ¡Siempre estaremos aquí para ayudarte!,1
0502252532,CierreMasivo 06Feb25,1,6,[ Hemos atendido tu aclaración y abonado el importe reclamado a tu cuenta. Valoramos tu elección como cliente en BanCoppel y esperamos seguir siendo tu elección para futuras compras. ¡Siempre estaremos aquí para ayudarte!,1
0502251348,CierreMasivo 06Feb25,1,6,[ Hemos atendido tu aclaración y abonado el importe reclamado a tu cuenta. Valoramos tu elección como cliente en BanCoppel y esperamos seguir siendo tu elección para futuras compras. ¡Siempre estaremos aquí para ayudarte!,1
0502250911,CierreMasivo 06Feb25,1,6,[ Hemos atendido tu aclaración y abonado el importe reclamado a tu cuenta. Valoramos tu elección como cliente en BanCoppel y esperamos seguir siendo tu elección para futuras compras. ¡Siempre estaremos aquí para ayudarte!,1
0502250926,CierreMasivo 06Feb25,1,6,[ Hemos atendido tu aclaración y abonado el importe reclamado a tu cuenta. Valoramos tu elección como cliente en BanCoppel y esperamos seguir siendo tu elección para futuras compras. ¡Siempre estaremos aquí para ayudarte!,1
0502253385,CierreMasivo 06Feb25,1,6,[ Hemos atendido tu aclaración y abonado el importe reclamado a tu cuenta. Valoramos tu elección como cliente en BanCoppel y esperamos seguir siendo tu elección para futuras compras. ¡Siempre estaremos aquí para ayudarte!,1
0502252404,CierreMasivo 06Feb25,1,6,[ Hemos atendido tu aclaración y abonado el importe reclamado a tu cuenta. Valoramos tu elección como cliente en BanCoppel y esperamos seguir siendo tu elección para futuras compras. ¡Siempre estaremos aquí para ayudarte!,1
0502251289,CierreMasivo 06Feb25,1,6,[ Hemos atendido tu aclaración y abonado el importe reclamado a tu cuenta. Valoramos tu elección como cliente en BanCoppel y esperamos seguir siendo tu elección para futuras compras. ¡Siempre estaremos aquí para ayudarte!,1
0502250346,CierreMasivo 06Feb25,1,6,[ Hemos atendido tu aclaración y abonado el importe reclamado a tu cuenta. Valoramos tu elección como cliente en BanCoppel y esperamos seguir siendo tu elección para futuras compras. ¡Siempre estaremos aquí para ayudarte!,1
0502250369,CierreMasivo 06Feb25,1,6,[ Hemos atendido tu aclaración y abonado el importe reclamado a tu cuenta. Valoramos tu elección como cliente en BanCoppel y esperamos seguir siendo tu elección para futuras compras. ¡Siempre estaremos aquí para ayudarte!,1
0502253139,CierreMasivo 06Feb25,1,6,[ Hemos atendido tu aclaración y abonado el importe reclamado a tu cuenta. Valoramos tu elección como cliente en BanCoppel y esperamos seguir siendo tu elección para futuras compras. ¡Siempre estaremos aquí para ayudarte!,1
0502252670,CierreMasivo 06Feb25,1,6,[ Hemos atendido tu aclaración y abonado el importe reclamado a tu cuenta. Valoramos tu elección como cliente en BanCoppel y esperamos seguir siendo tu elección para futuras compras. ¡Siempre estaremos aquí para ayudarte!,1
0502251970,CierreMasivo 06Feb25,1,6,[ Hemos atendido tu aclaración y abonado el importe reclamado a tu cuenta. Valoramos tu elección como cliente en BanCoppel y esperamos seguir siendo tu elección para futuras compras. ¡Siempre estaremos aquí para ayudarte!,1
0502252809,CierreMasivo 06Feb25,1,6,[ Hemos atendido tu aclaración y abonado el importe reclamado a tu cuenta. Valoramos tu elección como cliente en BanCoppel y esperamos seguir siendo tu elección para futuras compras. ¡Siempre estaremos aquí para ayudarte!,1
0502252776,CierreMasivo 06Feb25,1,6,[ Hemos atendido tu aclaración y abonado el importe reclamado a tu cuenta. Valoramos tu elección como cliente en BanCoppel y esperamos seguir siendo tu elección para futuras compras. ¡Siempre estaremos aquí para ayudarte!,1
0502250741,CierreMasivo 06Feb25,1,6,[ Hemos atendido tu aclaración y abonado el importe reclamado a tu cuenta. Valoramos tu elección como cliente en BanCoppel y esperamos seguir siendo tu elección para futuras compras. ¡Siempre estaremos aquí para ayudarte!,1
0502251133,CierreMasivo 06Feb25,1,6,[ Hemos atendido tu aclaración y abonado el importe reclamado a tu cuenta. Valoramos tu elección como cliente en BanCoppel y esperamos seguir siendo tu elección para futuras compras. ¡Siempre estaremos aquí para ayudarte!,1
0502251123,CierreMasivo 06Feb25,1,6,[ Hemos atendido tu aclaración y abonado el importe reclamado a tu cuenta. Valoramos tu elección como cliente en BanCoppel y esperamos seguir siendo tu elección para futuras compras. ¡Siempre estaremos aquí para ayudarte!,1
0502252897,CierreMasivo 06Feb25,1,6,[ Hemos atendido tu aclaración y abonado el importe reclamado a tu cuenta. Valoramos tu elección como cliente en BanCoppel y esperamos seguir siendo tu elección para futuras compras. ¡Siempre estaremos aquí para ayudarte!,1
0502250892,CierreMasivo 06Feb25,1,6,[ Hemos atendido tu aclaración y abonado el importe reclamado a tu cuenta. Valoramos tu elección como cliente en BanCoppel y esperamos seguir siendo tu elección para futuras compras. ¡Siempre estaremos aquí para ayudarte!,1
0502252610,CierreMasivo 06Feb25,1,6,[ Hemos atendido tu aclaración y abonado el importe reclamado a tu cuenta. Valoramos tu elección como cliente en BanCoppel y esperamos seguir siendo tu elección para futuras compras. ¡Siempre estaremos aquí para ayudarte!,1
0502252483,CierreMasivo 06Feb25,1,6,[ Hemos atendido tu aclaración y abonado el importe reclamado a tu cuenta. Valoramos tu elección como cliente en BanCoppel y esperamos seguir siendo tu elección para futuras compras. ¡Siempre estaremos aquí para ayudarte!,1
0502252600,CierreMasivo 06Feb25,1,6,[ Hemos atendido tu aclaración y abonado el importe reclamado a tu cuenta. Valoramos tu elección como cliente en BanCoppel y esperamos seguir siendo tu elección para futuras compras. ¡Siempre estaremos aquí para ayudarte!,1
0502252335,CierreMasivo 06Feb25,1,6,[ Hemos atendido tu aclaración y abonado el importe reclamado a tu cuenta. Valoramos tu elección como cliente en BanCoppel y esperamos seguir siendo tu elección para futuras compras. ¡Siempre estaremos aquí para ayudarte!,1
0502252553,CierreMasivo 06Feb25,1,6,[ Hemos atendido tu aclaración y abonado el importe reclamado a tu cuenta. Valoramos tu elección como cliente en BanCoppel y esperamos seguir siendo tu elección para futuras compras. ¡Siempre estaremos aquí para ayudarte!,1
0502251528,CierreMasivo 06Feb25,1,6,[ Hemos atendido tu aclaración y abonado el importe reclamado a tu cuenta. Valoramos tu elección como cliente en BanCoppel y esperamos seguir siendo tu elección para futuras compras. ¡Siempre estaremos aquí para ayudarte!,1
0502250212,CierreMasivo 06Feb25,1,6,[ Hemos atendido tu aclaración y abonado el importe reclamado a tu cuenta. Valoramos tu elección como cliente en BanCoppel y esperamos seguir siendo tu elección para futuras compras. ¡Siempre estaremos aquí para ayudarte!,1
0502251184,CierreMasivo 06Feb25,1,6,[ Hemos atendido tu aclaración y abonado el importe reclamado a tu cuenta. Valoramos tu elección como cliente en BanCoppel y esperamos seguir siendo tu elección para futuras compras. ¡Siempre estaremos aquí para ayudarte!,1
0502251243,CierreMasivo 06Feb25,1,6,[ Hemos atendido tu aclaración y abonado el importe reclamado a tu cuenta. Valoramos tu elección como cliente en BanCoppel y esperamos seguir siendo tu elección para futuras compras. ¡Siempre estaremos aquí para ayudarte!,1
0502251062,CierreMasivo 06Feb25,1,6,[ Hemos atendido tu aclaración y abonado el importe reclamado a tu cuenta. Valoramos tu elección como cliente en BanCoppel y esperamos seguir siendo tu elección para futuras compras. ¡Siempre estaremos aquí para ayudarte!,1
0502251111,CierreMasivo 06Feb25,1,6,[ Hemos atendido tu aclaración y abonado el importe reclamado a tu cuenta. Valoramos tu elección como cliente en BanCoppel y esperamos seguir siendo tu elección para futuras compras. ¡Siempre estaremos aquí para ayudarte!,1
0502251138,CierreMasivo 06Feb25,1,6,[ Hemos atendido tu aclaración y abonado el importe reclamado a tu cuenta. Valoramos tu elección como cliente en BanCoppel y esperamos seguir siendo tu elección para futuras compras. ¡Siempre estaremos aquí para ayudarte!,1
0502251212,CierreMasivo 06Feb25,1,6,[ Hemos atendido tu aclaración y abonado el importe reclamado a tu cuenta. Valoramos tu elección como cliente en BanCoppel y esperamos seguir siendo tu elección para futuras compras. ¡Siempre estaremos aquí para ayudarte!,1
0502251097,CierreMasivo 06Feb25,1,6,[ Hemos atendido tu aclaración y abonado el importe reclamado a tu cuenta. Valoramos tu elección como cliente en BanCoppel y esperamos seguir siendo tu elección para futuras compras. ¡Siempre estaremos aquí para ayudarte!,1
0502251161,CierreMasivo 06Feb25,1,6,[ Hemos atendido tu aclaración y abonado el importe reclamado a tu cuenta. Valoramos tu elección como cliente en BanCoppel y esperamos seguir siendo tu elección para futuras compras. ¡Siempre estaremos aquí para ayudarte!,1
0502252276,CierreMasivo 06Feb25,1,6,[ Hemos atendido tu aclaración y abonado el importe reclamado a tu cuenta. Valoramos tu elección como cliente en BanCoppel y esperamos seguir siendo tu elección para futuras compras. ¡Siempre estaremos aquí para ayudarte!,1
0502250265,CierreMasivo 06Feb25,1,6,[ Hemos atendido tu aclaración y abonado el importe reclamado a tu cuenta. Valoramos tu elección como cliente en BanCoppel y esperamos seguir siendo tu elección para futuras compras. ¡Siempre estaremos aquí para ayudarte!,1
0502253568,CierreMasivo 06Feb25,1,6,[ Hemos atendido tu aclaración y abonado el importe reclamado a tu cuenta. Valoramos tu elección como cliente en BanCoppel y esperamos seguir siendo tu elección para futuras compras. ¡Siempre estaremos aquí para ayudarte!,1
0502252177,CierreMasivo 06Feb25,1,6,[ Hemos atendido tu aclaración y abonado el importe reclamado a tu cuenta. Valoramos tu elección como cliente en BanCoppel y esperamos seguir siendo tu elección para futuras compras. ¡Siempre estaremos aquí para ayudarte!,1
0502252202,CierreMasivo 06Feb25,1,6,[ Hemos atendido tu aclaración y abonado el importe reclamado a tu cuenta. Valoramos tu elección como cliente en BanCoppel y esperamos seguir siendo tu elección para futuras compras. ¡Siempre estaremos aquí para ayudarte!,1
0502253464,CierreMasivo 06Feb25,1,6,[ Hemos atendido tu aclaración y abonado el importe reclamado a tu cuenta. Valoramos tu elección como cliente en BanCoppel y esperamos seguir siendo tu elección para futuras compras. ¡Siempre estaremos aquí para ayudarte!,1
0502250966,CierreMasivo 06Feb25,1,6,[ Hemos atendido tu aclaración y abonado el importe reclamado a tu cuenta. Valoramos tu elección como cliente en BanCoppel y esperamos seguir siendo tu elección para futuras compras. ¡Siempre estaremos aquí para ayudarte!,1
0502250982,CierreMasivo 06Feb25,1,6,[ Hemos atendido tu aclaración y abonado el importe reclamado a tu cuenta. Valoramos tu elección como cliente en BanCoppel y esperamos seguir siendo tu elección para futuras compras. ¡Siempre estaremos aquí para ayudarte!,1
0502250989,CierreMasivo 06Feb25,1,6,[ Hemos atendido tu aclaración y abonado el importe reclamado a tu cuenta. Valoramos tu elección como cliente en BanCoppel y esperamos seguir siendo tu elección para futuras compras. ¡Siempre estaremos aquí para ayudarte!,1
0502251006,CierreMasivo 06Feb25,1,6,[ Hemos atendido tu aclaración y abonado el importe reclamado a tu cuenta. Valoramos tu elección como cliente en BanCoppel y esperamos seguir siendo tu elección para futuras compras. ¡Siempre estaremos aquí para ayudarte!,1
0502251013,CierreMasivo 06Feb25,1,6,[ Hemos atendido tu aclaración y abonado el importe reclamado a tu cuenta. Valoramos tu elección como cliente en BanCoppel y esperamos seguir siendo tu elección para futuras compras. ¡Siempre estaremos aquí para ayudarte!,1
0502251028,CierreMasivo 06Feb25,1,6,[ Hemos atendido tu aclaración y abonado el importe reclamado a tu cuenta. Valoramos tu elección como cliente en BanCoppel y esperamos seguir siendo tu elección para futuras compras. ¡Siempre estaremos aquí para ayudarte!,1
0502251042,CierreMasivo 06Feb25,1,6,[ Hemos atendido tu aclaración y abonado el importe reclamado a tu cuenta. Valoramos tu elección como cliente en BanCoppel y esperamos seguir siendo tu elección para futuras compras. ¡Siempre estaremos aquí para ayudarte!,1
0502252203,CierreMasivo 06Feb25,1,6,[ Hemos atendido tu aclaración y abonado el importe reclamado a tu cuenta. Valoramos tu elección como cliente en BanCoppel y esperamos seguir siendo tu elección para futuras compras. ¡Siempre estaremos aquí para ayudarte!,1
0502252241,CierreMasivo 06Feb25,1,6,[ Hemos atendido tu aclaración y abonado el importe reclamado a tu cuenta. Valoramos tu elección como cliente en BanCoppel y esperamos seguir siendo tu elección para futuras compras. ¡Siempre estaremos aquí para ayudarte!,1
0502252273,CierreMasivo 06Feb25,1,6,[ Hemos atendido tu aclaración y abonado el importe reclamado a tu cuenta. Valoramos tu elección como cliente en BanCoppel y esperamos seguir siendo tu elección para futuras compras. ¡Siempre estaremos aquí para ayudarte!,1
0502252327,CierreMasivo 06Feb25,1,6,[ Hemos atendido tu aclaración y abonado el importe reclamado a tu cuenta. Valoramos tu elección como cliente en BanCoppel y esperamos seguir siendo tu elección para futuras compras. ¡Siempre estaremos aquí para ayudarte!,1
0502252383,CierreMasivo 06Feb25,1,6,[ Hemos atendido tu aclaración y abonado el importe reclamado a tu cuenta. Valoramos tu elección como cliente en BanCoppel y esperamos seguir siendo tu elección para futuras compras. ¡Siempre estaremos aquí para ayudarte!,1
0502252410,CierreMasivo 06Feb25,1,6,[ Hemos atendido tu aclaración y abonado el importe reclamado a tu cuenta. Valoramos tu elección como cliente en BanCoppel y esperamos seguir siendo tu elección para futuras compras. ¡Siempre estaremos aquí para ayudarte!,1
0502252438,CierreMasivo 06Feb25,1,6,[ Hemos atendido tu aclaración y abonado el importe reclamado a tu cuenta. Valoramos tu elección como cliente en BanCoppel y esperamos seguir siendo tu elección para futuras compras. ¡Siempre estaremos aquí para ayudarte!,1
0502252451,CierreMasivo 06Feb25,1,6,[ Hemos atendido tu aclaración y abonado el importe reclamado a tu cuenta. Valoramos tu elección como cliente en BanCoppel y esperamos seguir siendo tu elección para futuras compras. ¡Siempre estaremos aquí para ayudarte!,1
0502251833,CierreMasivo 06Feb25,1,6,[ Hemos atendido tu aclaración y abonado el importe reclamado a tu cuenta. Valoramos tu elección como cliente en BanCoppel y esperamos seguir siendo tu elección para futuras compras. ¡Siempre estaremos aquí para ayudarte!,1
0502250479,CierreMasivo 06Feb25,1,6,[ Hemos atendido tu aclaración y abonado el importe reclamado a tu cuenta. Valoramos tu elección como cliente en BanCoppel y esperamos seguir siendo tu elección para futuras compras. ¡Siempre estaremos aquí para ayudarte!,1
0502250227,CierreMasivo 06Feb25,1,6,[ Hemos atendido tu aclaración y abonado el importe reclamado a tu cuenta. Valoramos tu elección como cliente en BanCoppel y esperamos seguir siendo tu elección para futuras compras. ¡Siempre estaremos aquí para ayudarte!,1
0502250238,CierreMasivo 06Feb25,1,6,[ Hemos atendido tu aclaración y abonado el importe reclamado a tu cuenta. Valoramos tu elección como cliente en BanCoppel y esperamos seguir siendo tu elección para futuras compras. ¡Siempre estaremos aquí para ayudarte!,1
0502251828,CierreMasivo 06Feb25,1,6,[ Hemos atendido tu aclaración y abonado el importe reclamado a tu cuenta. Valoramos tu elección como cliente en BanCoppel y esperamos seguir siendo tu elección para futuras compras. ¡Siempre estaremos aquí para ayudarte!,1
0502251926,CierreMasivo 06Feb25,1,6,[ Hemos atendido tu aclaración y abonado el importe reclamado a tu cuenta. Valoramos tu elección como cliente en BanCoppel y esperamos seguir siendo tu elección para futuras compras. ¡Siempre estaremos aquí para ayudarte!,1
0502252719,CierreMasivo 06Feb25,1,6,[ Hemos atendido tu aclaración y abonado el importe reclamado a tu cuenta. Valoramos tu elección como cliente en BanCoppel y esperamos seguir siendo tu elección para futuras compras. ¡Siempre estaremos aquí para ayudarte!,1
0502252699,CierreMasivo 06Feb25,1,6,[ Hemos atendido tu aclaración y abonado el importe reclamado a tu cuenta. Valoramos tu elección como cliente en BanCoppel y esperamos seguir siendo tu elección para futuras compras. ¡Siempre estaremos aquí para ayudarte!,1
0502250565,CierreMasivo 06Feb25,1,6,[ Hemos atendido tu aclaración y abonado el importe reclamado a tu cuenta. Valoramos tu elección como cliente en BanCoppel y esperamos seguir siendo tu elección para futuras compras. ¡Siempre estaremos aquí para ayudarte!,1
0502250636,CierreMasivo 06Feb25,1,6,[ Hemos atendido tu aclaración y abonado el importe reclamado a tu cuenta. Valoramos tu elección como cliente en BanCoppel y esperamos seguir siendo tu elección para futuras compras. ¡Siempre estaremos aquí para ayudarte!,1
0502250747,CierreMasivo 06Feb25,1,6,[ Hemos atendido tu aclaración y abonado el importe reclamado a tu cuenta. Valoramos tu elección como cliente en BanCoppel y esperamos seguir siendo tu elección para futuras compras. ¡Siempre estaremos aquí para ayudarte!,1
0502250522,CierreMasivo 06Feb25,1,6,[ Hemos atendido tu aclaración y abonado el importe reclamado a tu cuenta. Valoramos tu elección como cliente en BanCoppel y esperamos seguir siendo tu elección para futuras compras. ¡Siempre estaremos aquí para ayudarte!,1
0502250538,CierreMasivo 06Feb25,1,6,[ Hemos atendido tu aclaración y abonado el importe reclamado a tu cuenta. Valoramos tu elección como cliente en BanCoppel y esperamos seguir siendo tu elección para futuras compras. ¡Siempre estaremos aquí para ayudarte!,1
0502250599,CierreMasivo 06Feb25,1,6,[ Hemos atendido tu aclaración y abonado el importe reclamado a tu cuenta. Valoramos tu elección como cliente en BanCoppel y esperamos seguir siendo tu elección para futuras compras. ¡Siempre estaremos aquí para ayudarte!,1
0502250666,CierreMasivo 06Feb25,1,6,[ Hemos atendido tu aclaración y abonado el importe reclamado a tu cuenta. Valoramos tu elección como cliente en BanCoppel y esperamos seguir siendo tu elección para futuras compras. ¡Siempre estaremos aquí para ayudarte!,1
0502250680,CierreMasivo 06Feb25,1,6,[ Hemos atendido tu aclaración y abonado el importe reclamado a tu cuenta. Valoramos tu elección como cliente en BanCoppel y esperamos seguir siendo tu elección para futuras compras. ¡Siempre estaremos aquí para ayudarte!,1
0502250689,CierreMasivo 06Feb25,1,6,[ Hemos atendido tu aclaración y abonado el importe reclamado a tu cuenta. Valoramos tu elección como cliente en BanCoppel y esperamos seguir siendo tu elección para futuras compras. ¡Siempre estaremos aquí para ayudarte!,1
0502250701,CierreMasivo 06Feb25,1,6,[ Hemos atendido tu aclaración y abonado el importe reclamado a tu cuenta. Valoramos tu elección como cliente en BanCoppel y esperamos seguir siendo tu elección para futuras compras. ¡Siempre estaremos aquí para ayudarte!,1
0502250718,CierreMasivo 06Feb25,1,6,[ Hemos atendido tu aclaración y abonado el importe reclamado a tu cuenta. Valoramos tu elección como cliente en BanCoppel y esperamos seguir siendo tu elección para futuras compras. ¡Siempre estaremos aquí para ayudarte!,1
0502250734,CierreMasivo 06Feb25,1,6,[ Hemos atendido tu aclaración y abonado el importe reclamado a tu cuenta. Valoramos tu elección como cliente en BanCoppel y esperamos seguir siendo tu elección para futuras compras. ¡Siempre estaremos aquí para ayudarte!,1
0502252666,CierreMasivo 06Feb25,1,6,[ Hemos atendido tu aclaración y abonado el importe reclamado a tu cuenta. Valoramos tu elección como cliente en BanCoppel y esperamos seguir siendo tu elección para futuras compras. ¡Siempre estaremos aquí para ayudarte!,1
0502253477,CierreMasivo 06Feb25,1,6,[ Hemos atendido tu aclaración y abonado el importe reclamado a tu cuenta. Valoramos tu elección como cliente en BanCoppel y esperamos seguir siendo tu elección para futuras compras. ¡Siempre estaremos aquí para ayudarte!,1
0502253482,CierreMasivo 06Feb25,1,6,[ Hemos atendido tu aclaración y abonado el importe reclamado a tu cuenta. Valoramos tu elección como cliente en BanCoppel y esperamos seguir siendo tu elección para futuras compras. ¡Siempre estaremos aquí para ayudarte!,1
0502253480,CierreMasivo 06Feb25,1,6,[ Hemos atendido tu aclaración y abonado el importe reclamado a tu cuenta. Valoramos tu elección como cliente en BanCoppel y esperamos seguir siendo tu elección para futuras compras. ¡Siempre estaremos aquí para ayudarte!,1
0502253488,CierreMasivo 06Feb25,1,6,[ Hemos atendido tu aclaración y abonado el importe reclamado a tu cuenta. Valoramos tu elección como cliente en BanCoppel y esperamos seguir siendo tu elección para futuras compras. ¡Siempre estaremos aquí para ayudarte!,1
0502253491,CierreMasivo 06Feb25,1,6,[ Hemos atendido tu aclaración y abonado el importe reclamado a tu cuenta. Valoramos tu elección como cliente en BanCoppel y esperamos seguir siendo tu elección para futuras compras. ¡Siempre estaremos aquí para ayudarte!,1
0502253494,CierreMasivo 06Feb25,1,6,[ Hemos atendido tu aclaración y abonado el importe reclamado a tu cuenta. Valoramos tu elección como cliente en BanCoppel y esperamos seguir siendo tu elección para futuras compras. ¡Siempre estaremos aquí para ayudarte!,1
0502253498,CierreMasivo 06Feb25,1,6,[ Hemos atendido tu aclaración y abonado el importe reclamado a tu cuenta. Valoramos tu elección como cliente en BanCoppel y esperamos seguir siendo tu elección para futuras compras. ¡Siempre estaremos aquí para ayudarte!,1
0502253502,CierreMasivo 06Feb25,1,6,[ Hemos atendido tu aclaración y abonado el importe reclamado a tu cuenta. Valoramos tu elección como cliente en BanCoppel y esperamos seguir siendo tu elección para futuras compras. ¡Siempre estaremos aquí para ayudarte!,1
0502253475,CierreMasivo 06Feb25,1,6,[ Hemos atendido tu aclaración y abonado el importe reclamado a tu cuenta. Valoramos tu elección como cliente en BanCoppel y esperamos seguir siendo tu elección para futuras compras. ¡Siempre estaremos aquí para ayudarte!,1
0502251159,CierreMasivo 06Feb25,1,6,[ Hemos atendido tu aclaración y abonado el importe reclamado a tu cuenta. Valoramos tu elección como cliente en BanCoppel y esperamos seguir siendo tu elección para futuras compras. ¡Siempre estaremos aquí para ayudarte!,1
0502251576,CierreMasivo 06Feb25,1,6,[ Hemos atendido tu aclaración y abonado el importe reclamado a tu cuenta. Valoramos tu elección como cliente en BanCoppel y esperamos seguir siendo tu elección para futuras compras. ¡Siempre estaremos aquí para ayudarte!,1
0502253441,CierreMasivo 06Feb25,1,6,[ Hemos atendido tu aclaración y abonado el importe reclamado a tu cuenta. Valoramos tu elección como cliente en BanCoppel y esperamos seguir siendo tu elección para futuras compras. ¡Siempre estaremos aquí para ayudarte!,1
0502253169,CierreMasivo 06Feb25,1,6,[ Hemos atendido tu aclaración y abonado el importe reclamado a tu cuenta. Valoramos tu elección como cliente en BanCoppel y esperamos seguir siendo tu elección para futuras compras. ¡Siempre estaremos aquí para ayudarte!,1
0502252043,CierreMasivo 06Feb25,1,6,[ Hemos atendido tu aclaración y abonado el importe reclamado a tu cuenta. Valoramos tu elección como cliente en BanCoppel y esperamos seguir siendo tu elección para futuras compras. ¡Siempre estaremos aquí para ayudarte!,1
0502251993,CierreMasivo 06Feb25,1,6,[ Hemos atendido tu aclaración y abonado el importe reclamado a tu cuenta. Valoramos tu elección como cliente en BanCoppel y esperamos seguir siendo tu elección para futuras compras. ¡Siempre estaremos aquí para ayudarte!,1
0502253419,CierreMasivo 06Feb25,1,6,[ Hemos atendido tu aclaración y abonado el importe reclamado a tu cuenta. Valoramos tu elección como cliente en BanCoppel y esperamos seguir siendo tu elección para futuras compras. ¡Siempre estaremos aquí para ayudarte!,1
0502252687,CierreMasivo 06Feb25,1,6,[ Hemos atendido tu aclaración y abonado el importe reclamado a tu cuenta. Valoramos tu elección como cliente en BanCoppel y esperamos seguir siendo tu elección para futuras compras. ¡Siempre estaremos aquí para ayudarte!,1
0502252676,CierreMasivo 06Feb25,1,6,[ Hemos atendido tu aclaración y abonado el importe reclamado a tu cuenta. Valoramos tu elección como cliente en BanCoppel y esperamos seguir siendo tu elección para futuras compras. ¡Siempre estaremos aquí para ayudarte!,1
0502250037,CierreMasivo 06Feb25,1,6,[ Hemos atendido tu aclaración y abonado el importe reclamado a tu cuenta. Valoramos tu elección como cliente en BanCoppel y esperamos seguir siendo tu elección para futuras compras. ¡Siempre estaremos aquí para ayudarte!,1
0502250357,CierreMasivo 06Feb25,1,6,[ Hemos atendido tu aclaración y abonado el importe reclamado a tu cuenta. Valoramos tu elección como cliente en BanCoppel y esperamos seguir siendo tu elección para futuras compras. ¡Siempre estaremos aquí para ayudarte!,1
0502251758,CierreMasivo 06Feb25,1,6,[ Hemos atendido tu aclaración y abonado el importe reclamado a tu cuenta. Valoramos tu elección como cliente en BanCoppel y esperamos seguir siendo tu elección para futuras compras. ¡Siempre estaremos aquí para ayudarte!,1
0502250381,CierreMasivo 06Feb25,1,6,[ Hemos atendido tu aclaración y abonado el importe reclamado a tu cuenta. Valoramos tu elección como cliente en BanCoppel y esperamos seguir siendo tu elección para futuras compras. ¡Siempre estaremos aquí para ayudarte!,1
0502253061,CierreMasivo 06Feb25,1,6,[ Hemos atendido tu aclaración y abonado el importe reclamado a tu cuenta. Valoramos tu elección como cliente en BanCoppel y esperamos seguir siendo tu elección para futuras compras. ¡Siempre estaremos aquí para ayudarte!,1
0502253318,CierreMasivo 06Feb25,1,6,[ Hemos atendido tu aclaración y abonado el importe reclamado a tu cuenta. Valoramos tu elección como cliente en BanCoppel y esperamos seguir siendo tu elección para futuras compras. ¡Siempre estaremos aquí para ayudarte!,1
0502250014,CierreMasivo 06Feb25,1,6,[ Hemos atendido tu aclaración y abonado el importe reclamado a tu cuenta. Valoramos tu elección como cliente en BanCoppel y esperamos seguir siendo tu elección para futuras compras. ¡Siempre estaremos aquí para ayudarte!,1
0502253291,CierreMasivo 06Feb25,1,6,[ Hemos atendido tu aclaración y abonado el importe reclamado a tu cuenta. Valoramos tu elección como cliente en BanCoppel y esperamos seguir siendo tu elección para futuras compras. ¡Siempre estaremos aquí para ayudarte!,1
0502251987,CierreMasivo 06Feb25,1,6,[ Hemos atendido tu aclaración y abonado el importe reclamado a tu cuenta. Valoramos tu elección como cliente en BanCoppel y esperamos seguir siendo tu elección para futuras compras. ¡Siempre estaremos aquí para ayudarte!,1
0502251963,CierreMasivo 06Feb25,1,6,[ Hemos atendido tu aclaración y abonado el importe reclamado a tu cuenta. Valoramos tu elección como cliente en BanCoppel y esperamos seguir siendo tu elección para futuras compras. ¡Siempre estaremos aquí para ayudarte!,1
0502251951,CierreMasivo 06Feb25,1,6,[ Hemos atendido tu aclaración y abonado el importe reclamado a tu cuenta. Valoramos tu elección como cliente en BanCoppel y esperamos seguir siendo tu elección para futuras compras. ¡Siempre estaremos aquí para ayudarte!,1
0502251979,CierreMasivo 06Feb25,1,6,[ Hemos atendido tu aclaración y abonado el importe reclamado a tu cuenta. Valoramos tu elección como cliente en BanCoppel y esperamos seguir siendo tu elección para futuras compras. ¡Siempre estaremos aquí para ayudarte!,1
0502251973,CierreMasivo 06Feb25,1,6,[ Hemos atendido tu aclaración y abonado el importe reclamado a tu cuenta. Valoramos tu elección como cliente en BanCoppel y esperamos seguir siendo tu elección para futuras compras. ¡Siempre estaremos aquí para ayudarte!,1
0502252781,CierreMasivo 06Feb25,1,6,[ Hemos atendido tu aclaración y abonado el importe reclamado a tu cuenta. Valoramos tu elección como cliente en BanCoppel y esperamos seguir siendo tu elección para futuras compras. ¡Siempre estaremos aquí para ayudarte!,1
0502253086,CierreMasivo 06Feb25,1,6,[ Hemos atendido tu aclaración y abonado el importe reclamado a tu cuenta. Valoramos tu elección como cliente en BanCoppel y esperamos seguir siendo tu elección para futuras compras. ¡Siempre estaremos aquí para ayudarte!,1
0502250895,CierreMasivo 06Feb25,1,6,[ Hemos atendido tu aclaración y abonado el importe reclamado a tu cuenta. Valoramos tu elección como cliente en BanCoppel y esperamos seguir siendo tu elección para futuras compras. ¡Siempre estaremos aquí para ayudarte!,1
0502250461,CierreMasivo 06Feb25,1,6,[ Hemos atendido tu aclaración y abonado el importe reclamado a tu cuenta. Valoramos tu elección como cliente en BanCoppel y esperamos seguir siendo tu elección para futuras compras. ¡Siempre estaremos aquí para ayudarte!,1
0502250940,CierreMasivo 06Feb25,1,6,[ Hemos atendido tu aclaración y abonado el importe reclamado a tu cuenta. Valoramos tu elección como cliente en BanCoppel y esperamos seguir siendo tu elección para futuras compras. ¡Siempre estaremos aquí para ayudarte!,1
0502252386,CierreMasivo 06Feb25,1,6,[ Hemos atendido tu aclaración y abonado el importe reclamado a tu cuenta. Valoramos tu elección como cliente en BanCoppel y esperamos seguir siendo tu elección para futuras compras. ¡Siempre estaremos aquí para ayudarte!,1
0502251915,CierreMasivo 06Feb25,1,6,[ Hemos atendido tu aclaración y abonado el importe reclamado a tu cuenta. Valoramos tu elección como cliente en BanCoppel y esperamos seguir siendo tu elección para futuras compras. ¡Siempre estaremos aquí para ayudarte!,1
0502251509,CierreMasivo 06Feb25,1,6,[ Hemos atendido tu aclaración y abonado el importe reclamado a tu cuenta. Valoramos tu elección como cliente en BanCoppel y esperamos seguir siendo tu elección para futuras compras. ¡Siempre estaremos aquí para ayudarte!,1
0502250219,CierreMasivo 06Feb25,1,6,[ Hemos atendido tu aclaración y abonado el importe reclamado a tu cuenta. Valoramos tu elección como cliente en BanCoppel y esperamos seguir siendo tu elección para futuras compras. ¡Siempre estaremos aquí para ayudarte!,1
0502252140,CierreMasivo 06Feb25,1,6,[ Hemos atendido tu aclaración y abonado el importe reclamado a tu cuenta. Valoramos tu elección como cliente en BanCoppel y esperamos seguir siendo tu elección para futuras compras. ¡Siempre estaremos aquí para ayudarte!,1
0502251633,CierreMasivo 06Feb25,1,6,[ Hemos atendido tu aclaración y abonado el importe reclamado a tu cuenta. Valoramos tu elección como cliente en BanCoppel y esperamos seguir siendo tu elección para futuras compras. ¡Siempre estaremos aquí para ayudarte!,1
0502251400,CierreMasivo 06Feb25,1,6,[ Hemos atendido tu aclaración y abonado el importe reclamado a tu cuenta. Valoramos tu elección como cliente en BanCoppel y esperamos seguir siendo tu elección para futuras compras. ¡Siempre estaremos aquí para ayudarte!,1
0502251418,CierreMasivo 06Feb25,1,6,[ Hemos atendido tu aclaración y abonado el importe reclamado a tu cuenta. Valoramos tu elección como cliente en BanCoppel y esperamos seguir siendo tu elección para futuras compras. ¡Siempre estaremos aquí para ayudarte!,1
0502250954,CierreMasivo 06Feb25,1,6,[ Hemos atendido tu aclaración y abonado el importe reclamado a tu cuenta. Valoramos tu elección como cliente en BanCoppel y esperamos seguir siendo tu elección para futuras compras. ¡Siempre estaremos aquí para ayudarte!,1
0502253077,CierreMasivo 06Feb25,1,6,[ Hemos atendido tu aclaración y abonado el importe reclamado a tu cuenta. Valoramos tu elección como cliente en BanCoppel y esperamos seguir siendo tu elección para futuras compras. ¡Siempre estaremos aquí para ayudarte!,1
0502252210,CierreMasivo 06Feb25,1,6,[ Hemos atendido tu aclaración y abonado el importe reclamado a tu cuenta. Valoramos tu elección como cliente en BanCoppel y esperamos seguir siendo tu elección para futuras compras. ¡Siempre estaremos aquí para ayudarte!,1
0502252196,CierreMasivo 06Feb25,1,6,[ Hemos atendido tu aclaración y abonado el importe reclamado a tu cuenta. Valoramos tu elección como cliente en BanCoppel y esperamos seguir siendo tu elección para futuras compras. ¡Siempre estaremos aquí para ayudarte!,1
0502252163,CierreMasivo 06Feb25,1,6,[ Hemos atendido tu aclaración y abonado el importe reclamado a tu cuenta. Valoramos tu elección como cliente en BanCoppel y esperamos seguir siendo tu elección para futuras compras. ¡Siempre estaremos aquí para ayudarte!,1
0502251329,CierreMasivo 06Feb25,1,6,[ Hemos atendido tu aclaración y abonado el importe reclamado a tu cuenta. Valoramos tu elección como cliente en BanCoppel y esperamos seguir siendo tu elección para futuras compras. ¡Siempre estaremos aquí para ayudarte!,1
0502251354,CierreMasivo 06Feb25,1,6,[ Hemos atendido tu aclaración y abonado el importe reclamado a tu cuenta. Valoramos tu elección como cliente en BanCoppel y esperamos seguir siendo tu elección para futuras compras. ¡Siempre estaremos aquí para ayudarte!,1
0502251343,CierreMasivo 06Feb25,1,6,[ Hemos atendido tu aclaración y abonado el importe reclamado a tu cuenta. Valoramos tu elección como cliente en BanCoppel y esperamos seguir siendo tu elección para futuras compras. ¡Siempre estaremos aquí para ayudarte!,1
0502250047,CierreMasivo 06Feb25,1,6,[ Hemos atendido tu aclaración y abonado el importe reclamado a tu cuenta. Valoramos tu elección como cliente en BanCoppel y esperamos seguir siendo tu elección para futuras compras. ¡Siempre estaremos aquí para ayudarte!,1
0502251840,CierreMasivo 06Feb25,1,6,[ Hemos atendido tu aclaración y abonado el importe reclamado a tu cuenta. Valoramos tu elección como cliente en BanCoppel y esperamos seguir siendo tu elección para futuras compras. ¡Siempre estaremos aquí para ayudarte!,1
0502252171,CierreMasivo 06Feb25,1,6,[ Hemos atendido tu aclaración y abonado el importe reclamado a tu cuenta. Valoramos tu elección como cliente en BanCoppel y esperamos seguir siendo tu elección para futuras compras. ¡Siempre estaremos aquí para ayudarte!,1
0502251717,CierreMasivo 06Feb25,1,6,[ Hemos atendido tu aclaración y abonado el importe reclamado a tu cuenta. Valoramos tu elección como cliente en BanCoppel y esperamos seguir siendo tu elección para futuras compras. ¡Siempre estaremos aquí para ayudarte!,1
0502253357,CierreMasivo 06Feb25,1,6,[ Hemos atendido tu aclaración y abonado el importe reclamado a tu cuenta. Valoramos tu elección como cliente en BanCoppel y esperamos seguir siendo tu elección para futuras compras. ¡Siempre estaremos aquí para ayudarte!,1
0502251396,CierreMasivo 06Feb25,1,6,[ Hemos atendido tu aclaración y abonado el importe reclamado a tu cuenta. Valoramos tu elección como cliente en BanCoppel y esperamos seguir siendo tu elección para futuras compras. ¡Siempre estaremos aquí para ayudarte!,1
0502252393,CierreMasivo 06Feb25,1,6,[ Hemos atendido tu aclaración y abonado el importe reclamado a tu cuenta. Valoramos tu elección como cliente en BanCoppel y esperamos seguir siendo tu elección para futuras compras. ¡Siempre estaremos aquí para ayudarte!,1
0502252453,CierreMasivo 06Feb25,1,6,[ Hemos atendido tu aclaración y abonado el importe reclamado a tu cuenta. Valoramos tu elección como cliente en BanCoppel y esperamos seguir siendo tu elección para futuras compras. ¡Siempre estaremos aquí para ayudarte!,1
0502253473,CierreMasivo 06Feb25,1,6,[ Hemos atendido tu aclaración y abonado el importe reclamado a tu cuenta. Valoramos tu elección como cliente en BanCoppel y esperamos seguir siendo tu elección para futuras compras. ¡Siempre estaremos aquí para ayudarte!,1
0502252028,CierreMasivo 06Feb25,1,6,[ Hemos atendido tu aclaración y abonado el importe reclamado a tu cuenta. Valoramos tu elección como cliente en BanCoppel y esperamos seguir siendo tu elección para futuras compras. ¡Siempre estaremos aquí para ayudarte!,1
0502252039,CierreMasivo 06Feb25,1,6,[ Hemos atendido tu aclaración y abonado el importe reclamado a tu cuenta. Valoramos tu elección como cliente en BanCoppel y esperamos seguir siendo tu elección para futuras compras. ¡Siempre estaremos aquí para ayudarte!,1
0502250946,CierreMasivo 06Feb25,1,6,[ Hemos atendido tu aclaración y abonado el importe reclamado a tu cuenta. Valoramos tu elección como cliente en BanCoppel y esperamos seguir siendo tu elección para futuras compras. ¡Siempre estaremos aquí para ayudarte!,1
0502253147,CierreMasivo 06Feb25,1,6,[ Hemos atendido tu aclaración y abonado el importe reclamado a tu cuenta. Valoramos tu elección como cliente en BanCoppel y esperamos seguir siendo tu elección para futuras compras. ¡Siempre estaremos aquí para ayudarte!,1
0502253582,CierreMasivo 06Feb25,1,6,[ Hemos atendido tu aclaración y abonado el importe reclamado a tu cuenta. Valoramos tu elección como cliente en BanCoppel y esperamos seguir siendo tu elección para futuras compras. ¡Siempre estaremos aquí para ayudarte!,1
0502252557,CierreMasivo 06Feb25,1,6,[ Hemos atendido tu aclaración y abonado el importe reclamado a tu cuenta. Valoramos tu elección como cliente en BanCoppel y esperamos seguir siendo tu elección para futuras compras. ¡Siempre estaremos aquí para ayudarte!,1
0502250234,CierreMasivo 06Feb25,1,6,[ Hemos atendido tu aclaración y abonado el importe reclamado a tu cuenta. Valoramos tu elección como cliente en BanCoppel y esperamos seguir siendo tu elección para futuras compras. ¡Siempre estaremos aquí para ayudarte!,1
0502250003,CierreMasivo 06Feb25,1,6,[ Hemos atendido tu aclaración y abonado el importe reclamado a tu cuenta. Valoramos tu elección como cliente en BanCoppel y esperamos seguir siendo tu elección para futuras compras. ¡Siempre estaremos aquí para ayudarte!,1
0502250378,CierreMasivo 06Feb25,1,6,[ Hemos atendido tu aclaración y abonado el importe reclamado a tu cuenta. Valoramos tu elección como cliente en BanCoppel y esperamos seguir siendo tu elección para futuras compras. ¡Siempre estaremos aquí para ayudarte!,1
0502250041,CierreMasivo 06Feb25,1,6,[ Hemos atendido tu aclaración y abonado el importe reclamado a tu cuenta. Valoramos tu elección como cliente en BanCoppel y esperamos seguir siendo tu elección para futuras compras. ¡Siempre estaremos aquí para ayudarte!,1
0502252266,CierreMasivo 06Feb25,1,6,[ Hemos atendido tu aclaración y abonado el importe reclamado a tu cuenta. Valoramos tu elección como cliente en BanCoppel y esperamos seguir siendo tu elección para futuras compras. ¡Siempre estaremos aquí para ayudarte!,1
0502252102,CierreMasivo 06Feb25,1,6,[ Hemos atendido tu aclaración y abonado el importe reclamado a tu cuenta. Valoramos tu elección como cliente en BanCoppel y esperamos seguir siendo tu elección para futuras compras. ¡Siempre estaremos aquí para ayudarte!,1
0502252128,CierreMasivo 06Feb25,1,6,[ Hemos atendido tu aclaración y abonado el importe reclamado a tu cuenta. Valoramos tu elección como cliente en BanCoppel y esperamos seguir siendo tu elección para futuras compras. ¡Siempre estaremos aquí para ayudarte!,1
0502252252,CierreMasivo 06Feb25,1,6,[ Hemos atendido tu aclaración y abonado el importe reclamado a tu cuenta. Valoramos tu elección como cliente en BanCoppel y esperamos seguir siendo tu elección para futuras compras. ¡Siempre estaremos aquí para ayudarte!,1
0502252136,CierreMasivo 06Feb25,1,6,[ Hemos atendido tu aclaración y abonado el importe reclamado a tu cuenta. Valoramos tu elección como cliente en BanCoppel y esperamos seguir siendo tu elección para futuras compras. ¡Siempre estaremos aquí para ayudarte!,1
0502251612,CierreMasivo 06Feb25,1,6,[ Hemos atendido tu aclaración y abonado el importe reclamado a tu cuenta. Valoramos tu elección como cliente en BanCoppel y esperamos seguir siendo tu elección para futuras compras. ¡Siempre estaremos aquí para ayudarte!,1
0502251112,CierreMasivo 06Feb25,1,6,[ Hemos atendido tu aclaración y abonado el importe reclamado a tu cuenta. Valoramos tu elección como cliente en BanCoppel y esperamos seguir siendo tu elección para futuras compras. ¡Siempre estaremos aquí para ayudarte!,1
0502251967,CierreMasivo 06Feb25,1,6,[ Hemos atendido tu aclaración y abonado el importe reclamado a tu cuenta. Valoramos tu elección como cliente en BanCoppel y esperamos seguir siendo tu elección para futuras compras. ¡Siempre estaremos aquí para ayudarte!,1
0502253149,CierreMasivo 06Feb25,1,6,[ Hemos atendido tu aclaración y abonado el importe reclamado a tu cuenta. Valoramos tu elección como cliente en BanCoppel y esperamos seguir siendo tu elección para futuras compras. ¡Siempre estaremos aquí para ayudarte!,1
0502253160,CierreMasivo 06Feb25,1,6,[ Hemos atendido tu aclaración y abonado el importe reclamado a tu cuenta. Valoramos tu elección como cliente en BanCoppel y esperamos seguir siendo tu elección para futuras compras. ¡Siempre estaremos aquí para ayudarte!,1
0502253174,CierreMasivo 06Feb25,1,6,[ Hemos atendido tu aclaración y abonado el importe reclamado a tu cuenta. Valoramos tu elección como cliente en BanCoppel y esperamos seguir siendo tu elección para futuras compras. ¡Siempre estaremos aquí para ayudarte!,1
0502251665,CierreMasivo 06Feb25,1,6,[ Hemos atendido tu aclaración y abonado el importe reclamado a tu cuenta. Valoramos tu elección como cliente en BanCoppel y esperamos seguir siendo tu elección para futuras compras. ¡Siempre estaremos aquí para ayudarte!,1
0502251470,CierreMasivo 06Feb25,1,6,[ Hemos atendido tu aclaración y abonado el importe reclamado a tu cuenta. Valoramos tu elección como cliente en BanCoppel y esperamos seguir siendo tu elección para futuras compras. ¡Siempre estaremos aquí para ayudarte!,1
0502251456,CierreMasivo 06Feb25,1,6,[ Hemos atendido tu aclaración y abonado el importe reclamado a tu cuenta. Valoramos tu elección como cliente en BanCoppel y esperamos seguir siendo tu elección para futuras compras. ¡Siempre estaremos aquí para ayudarte!,1
0502253078,CierreMasivo 06Feb25,1,6,[ Hemos atendido tu aclaración y abonado el importe reclamado a tu cuenta. Valoramos tu elección como cliente en BanCoppel y esperamos seguir siendo tu elección para futuras compras. ¡Siempre estaremos aquí para ayudarte!,1
0502251298,CierreMasivo 06Feb25,1,6,[ Hemos atendido tu aclaración y abonado el importe reclamado a tu cuenta. Valoramos tu elección como cliente en BanCoppel y esperamos seguir siendo tu elección para futuras compras. ¡Siempre estaremos aquí para ayudarte!,1
0502251258,CierreMasivo 06Feb25,1,6,[ Hemos atendido tu aclaración y abonado el importe reclamado a tu cuenta. Valoramos tu elección como cliente en BanCoppel y esperamos seguir siendo tu elección para futuras compras. ¡Siempre estaremos aquí para ayudarte!,1
0502251551,CierreMasivo 06Feb25,1,6,[ Hemos atendido tu aclaración y abonado el importe reclamado a tu cuenta. Valoramos tu elección como cliente en BanCoppel y esperamos seguir siendo tu elección para futuras compras. ¡Siempre estaremos aquí para ayudarte!,1
0502251481,CierreMasivo 06Feb25,1,6,[ Hemos atendido tu aclaración y abonado el importe reclamado a tu cuenta. Valoramos tu elección como cliente en BanCoppel y esperamos seguir siendo tu elección para futuras compras. ¡Siempre estaremos aquí para ayudarte!,1
0502250009,CierreMasivo 06Feb25,1,6,[ Hemos atendido tu aclaración y abonado el importe reclamado a tu cuenta. Valoramos tu elección como cliente en BanCoppel y esperamos seguir siendo tu elección para futuras compras. ¡Siempre estaremos aquí para ayudarte!,1
0502252195,CierreMasivo 06Feb25,1,6,[ Hemos atendido tu aclaración y abonado el importe reclamado a tu cuenta. Valoramos tu elección como cliente en BanCoppel y esperamos seguir siendo tu elección para futuras compras. ¡Siempre estaremos aquí para ayudarte!,1
0502250142,CierreMasivo 06Feb25,1,6,[ Hemos atendido tu aclaración y abonado el importe reclamado a tu cuenta. Valoramos tu elección como cliente en BanCoppel y esperamos seguir siendo tu elección para futuras compras. ¡Siempre estaremos aquí para ayudarte!,1
0502250157,CierreMasivo 06Feb25,1,6,[ Hemos atendido tu aclaración y abonado el importe reclamado a tu cuenta. Valoramos tu elección como cliente en BanCoppel y esperamos seguir siendo tu elección para futuras compras. ¡Siempre estaremos aquí para ayudarte!,1
0502251530,CierreMasivo 06Feb25,1,6,[ Hemos atendido tu aclaración y abonado el importe reclamado a tu cuenta. Valoramos tu elección como cliente en BanCoppel y esperamos seguir siendo tu elección para futuras compras. ¡Siempre estaremos aquí para ayudarte!,1
0502251806,CierreMasivo 06Feb25,1,6,[ Hemos atendido tu aclaración y abonado el importe reclamado a tu cuenta. Valoramos tu elección como cliente en BanCoppel y esperamos seguir siendo tu elección para futuras compras. ¡Siempre estaremos aquí para ayudarte!,1
0502251522,CierreMasivo 06Feb25,1,6,[ Hemos atendido tu aclaración y abonado el importe reclamado a tu cuenta. Valoramos tu elección como cliente en BanCoppel y esperamos seguir siendo tu elección para futuras compras. ¡Siempre estaremos aquí para ayudarte!,1
0502253275,CierreMasivo 06Feb25,1,6,[ Hemos atendido tu aclaración y abonado el importe reclamado a tu cuenta. Valoramos tu elección como cliente en BanCoppel y esperamos seguir siendo tu elección para futuras compras. ¡Siempre estaremos aquí para ayudarte!,1
0502250769,CierreMasivo 06Feb25,1,6,[ Hemos atendido tu aclaración y abonado el importe reclamado a tu cuenta. Valoramos tu elección como cliente en BanCoppel y esperamos seguir siendo tu elección para futuras compras. ¡Siempre estaremos aquí para ayudarte!,1
0502253331,CierreMasivo 06Feb25,1,6,[ Hemos atendido tu aclaración y abonado el importe reclamado a tu cuenta. Valoramos tu elección como cliente en BanCoppel y esperamos seguir siendo tu elección para futuras compras. ¡Siempre estaremos aquí para ayudarte!,1
0502252002,CierreMasivo 06Feb25,1,6,[ Hemos atendido tu aclaración y abonado el importe reclamado a tu cuenta. Valoramos tu elección como cliente en BanCoppel y esperamos seguir siendo tu elección para futuras compras. ¡Siempre estaremos aquí para ayudarte!,1
0502250929,CierreMasivo 06Feb25,1,6,[ Hemos atendido tu aclaración y abonado el importe reclamado a tu cuenta. Valoramos tu elección como cliente en BanCoppel y esperamos seguir siendo tu elección para futuras compras. ¡Siempre estaremos aquí para ayudarte!,1
0502251079,CierreMasivo 06Feb25,1,6,[ Hemos atendido tu aclaración y abonado el importe reclamado a tu cuenta. Valoramos tu elección como cliente en BanCoppel y esperamos seguir siendo tu elección para futuras compras. ¡Siempre estaremos aquí para ayudarte!,1
0502253103,CierreMasivo 06Feb25,1,6,[ Hemos atendido tu aclaración y abonado el importe reclamado a tu cuenta. Valoramos tu elección como cliente en BanCoppel y esperamos seguir siendo tu elección para futuras compras. ¡Siempre estaremos aquí para ayudarte!,1
0502251215,CierreMasivo 06Feb25,1,6,[ Hemos atendido tu aclaración y abonado el importe reclamado a tu cuenta. Valoramos tu elección como cliente en BanCoppel y esperamos seguir siendo tu elección para futuras compras. ¡Siempre estaremos aquí para ayudarte!,1
0502251205,CierreMasivo 06Feb25,1,6,[ Hemos atendido tu aclaración y abonado el importe reclamado a tu cuenta. Valoramos tu elección como cliente en BanCoppel y esperamos seguir siendo tu elección para futuras compras. ¡Siempre estaremos aquí para ayudarte!,1
0502252015,CierreMasivo 06Feb25,1,6,[ Hemos atendido tu aclaración y abonado el importe reclamado a tu cuenta. Valoramos tu elección como cliente en BanCoppel y esperamos seguir siendo tu elección para futuras compras. ¡Siempre estaremos aquí para ayudarte!,1
0502252169,CierreMasivo 06Feb25,1,6,[ Hemos atendido tu aclaración y abonado el importe reclamado a tu cuenta. Valoramos tu elección como cliente en BanCoppel y esperamos seguir siendo tu elección para futuras compras. ¡Siempre estaremos aquí para ayudarte!,1
0502252146,CierreMasivo 06Feb25,1,6,[ Hemos atendido tu aclaración y abonado el importe reclamado a tu cuenta. Valoramos tu elección como cliente en BanCoppel y esperamos seguir siendo tu elección para futuras compras. ¡Siempre estaremos aquí para ayudarte!,1
0502253014,CierreMasivo 06Feb25,1,6,[ Hemos atendido tu aclaración y abonado el importe reclamado a tu cuenta. Valoramos tu elección como cliente en BanCoppel y esperamos seguir siendo tu elección para futuras compras. ¡Siempre estaremos aquí para ayudarte!,1
0502251540,CierreMasivo 06Feb25,1,6,[ Hemos atendido tu aclaración y abonado el importe reclamado a tu cuenta. Valoramos tu elección como cliente en BanCoppel y esperamos seguir siendo tu elección para futuras compras. ¡Siempre estaremos aquí para ayudarte!,1
0502251353,CierreMasivo 06Feb25,1,6,[ Hemos atendido tu aclaración y abonado el importe reclamado a tu cuenta. Valoramos tu elección como cliente en BanCoppel y esperamos seguir siendo tu elección para futuras compras. ¡Siempre estaremos aquí para ayudarte!,1
0502252012,CierreMasivo 06Feb25,1,6,[ Hemos atendido tu aclaración y abonado el importe reclamado a tu cuenta. Valoramos tu elección como cliente en BanCoppel y esperamos seguir siendo tu elección para futuras compras. ¡Siempre estaremos aquí para ayudarte!,1
0502250278,CierreMasivo 06Feb25,1,6,[ Hemos atendido tu aclaración y abonado el importe reclamado a tu cuenta. Valoramos tu elección como cliente en BanCoppel y esperamos seguir siendo tu elección para futuras compras. ¡Siempre estaremos aquí para ayudarte!,1
0502250302,CierreMasivo 06Feb25,1,6,[ Hemos atendido tu aclaración y abonado el importe reclamado a tu cuenta. Valoramos tu elección como cliente en BanCoppel y esperamos seguir siendo tu elección para futuras compras. ¡Siempre estaremos aquí para ayudarte!,1
0502252367,CierreMasivo 06Feb25,1,6,[ Hemos atendido tu aclaración y abonado el importe reclamado a tu cuenta. Valoramos tu elección como cliente en BanCoppel y esperamos seguir siendo tu elección para futuras compras. ¡Siempre estaremos aquí para ayudarte!,1
0502252350,CierreMasivo 06Feb25,1,6,[ Hemos atendido tu aclaración y abonado el importe reclamado a tu cuenta. Valoramos tu elección como cliente en BanCoppel y esperamos seguir siendo tu elección para futuras compras. ¡Siempre estaremos aquí para ayudarte!,1
0502252390,CierreMasivo 06Feb25,1,6,[ Hemos atendido tu aclaración y abonado el importe reclamado a tu cuenta. Valoramos tu elección como cliente en BanCoppel y esperamos seguir siendo tu elección para futuras compras. ¡Siempre estaremos aquí para ayudarte!,1
0502251247,CierreMasivo 06Feb25,1,6,[ Hemos atendido tu aclaración y abonado el importe reclamado a tu cuenta. Valoramos tu elección como cliente en BanCoppel y esperamos seguir siendo tu elección para futuras compras. ¡Siempre estaremos aquí para ayudarte!,1
0502251272,CierreMasivo 06Feb25,1,6,[ Hemos atendido tu aclaración y abonado el importe reclamado a tu cuenta. Valoramos tu elección como cliente en BanCoppel y esperamos seguir siendo tu elección para futuras compras. ¡Siempre estaremos aquí para ayudarte!,1
0502251294,CierreMasivo 06Feb25,1,6,[ Hemos atendido tu aclaración y abonado el importe reclamado a tu cuenta. Valoramos tu elección como cliente en BanCoppel y esperamos seguir siendo tu elección para futuras compras. ¡Siempre estaremos aquí para ayudarte!,1
0502252424,CierreMasivo 06Feb25,1,6,[ Hemos atendido tu aclaración y abonado el importe reclamado a tu cuenta. Valoramos tu elección como cliente en BanCoppel y esperamos seguir siendo tu elección para futuras compras. ¡Siempre estaremos aquí para ayudarte!,1
0502252445,CierreMasivo 06Feb25,1,6,[ Hemos atendido tu aclaración y abonado el importe reclamado a tu cuenta. Valoramos tu elección como cliente en BanCoppel y esperamos seguir siendo tu elección para futuras compras. ¡Siempre estaremos aquí para ayudarte!,1
0502252524,CierreMasivo 06Feb25,1,6,[ Hemos atendido tu aclaración y abonado el importe reclamado a tu cuenta. Valoramos tu elección como cliente en BanCoppel y esperamos seguir siendo tu elección para futuras compras. ¡Siempre estaremos aquí para ayudarte!,1
0502252968,CierreMasivo 06Feb25,1,6,[ Hemos atendido tu aclaración y abonado el importe reclamado a tu cuenta. Valoramos tu elección como cliente en BanCoppel y esperamos seguir siendo tu elección para futuras compras. ¡Siempre estaremos aquí para ayudarte!,1
0502252948,CierreMasivo 06Feb25,1,6,[ Hemos atendido tu aclaración y abonado el importe reclamado a tu cuenta. Valoramos tu elección como cliente en BanCoppel y esperamos seguir siendo tu elección para futuras compras. ¡Siempre estaremos aquí para ayudarte!,1
0502252126,CierreMasivo 06Feb25,1,6,[ Hemos atendido tu aclaración y abonado el importe reclamado a tu cuenta. Valoramos tu elección como cliente en BanCoppel y esperamos seguir siendo tu elección para futuras compras. ¡Siempre estaremos aquí para ayudarte!,1
0502252150,CierreMasivo 06Feb25,1,6,[ Hemos atendido tu aclaración y abonado el importe reclamado a tu cuenta. Valoramos tu elección como cliente en BanCoppel y esperamos seguir siendo tu elección para futuras compras. ¡Siempre estaremos aquí para ayudarte!,1
0502252732,CierreMasivo 06Feb25,1,6,[ Hemos atendido tu aclaración y abonado el importe reclamado a tu cuenta. Valoramos tu elección como cliente en BanCoppel y esperamos seguir siendo tu elección para futuras compras. ¡Siempre estaremos aquí para ayudarte!,1
0502253088,CierreMasivo 06Feb25,1,6,[ Hemos atendido tu aclaración y abonado el importe reclamado a tu cuenta. Valoramos tu elección como cliente en BanCoppel y esperamos seguir siendo tu elección para futuras compras. ¡Siempre estaremos aquí para ayudarte!,1
0502252496,CierreMasivo 06Feb25,1,6,[ Hemos atendido tu aclaración y abonado el importe reclamado a tu cuenta. Valoramos tu elección como cliente en BanCoppel y esperamos seguir siendo tu elección para futuras compras. ¡Siempre estaremos aquí para ayudarte!,1
0502252504,CierreMasivo 06Feb25,1,6,[ Hemos atendido tu aclaración y abonado el importe reclamado a tu cuenta. Valoramos tu elección como cliente en BanCoppel y esperamos seguir siendo tu elección para futuras compras. ¡Siempre estaremos aquí para ayudarte!,1
0502252514,CierreMasivo 06Feb25,1,6,[ Hemos atendido tu aclaración y abonado el importe reclamado a tu cuenta. Valoramos tu elección como cliente en BanCoppel y esperamos seguir siendo tu elección para futuras compras. ¡Siempre estaremos aquí para ayudarte!,1
0502252520,CierreMasivo 06Feb25,1,6,[ Hemos atendido tu aclaración y abonado el importe reclamado a tu cuenta. Valoramos tu elección como cliente en BanCoppel y esperamos seguir siendo tu elección para futuras compras. ¡Siempre estaremos aquí para ayudarte!,1
0502252525,CierreMasivo 06Feb25,1,6,[ Hemos atendido tu aclaración y abonado el importe reclamado a tu cuenta. Valoramos tu elección como cliente en BanCoppel y esperamos seguir siendo tu elección para futuras compras. ¡Siempre estaremos aquí para ayudarte!,1
0502252531,CierreMasivo 06Feb25,1,6,[ Hemos atendido tu aclaración y abonado el importe reclamado a tu cuenta. Valoramos tu elección como cliente en BanCoppel y esperamos seguir siendo tu elección para futuras compras. ¡Siempre estaremos aquí para ayudarte!,1
0502252419,CierreMasivo 06Feb25,1,6,[ Hemos atendido tu aclaración y abonado el importe reclamado a tu cuenta. Valoramos tu elección como cliente en BanCoppel y esperamos seguir siendo tu elección para futuras compras. ¡Siempre estaremos aquí para ayudarte!,1
0502253621,CierreMasivo 06Feb25,1,6,[ Hemos atendido tu aclaración y abonado el importe reclamado a tu cuenta. Valoramos tu elección como cliente en BanCoppel y esperamos seguir siendo tu elección para futuras compras. ¡Siempre estaremos aquí para ayudarte!,1
0502253620,CierreMasivo 06Feb25,1,6,[ Hemos atendido tu aclaración y abonado el importe reclamado a tu cuenta. Valoramos tu elección como cliente en BanCoppel y esperamos seguir siendo tu elección para futuras compras. ¡Siempre estaremos aquí para ayudarte!,1
0502251441,CierreMasivo 06Feb25,1,6,[ Hemos atendido tu aclaración y abonado el importe reclamado a tu cuenta. Valoramos tu elección como cliente en BanCoppel y esperamos seguir siendo tu elección para futuras compras. ¡Siempre estaremos aquí para ayudarte!,1
0502251816,CierreMasivo 06Feb25,1,6,[ Hemos atendido tu aclaración y abonado el importe reclamado a tu cuenta. Valoramos tu elección como cliente en BanCoppel y esperamos seguir siendo tu elección para futuras compras. ¡Siempre estaremos aquí para ayudarte!,1
0502251811,CierreMasivo 06Feb25,1,6,[ Hemos atendido tu aclaración y abonado el importe reclamado a tu cuenta. Valoramos tu elección como cliente en BanCoppel y esperamos seguir siendo tu elección para futuras compras. ¡Siempre estaremos aquí para ayudarte!,1
0502251124,CierreMasivo 06Feb25,1,6,[ Hemos atendido tu aclaración y abonado el importe reclamado a tu cuenta. Valoramos tu elección como cliente en BanCoppel y esperamos seguir siendo tu elección para futuras compras. ¡Siempre estaremos aquí para ayudarte!,1
0502251134,CierreMasivo 06Feb25,1,6,[ Hemos atendido tu aclaración y abonado el importe reclamado a tu cuenta. Valoramos tu elección como cliente en BanCoppel y esperamos seguir siendo tu elección para futuras compras. ¡Siempre estaremos aquí para ayudarte!,1
0502251148,CierreMasivo 06Feb25,1,6,[ Hemos atendido tu aclaración y abonado el importe reclamado a tu cuenta. Valoramos tu elección como cliente en BanCoppel y esperamos seguir siendo tu elección para futuras compras. ¡Siempre estaremos aquí para ayudarte!,1
0502251171,CierreMasivo 06Feb25,1,6,[ Hemos atendido tu aclaración y abonado el importe reclamado a tu cuenta. Valoramos tu elección como cliente en BanCoppel y esperamos seguir siendo tu elección para futuras compras. ¡Siempre estaremos aquí para ayudarte!,1
0502251160,CierreMasivo 06Feb25,1,6,[ Hemos atendido tu aclaración y abonado el importe reclamado a tu cuenta. Valoramos tu elección como cliente en BanCoppel y esperamos seguir siendo tu elección para futuras compras. ¡Siempre estaremos aquí para ayudarte!,1
0502252263,CierreMasivo 06Feb25,1,6,[ Hemos atendido tu aclaración y abonado el importe reclamado a tu cuenta. Valoramos tu elección como cliente en BanCoppel y esperamos seguir siendo tu elección para futuras compras. ¡Siempre estaremos aquí para ayudarte!,1
0502253266,CierreMasivo 06Feb25,1,6,[ Hemos atendido tu aclaración y abonado el importe reclamado a tu cuenta. Valoramos tu elección como cliente en BanCoppel y esperamos seguir siendo tu elección para futuras compras. ¡Siempre estaremos aquí para ayudarte!,1
0502253282,CierreMasivo 06Feb25,1,6,[ Hemos atendido tu aclaración y abonado el importe reclamado a tu cuenta. Valoramos tu elección como cliente en BanCoppel y esperamos seguir siendo tu elección para futuras compras. ¡Siempre estaremos aquí para ayudarte!,1
0502253255,CierreMasivo 06Feb25,1,6,[ Hemos atendido tu aclaración y abonado el importe reclamado a tu cuenta. Valoramos tu elección como cliente en BanCoppel y esperamos seguir siendo tu elección para futuras compras. ¡Siempre estaremos aquí para ayudarte!,1
0502250829,CierreMasivo 06Feb25,1,6,[ Hemos atendido tu aclaración y abonado el importe reclamado a tu cuenta. Valoramos tu elección como cliente en BanCoppel y esperamos seguir siendo tu elección para futuras compras. ¡Siempre estaremos aquí para ayudarte!,1
0502250837,CierreMasivo 06Feb25,1,6,[ Hemos atendido tu aclaración y abonado el importe reclamado a tu cuenta. Valoramos tu elección como cliente en BanCoppel y esperamos seguir siendo tu elección para futuras compras. ¡Siempre estaremos aquí para ayudarte!,1
0502250452,CierreMasivo 06Feb25,1,6,[ Hemos atendido tu aclaración y abonado el importe reclamado a tu cuenta. Valoramos tu elección como cliente en BanCoppel y esperamos seguir siendo tu elección para futuras compras. ¡Siempre estaremos aquí para ayudarte!,1
0502252926,CierreMasivo 06Feb25,1,6,[ Hemos atendido tu aclaración y abonado el importe reclamado a tu cuenta. Valoramos tu elección como cliente en BanCoppel y esperamos seguir siendo tu elección para futuras compras. ¡Siempre estaremos aquí para ayudarte!,1
0502250552,CierreMasivo 06Feb25,1,6,[ Hemos atendido tu aclaración y abonado el importe reclamado a tu cuenta. Valoramos tu elección como cliente en BanCoppel y esperamos seguir siendo tu elección para futuras compras. ¡Siempre estaremos aquí para ayudarte!,1
0502250388,CierreMasivo 06Feb25,1,6,[ Hemos atendido tu aclaración y abonado el importe reclamado a tu cuenta. Valoramos tu elección como cliente en BanCoppel y esperamos seguir siendo tu elección para futuras compras. ¡Siempre estaremos aquí para ayudarte!,1
0502251367,CierreMasivo 06Feb25,1,6,[ Hemos atendido tu aclaración y abonado el importe reclamado a tu cuenta. Valoramos tu elección como cliente en BanCoppel y esperamos seguir siendo tu elección para futuras compras. ¡Siempre estaremos aquí para ayudarte!,1
0502251110,CierreMasivo 06Feb25,1,6,[ Hemos atendido tu aclaración y abonado el importe reclamado a tu cuenta. Valoramos tu elección como cliente en BanCoppel y esperamos seguir siendo tu elección para futuras compras. ¡Siempre estaremos aquí para ayudarte!,1
0502251153,CierreMasivo 06Feb25,1,6,[ Hemos atendido tu aclaración y abonado el importe reclamado a tu cuenta. Valoramos tu elección como cliente en BanCoppel y esperamos seguir siendo tu elección para futuras compras. ¡Siempre estaremos aquí para ayudarte!,1
0502251190,CierreMasivo 06Feb25,1,6,[ Hemos atendido tu aclaración y abonado el importe reclamado a tu cuenta. Valoramos tu elección como cliente en BanCoppel y esperamos seguir siendo tu elección para futuras compras. ¡Siempre estaremos aquí para ayudarte!,1
0502251230,CierreMasivo 06Feb25,1,6,[ Hemos atendido tu aclaración y abonado el importe reclamado a tu cuenta. Valoramos tu elección como cliente en BanCoppel y esperamos seguir siendo tu elección para futuras compras. ¡Siempre estaremos aquí para ayudarte!,1
0502251262,CierreMasivo 06Feb25,1,6,[ Hemos atendido tu aclaración y abonado el importe reclamado a tu cuenta. Valoramos tu elección como cliente en BanCoppel y esperamos seguir siendo tu elección para futuras compras. ¡Siempre estaremos aquí para ayudarte!,1
0502251285,CierreMasivo 06Feb25,1,6,[ Hemos atendido tu aclaración y abonado el importe reclamado a tu cuenta. Valoramos tu elección como cliente en BanCoppel y esperamos seguir siendo tu elección para futuras compras. ¡Siempre estaremos aquí para ayudarte!,1
0502251302,CierreMasivo 06Feb25,1,6,[ Hemos atendido tu aclaración y abonado el importe reclamado a tu cuenta. Valoramos tu elección como cliente en BanCoppel y esperamos seguir siendo tu elección para futuras compras. ¡Siempre estaremos aquí para ayudarte!,1
0502251325,CierreMasivo 06Feb25,1,6,[ Hemos atendido tu aclaración y abonado el importe reclamado a tu cuenta. Valoramos tu elección como cliente en BanCoppel y esperamos seguir siendo tu elección para futuras compras. ¡Siempre estaremos aquí para ayudarte!,1
0502251351,CierreMasivo 06Feb25,1,6,[ Hemos atendido tu aclaración y abonado el importe reclamado a tu cuenta. Valoramos tu elección como cliente en BanCoppel y esperamos seguir siendo tu elección para futuras compras. ¡Siempre estaremos aquí para ayudarte!,1
0502253518,CierreMasivo 06Feb25,1,6,[ Hemos atendido tu aclaración y abonado el importe reclamado a tu cuenta. Valoramos tu elección como cliente en BanCoppel y esperamos seguir siendo tu elección para futuras compras. ¡Siempre estaremos aquí para ayudarte!,1
0502250062,CierreMasivo 06Feb25,1,6,[ Hemos atendido tu aclaración y abonado el importe reclamado a tu cuenta. Valoramos tu elección como cliente en BanCoppel y esperamos seguir siendo tu elección para futuras compras. ¡Siempre estaremos aquí para ayudarte!,1
0502250059,CierreMasivo 06Feb25,1,6,[ Hemos atendido tu aclaración y abonado el importe reclamado a tu cuenta. Valoramos tu elección como cliente en BanCoppel y esperamos seguir siendo tu elección para futuras compras. ¡Siempre estaremos aquí para ayudarte!,1
0502250056,CierreMasivo 06Feb25,1,6,[ Hemos atendido tu aclaración y abonado el importe reclamado a tu cuenta. Valoramos tu elección como cliente en BanCoppel y esperamos seguir siendo tu elección para futuras compras. ¡Siempre estaremos aquí para ayudarte!,1
0502253360,CierreMasivo 06Feb25,1,6,[ Hemos atendido tu aclaración y abonado el importe reclamado a tu cuenta. Valoramos tu elección como cliente en BanCoppel y esperamos seguir siendo tu elección para futuras compras. ¡Siempre estaremos aquí para ayudarte!,1
0502253383,CierreMasivo 06Feb25,1,6,[ Hemos atendido tu aclaración y abonado el importe reclamado a tu cuenta. Valoramos tu elección como cliente en BanCoppel y esperamos seguir siendo tu elección para futuras compras. ¡Siempre estaremos aquí para ayudarte!,1
0502253404,CierreMasivo 06Feb25,1,6,[ Hemos atendido tu aclaración y abonado el importe reclamado a tu cuenta. Valoramos tu elección como cliente en BanCoppel y esperamos seguir siendo tu elección para futuras compras. ¡Siempre estaremos aquí para ayudarte!,1
0502252446,CierreMasivo 06Feb25,1,6,[ Hemos atendido tu aclaración y abonado el importe reclamado a tu cuenta. Valoramos tu elección como cliente en BanCoppel y esperamos seguir siendo tu elección para futuras compras. ¡Siempre estaremos aquí para ayudarte!,1
0502252463,CierreMasivo 06Feb25,1,6,[ Hemos atendido tu aclaración y abonado el importe reclamado a tu cuenta. Valoramos tu elección como cliente en BanCoppel y esperamos seguir siendo tu elección para futuras compras. ¡Siempre estaremos aquí para ayudarte!,1
0502251849,CierreMasivo 06Feb25,1,6,[ Hemos atendido tu aclaración y abonado el importe reclamado a tu cuenta. Valoramos tu elección como cliente en BanCoppel y esperamos seguir siendo tu elección para futuras compras. ¡Siempre estaremos aquí para ayudarte!,1
0502251799,CierreMasivo 06Feb25,1,6,[ Hemos atendido tu aclaración y abonado el importe reclamado a tu cuenta. Valoramos tu elección como cliente en BanCoppel y esperamos seguir siendo tu elección para futuras compras. ¡Siempre estaremos aquí para ayudarte!,1
0502251842,CierreMasivo 06Feb25,1,6,[ Hemos atendido tu aclaración y abonado el importe reclamado a tu cuenta. Valoramos tu elección como cliente en BanCoppel y esperamos seguir siendo tu elección para futuras compras. ¡Siempre estaremos aquí para ayudarte!,1
0502251830,CierreMasivo 06Feb25,1,6,[ Hemos atendido tu aclaración y abonado el importe reclamado a tu cuenta. Valoramos tu elección como cliente en BanCoppel y esperamos seguir siendo tu elección para futuras compras. ¡Siempre estaremos aquí para ayudarte!,1
0502251731,CierreMasivo 06Feb25,1,6,[ Hemos atendido tu aclaración y abonado el importe reclamado a tu cuenta. Valoramos tu elección como cliente en BanCoppel y esperamos seguir siendo tu elección para futuras compras. ¡Siempre estaremos aquí para ayudarte!,1
0502251794,CierreMasivo 06Feb25,1,6,[ Hemos atendido tu aclaración y abonado el importe reclamado a tu cuenta. Valoramos tu elección como cliente en BanCoppel y esperamos seguir siendo tu elección para futuras compras. ¡Siempre estaremos aquí para ayudarte!,1
0502251787,CierreMasivo 06Feb25,1,6,[ Hemos atendido tu aclaración y abonado el importe reclamado a tu cuenta. Valoramos tu elección como cliente en BanCoppel y esperamos seguir siendo tu elección para futuras compras. ¡Siempre estaremos aquí para ayudarte!,1
0502252396,CierreMasivo 06Feb25,1,6,[ Hemos atendido tu aclaración y abonado el importe reclamado a tu cuenta. Valoramos tu elección como cliente en BanCoppel y esperamos seguir siendo tu elección para futuras compras. ¡Siempre estaremos aquí para ayudarte!,1
0502253448,CierreMasivo 06Feb25,1,6,[ Hemos atendido tu aclaración y abonado el importe reclamado a tu cuenta. Valoramos tu elección como cliente en BanCoppel y esperamos seguir siendo tu elección para futuras compras. ¡Siempre estaremos aquí para ayudarte!,1
0502253460,CierreMasivo 06Feb25,1,6,[ Hemos atendido tu aclaración y abonado el importe reclamado a tu cuenta. Valoramos tu elección como cliente en BanCoppel y esperamos seguir siendo tu elección para futuras compras. ¡Siempre estaremos aquí para ayudarte!,1
0502253423,CierreMasivo 06Feb25,1,6,[ Hemos atendido tu aclaración y abonado el importe reclamado a tu cuenta. Valoramos tu elección como cliente en BanCoppel y esperamos seguir siendo tu elección para futuras compras. ¡Siempre estaremos aquí para ayudarte!,1
0502253427,CierreMasivo 06Feb25,1,6,[ Hemos atendido tu aclaración y abonado el importe reclamado a tu cuenta. Valoramos tu elección como cliente en BanCoppel y esperamos seguir siendo tu elección para futuras compras. ¡Siempre estaremos aquí para ayudarte!,1
0502251950,CierreMasivo 06Feb25,1,6,[ Hemos atendido tu aclaración y abonado el importe reclamado a tu cuenta. Valoramos tu elección como cliente en BanCoppel y esperamos seguir siendo tu elección para futuras compras. ¡Siempre estaremos aquí para ayudarte!,1
0502253170,CierreMasivo 06Feb25,1,6,[ Hemos atendido tu aclaración y abonado el importe reclamado a tu cuenta. Valoramos tu elección como cliente en BanCoppel y esperamos seguir siendo tu elección para futuras compras. ¡Siempre estaremos aquí para ayudarte!,1
0502253151,CierreMasivo 06Feb25,1,6,[ Hemos atendido tu aclaración y abonado el importe reclamado a tu cuenta. Valoramos tu elección como cliente en BanCoppel y esperamos seguir siendo tu elección para futuras compras. ¡Siempre estaremos aquí para ayudarte!,1
0502253133,CierreMasivo 06Feb25,1,6,[ Hemos atendido tu aclaración y abonado el importe reclamado a tu cuenta. Valoramos tu elección como cliente en BanCoppel y esperamos seguir siendo tu elección para futuras compras. ¡Siempre estaremos aquí para ayudarte!,1
0502250873,CierreMasivo 06Feb25,1,6,[ Hemos atendido tu aclaración y abonado el importe reclamado a tu cuenta. Valoramos tu elección como cliente en BanCoppel y esperamos seguir siendo tu elección para futuras compras. ¡Siempre estaremos aquí para ayudarte!,1
0502250859,CierreMasivo 06Feb25,1,6,[ Hemos atendido tu aclaración y abonado el importe reclamado a tu cuenta. Valoramos tu elección como cliente en BanCoppel y esperamos seguir siendo tu elección para futuras compras. ¡Siempre estaremos aquí para ayudarte!,1
0502250064,CierreMasivo 06Feb25,1,6,[ Hemos atendido tu aclaración y abonado el importe reclamado a tu cuenta. Valoramos tu elección como cliente en BanCoppel y esperamos seguir siendo tu elección para futuras compras. ¡Siempre estaremos aquí para ayudarte!,1
0502250784,CierreMasivo 06Feb25,1,6,[ Hemos atendido tu aclaración y abonado el importe reclamado a tu cuenta. Valoramos tu elección como cliente en BanCoppel y esperamos seguir siendo tu elección para futuras compras. ¡Siempre estaremos aquí para ayudarte!,1
0502250913,CierreMasivo 06Feb25,1,6,[ Hemos atendido tu aclaración y abonado el importe reclamado a tu cuenta. Valoramos tu elección como cliente en BanCoppel y esperamos seguir siendo tu elección para futuras compras. ¡Siempre estaremos aquí para ayudarte!,1
0502250590,CierreMasivo 06Feb25,1,6,[ Hemos atendido tu aclaración y abonado el importe reclamado a tu cuenta. Valoramos tu elección como cliente en BanCoppel y esperamos seguir siendo tu elección para futuras compras. ¡Siempre estaremos aquí para ayudarte!,1
0502250557,CierreMasivo 06Feb25,1,6,[ Hemos atendido tu aclaración y abonado el importe reclamado a tu cuenta. Valoramos tu elección como cliente en BanCoppel y esperamos seguir siendo tu elección para futuras compras. ¡Siempre estaremos aquí para ayudarte!,1
0502250535,CierreMasivo 06Feb25,1,6,[ Hemos atendido tu aclaración y abonado el importe reclamado a tu cuenta. Valoramos tu elección como cliente en BanCoppel y esperamos seguir siendo tu elección para futuras compras. ¡Siempre estaremos aquí para ayudarte!,1
0502252111,CierreMasivo 06Feb25,1,6,[ Hemos atendido tu aclaración y abonado el importe reclamado a tu cuenta. Valoramos tu elección como cliente en BanCoppel y esperamos seguir siendo tu elección para futuras compras. ¡Siempre estaremos aquí para ayudarte!,1
0502253474,CierreMasivo 06Feb25,1,6,[ Hemos atendido tu aclaración y abonado el importe reclamado a tu cuenta. Valoramos tu elección como cliente en BanCoppel y esperamos seguir siendo tu elección para futuras compras. ¡Siempre estaremos aquí para ayudarte!,1
0502252978,CierreMasivo 06Feb25,1,6,[ Hemos atendido tu aclaración y abonado el importe reclamado a tu cuenta. Valoramos tu elección como cliente en BanCoppel y esperamos seguir siendo tu elección para futuras compras. ¡Siempre estaremos aquí para ayudarte!,1
0502250155,CierreMasivo 06Feb25,1,6,[ Hemos atendido tu aclaración y abonado el importe reclamado a tu cuenta. Valoramos tu elección como cliente en BanCoppel y esperamos seguir siendo tu elección para futuras compras. ¡Siempre estaremos aquí para ayudarte!,1
0502251923,CierreMasivo 06Feb25,1,6,[ Hemos atendido tu aclaración y abonado el importe reclamado a tu cuenta. Valoramos tu elección como cliente en BanCoppel y esperamos seguir siendo tu elección para futuras compras. ¡Siempre estaremos aquí para ayudarte!,1
0502253579,CierreMasivo 06Feb25,1,6,[ Hemos atendido tu aclaración y abonado el importe reclamado a tu cuenta. Valoramos tu elección como cliente en BanCoppel y esperamos seguir siendo tu elección para futuras compras. ¡Siempre estaremos aquí para ayudarte!,1
0502252754,CierreMasivo 06Feb25,1,6,[ Hemos atendido tu aclaración y abonado el importe reclamado a tu cuenta. Valoramos tu elección como cliente en BanCoppel y esperamos seguir siendo tu elección para futuras compras. ¡Siempre estaremos aquí para ayudarte!,1
0502252923,CierreMasivo 06Feb25,1,6,[ Hemos atendido tu aclaración y abonado el importe reclamado a tu cuenta. Valoramos tu elección como cliente en BanCoppel y esperamos seguir siendo tu elección para futuras compras. ¡Siempre estaremos aquí para ayudarte!,1
0502252887,CierreMasivo 06Feb25,1,6,[ Hemos atendido tu aclaración y abonado el importe reclamado a tu cuenta. Valoramos tu elección como cliente en BanCoppel y esperamos seguir siendo tu elección para futuras compras. ¡Siempre estaremos aquí para ayudarte!,1
0502252896,CierreMasivo 06Feb25,1,6,[ Hemos atendido tu aclaración y abonado el importe reclamado a tu cuenta. Valoramos tu elección como cliente en BanCoppel y esperamos seguir siendo tu elección para futuras compras. ¡Siempre estaremos aquí para ayudarte!,1
0502250938,CierreMasivo 06Feb25,1,6,[ Hemos atendido tu aclaración y abonado el importe reclamado a tu cuenta. Valoramos tu elección como cliente en BanCoppel y esperamos seguir siendo tu elección para futuras compras. ¡Siempre estaremos aquí para ayudarte!,1
0502250763,CierreMasivo 06Feb25,1,6,[ Hemos atendido tu aclaración y abonado el importe reclamado a tu cuenta. Valoramos tu elección como cliente en BanCoppel y esperamos seguir siendo tu elección para futuras compras. ¡Siempre estaremos aquí para ayudarte!,1
0502250744,CierreMasivo 06Feb25,1,6,[ Hemos atendido tu aclaración y abonado el importe reclamado a tu cuenta. Valoramos tu elección como cliente en BanCoppel y esperamos seguir siendo tu elección para futuras compras. ¡Siempre estaremos aquí para ayudarte!,1
0502250933,CierreMasivo 06Feb25,1,6,[ Hemos atendido tu aclaración y abonado el importe reclamado a tu cuenta. Valoramos tu elección como cliente en BanCoppel y esperamos seguir siendo tu elección para futuras compras. ¡Siempre estaremos aquí para ayudarte!,1
0502250034,CierreMasivo 06Feb25,1,6,[ Hemos atendido tu aclaración y abonado el importe reclamado a tu cuenta. Valoramos tu elección como cliente en BanCoppel y esperamos seguir siendo tu elección para futuras compras. ¡Siempre estaremos aquí para ayudarte!,1
0502253145,CierreMasivo 06Feb25,1,6,[ Hemos atendido tu aclaración y abonado el importe reclamado a tu cuenta. Valoramos tu elección como cliente en BanCoppel y esperamos seguir siendo tu elección para futuras compras. ¡Siempre estaremos aquí para ayudarte!,1
0502253124,CierreMasivo 06Feb25,1,6,[ Hemos atendido tu aclaración y abonado el importe reclamado a tu cuenta. Valoramos tu elección como cliente en BanCoppel y esperamos seguir siendo tu elección para futuras compras. ¡Siempre estaremos aquí para ayudarte!,1
0502253129,CierreMasivo 06Feb25,1,6,[ Hemos atendido tu aclaración y abonado el importe reclamado a tu cuenta. Valoramos tu elección como cliente en BanCoppel y esperamos seguir siendo tu elección para futuras compras. ¡Siempre estaremos aquí para ayudarte!,1
0502252900,CierreMasivo 06Feb25,1,6,[ Hemos atendido tu aclaración y abonado el importe reclamado a tu cuenta. Valoramos tu elección como cliente en BanCoppel y esperamos seguir siendo tu elección para futuras compras. ¡Siempre estaremos aquí para ayudarte!,1
0502252927,CierreMasivo 06Feb25,1,6,[ Hemos atendido tu aclaración y abonado el importe reclamado a tu cuenta. Valoramos tu elección como cliente en BanCoppel y esperamos seguir siendo tu elección para futuras compras. ¡Siempre estaremos aquí para ayudarte!,1
0502251670,CierreMasivo 06Feb25,1,6,[ Hemos atendido tu aclaración y abonado el importe reclamado a tu cuenta. Valoramos tu elección como cliente en BanCoppel y esperamos seguir siendo tu elección para futuras compras. ¡Siempre estaremos aquí para ayudarte!,1
0502252040,CierreMasivo 06Feb25,1,6,[ Hemos atendido tu aclaración y abonado el importe reclamado a tu cuenta. Valoramos tu elección como cliente en BanCoppel y esperamos seguir siendo tu elección para futuras compras. ¡Siempre estaremos aquí para ayudarte!,1
0502250131,CierreMasivo 06Feb25,1,6,[ Hemos atendido tu aclaración y abonado el importe reclamado a tu cuenta. Valoramos tu elección como cliente en BanCoppel y esperamos seguir siendo tu elección para futuras compras. ¡Siempre estaremos aquí para ayudarte!,1
0502253007,CierreMasivo 06Feb25,1,6,[ Hemos atendido tu aclaración y abonado el importe reclamado a tu cuenta. Valoramos tu elección como cliente en BanCoppel y esperamos seguir siendo tu elección para futuras compras. ¡Siempre estaremos aquí para ayudarte!,1
0502252763,CierreMasivo 06Feb25,1,6,[ Hemos atendido tu aclaración y abonado el importe reclamado a tu cuenta. Valoramos tu elección como cliente en BanCoppel y esperamos seguir siendo tu elección para futuras compras. ¡Siempre estaremos aquí para ayudarte!,1
0502252778,CierreMasivo 06Feb25,1,6,[ Hemos atendido tu aclaración y abonado el importe reclamado a tu cuenta. Valoramos tu elección como cliente en BanCoppel y esperamos seguir siendo tu elección para futuras compras. ¡Siempre estaremos aquí para ayudarte!,1
0502252786,CierreMasivo 06Feb25,1,6,[ Hemos atendido tu aclaración y abonado el importe reclamado a tu cuenta. Valoramos tu elección como cliente en BanCoppel y esperamos seguir siendo tu elección para futuras compras. ¡Siempre estaremos aquí para ayudarte!,1
0502251895,CierreMasivo 06Feb25,1,6,[ Hemos atendido tu aclaración y abonado el importe reclamado a tu cuenta. Valoramos tu elección como cliente en BanCoppel y esperamos seguir siendo tu elección para futuras compras. ¡Siempre estaremos aquí para ayudarte!,1
0502252816,CierreMasivo 06Feb25,1,6,[ Hemos atendido tu aclaración y abonado el importe reclamado a tu cuenta. Valoramos tu elección como cliente en BanCoppel y esperamos seguir siendo tu elección para futuras compras. ¡Siempre estaremos aquí para ayudarte!,1
0502252827,CierreMasivo 06Feb25,1,6,[ Hemos atendido tu aclaración y abonado el importe reclamado a tu cuenta. Valoramos tu elección como cliente en BanCoppel y esperamos seguir siendo tu elección para futuras compras. ¡Siempre estaremos aquí para ayudarte!,1
0502250181,CierreMasivo 06Feb25,1,6,[ Hemos atendido tu aclaración y abonado el importe reclamado a tu cuenta. Valoramos tu elección como cliente en BanCoppel y esperamos seguir siendo tu elección para futuras compras. ¡Siempre estaremos aquí para ayudarte!,1
0502250185,CierreMasivo 06Feb25,1,6,[ Hemos atendido tu aclaración y abonado el importe reclamado a tu cuenta. Valoramos tu elección como cliente en BanCoppel y esperamos seguir siendo tu elección para futuras compras. ¡Siempre estaremos aquí para ayudarte!,1
0502250166,CierreMasivo 06Feb25,1,6,[ Hemos atendido tu aclaración y abonado el importe reclamado a tu cuenta. Valoramos tu elección como cliente en BanCoppel y esperamos seguir siendo tu elección para futuras compras. ¡Siempre estaremos aquí para ayudarte!,1
0502250173,CierreMasivo 06Feb25,1,6,[ Hemos atendido tu aclaración y abonado el importe reclamado a tu cuenta. Valoramos tu elección como cliente en BanCoppel y esperamos seguir siendo tu elección para futuras compras. ¡Siempre estaremos aquí para ayudarte!,1
0502250401,CierreMasivo 06Feb25,1,6,[ Hemos atendido tu aclaración y abonado el importe reclamado a tu cuenta. Valoramos tu elección como cliente en BanCoppel y esperamos seguir siendo tu elección para futuras compras. ¡Siempre estaremos aquí para ayudarte!,1
0502250407,CierreMasivo 06Feb25,1,6,[ Hemos atendido tu aclaración y abonado el importe reclamado a tu cuenta. Valoramos tu elección como cliente en BanCoppel y esperamos seguir siendo tu elección para futuras compras. ¡Siempre estaremos aquí para ayudarte!,1
0502251531,CierreMasivo 06Feb25,1,6,[ Hemos atendido tu aclaración y abonado el importe reclamado a tu cuenta. Valoramos tu elección como cliente en BanCoppel y esperamos seguir siendo tu elección para futuras compras. ¡Siempre estaremos aquí para ayudarte!,1
0502253468,CierreMasivo 06Feb25,1,6,[ Hemos atendido tu aclaración y abonado el importe reclamado a tu cuenta. Valoramos tu elección como cliente en BanCoppel y esperamos seguir siendo tu elección para futuras compras. ¡Siempre estaremos aquí para ayudarte!,1
0502253465,CierreMasivo 06Feb25,1,6,[ Hemos atendido tu aclaración y abonado el importe reclamado a tu cuenta. Valoramos tu elección como cliente en BanCoppel y esperamos seguir siendo tu elección para futuras compras. ¡Siempre estaremos aquí para ayudarte!,1
0502253564,CierreMasivo 06Feb25,1,6,[ Hemos atendido tu aclaración y abonado el importe reclamado a tu cuenta. Valoramos tu elección como cliente en BanCoppel y esperamos seguir siendo tu elección para futuras compras. ¡Siempre estaremos aquí para ayudarte!,1
0502251677,CierreMasivo 06Feb25,1,6,[ Hemos atendido tu aclaración y abonado el importe reclamado a tu cuenta. Valoramos tu elección como cliente en BanCoppel y esperamos seguir siendo tu elección para futuras compras. ¡Siempre estaremos aquí para ayudarte!,1
0502251686,CierreMasivo 06Feb25,1,6,[ Hemos atendido tu aclaración y abonado el importe reclamado a tu cuenta. Valoramos tu elección como cliente en BanCoppel y esperamos seguir siendo tu elección para futuras compras. ¡Siempre estaremos aquí para ayudarte!,1
0502251651,CierreMasivo 06Feb25,1,6,[ Hemos atendido tu aclaración y abonado el importe reclamado a tu cuenta. Valoramos tu elección como cliente en BanCoppel y esperamos seguir siendo tu elección para futuras compras. ¡Siempre estaremos aquí para ayudarte!,1
0502251694,CierreMasivo 06Feb25,1,6,[ Hemos atendido tu aclaración y abonado el importe reclamado a tu cuenta. Valoramos tu elección como cliente en BanCoppel y esperamos seguir siendo tu elección para futuras compras. ¡Siempre estaremos aquí para ayudarte!,1
0502251705,CierreMasivo 06Feb25,1,6,[ Hemos atendido tu aclaración y abonado el importe reclamado a tu cuenta. Valoramos tu elección como cliente en BanCoppel y esperamos seguir siendo tu elección para futuras compras. ¡Siempre estaremos aquí para ayudarte!,1
0502251713,CierreMasivo 06Feb25,1,6,[ Hemos atendido tu aclaración y abonado el importe reclamado a tu cuenta. Valoramos tu elección como cliente en BanCoppel y esperamos seguir siendo tu elección para futuras compras. ¡Siempre estaremos aquí para ayudarte!,1
0502251724,CierreMasivo 06Feb25,1,6,[ Hemos atendido tu aclaración y abonado el importe reclamado a tu cuenta. Valoramos tu elección como cliente en BanCoppel y esperamos seguir siendo tu elección para futuras compras. ¡Siempre estaremos aquí para ayudarte!,1
0502251653,CierreMasivo 06Feb25,1,6,[ Hemos atendido tu aclaración y abonado el importe reclamado a tu cuenta. Valoramos tu elección como cliente en BanCoppel y esperamos seguir siendo tu elección para futuras compras. ¡Siempre estaremos aquí para ayudarte!,1
0502251574,CierreMasivo 06Feb25,1,6,[ Hemos atendido tu aclaración y abonado el importe reclamado a tu cuenta. Valoramos tu elección como cliente en BanCoppel y esperamos seguir siendo tu elección para futuras compras. ¡Siempre estaremos aquí para ayudarte!,1
0502251609,CierreMasivo 06Feb25,1,6,[ Hemos atendido tu aclaración y abonado el importe reclamado a tu cuenta. Valoramos tu elección como cliente en BanCoppel y esperamos seguir siendo tu elección para futuras compras. ¡Siempre estaremos aquí para ayudarte!,1
0502251620,CierreMasivo 06Feb25,1,6,[ Hemos atendido tu aclaración y abonado el importe reclamado a tu cuenta. Valoramos tu elección como cliente en BanCoppel y esperamos seguir siendo tu elección para futuras compras. ¡Siempre estaremos aquí para ayudarte!,1
0502251630,CierreMasivo 06Feb25,1,6,[ Hemos atendido tu aclaración y abonado el importe reclamado a tu cuenta. Valoramos tu elección como cliente en BanCoppel y esperamos seguir siendo tu elección para futuras compras. ¡Siempre estaremos aquí para ayudarte!,1
0502251479,CierreMasivo 06Feb25,1,6,[ Hemos atendido tu aclaración y abonado el importe reclamado a tu cuenta. Valoramos tu elección como cliente en BanCoppel y esperamos seguir siendo tu elección para futuras compras. ¡Siempre estaremos aquí para ayudarte!,1
0502251295,CierreMasivo 06Feb25,1,6,[ Hemos atendido tu aclaración y abonado el importe reclamado a tu cuenta. Valoramos tu elección como cliente en BanCoppel y esperamos seguir siendo tu elección para futuras compras. ¡Siempre estaremos aquí para ayudarte!,1
0502251666,CierreMasivo 06Feb25,1,6,[ Hemos atendido tu aclaración y abonado el importe reclamado a tu cuenta. Valoramos tu elección como cliente en BanCoppel y esperamos seguir siendo tu elección para futuras compras. ¡Siempre estaremos aquí para ayudarte!,1
0502251748,CierreMasivo 06Feb25,1,6,[ Hemos atendido tu aclaración y abonado el importe reclamado a tu cuenta. Valoramos tu elección como cliente en BanCoppel y esperamos seguir siendo tu elección para futuras compras. ¡Siempre estaremos aquí para ayudarte!,1
0502251306,CierreMasivo 06Feb25,1,6,[ Hemos atendido tu aclaración y abonado el importe reclamado a tu cuenta. Valoramos tu elección como cliente en BanCoppel y esperamos seguir siendo tu elección para futuras compras. ¡Siempre estaremos aquí para ayudarte!,1
0502251201,CierreMasivo 06Feb25,1,6,[ Hemos atendido tu aclaración y abonado el importe reclamado a tu cuenta. Valoramos tu elección como cliente en BanCoppel y esperamos seguir siendo tu elección para futuras compras. ¡Siempre estaremos aquí para ayudarte!,1
0502251233,CierreMasivo 06Feb25,1,6,[ Hemos atendido tu aclaración y abonado el importe reclamado a tu cuenta. Valoramos tu elección como cliente en BanCoppel y esperamos seguir siendo tu elección para futuras compras. ¡Siempre estaremos aquí para ayudarte!,1
0502251249,CierreMasivo 06Feb25,1,6,[ Hemos atendido tu aclaración y abonado el importe reclamado a tu cuenta. Valoramos tu elección como cliente en BanCoppel y esperamos seguir siendo tu elección para futuras compras. ¡Siempre estaremos aquí para ayudarte!,1
0502251737,CierreMasivo 06Feb25,1,6,[ Hemos atendido tu aclaración y abonado el importe reclamado a tu cuenta. Valoramos tu elección como cliente en BanCoppel y esperamos seguir siendo tu elección para futuras compras. ¡Siempre estaremos aquí para ayudarte!,1
0502251642,CierreMasivo 06Feb25,1,6,[ Hemos atendido tu aclaración y abonado el importe reclamado a tu cuenta. Valoramos tu elección como cliente en BanCoppel y esperamos seguir siendo tu elección para futuras compras. ¡Siempre estaremos aquí para ayudarte!,1
0502251317,CierreMasivo 06Feb25,1,6,[ Hemos atendido tu aclaración y abonado el importe reclamado a tu cuenta. Valoramos tu elección como cliente en BanCoppel y esperamos seguir siendo tu elección para futuras compras. ¡Siempre estaremos aquí para ayudarte!,1
0502251542,CierreMasivo 06Feb25,1,6,[ Hemos atendido tu aclaración y abonado el importe reclamado a tu cuenta. Valoramos tu elección como cliente en BanCoppel y esperamos seguir siendo tu elección para futuras compras. ¡Siempre estaremos aquí para ayudarte!,1
0502251554,CierreMasivo 06Feb25,1,6,[ Hemos atendido tu aclaración y abonado el importe reclamado a tu cuenta. Valoramos tu elección como cliente en BanCoppel y esperamos seguir siendo tu elección para futuras compras. ¡Siempre estaremos aquí para ayudarte!,1
0502251570,CierreMasivo 06Feb25,1,6,[ Hemos atendido tu aclaración y abonado el importe reclamado a tu cuenta. Valoramos tu elección como cliente en BanCoppel y esperamos seguir siendo tu elección para futuras compras. ¡Siempre estaremos aquí para ayudarte!,1
0502251381,CierreMasivo 06Feb25,1,6,[ Hemos atendido tu aclaración y abonado el importe reclamado a tu cuenta. Valoramos tu elección como cliente en BanCoppel y esperamos seguir siendo tu elección para futuras compras. ¡Siempre estaremos aquí para ayudarte!,1
0502251463,CierreMasivo 06Feb25,1,6,[ Hemos atendido tu aclaración y abonado el importe reclamado a tu cuenta. Valoramos tu elección como cliente en BanCoppel y esperamos seguir siendo tu elección para futuras compras. ¡Siempre estaremos aquí para ayudarte!,1
0502251363,CierreMasivo 06Feb25,1,6,[ Hemos atendido tu aclaración y abonado el importe reclamado a tu cuenta. Valoramos tu elección como cliente en BanCoppel y esperamos seguir siendo tu elección para futuras compras. ¡Siempre estaremos aquí para ayudarte!,1
0502251337,CierreMasivo 06Feb25,1,6,[ Hemos atendido tu aclaración y abonado el importe reclamado a tu cuenta. Valoramos tu elección como cliente en BanCoppel y esperamos seguir siendo tu elección para futuras compras. ¡Siempre estaremos aquí para ayudarte!,1
0502251350,CierreMasivo 06Feb25,1,6,[ Hemos atendido tu aclaración y abonado el importe reclamado a tu cuenta. Valoramos tu elección como cliente en BanCoppel y esperamos seguir siendo tu elección para futuras compras. ¡Siempre estaremos aquí para ayudarte!,1
0502251326,CierreMasivo 06Feb25,1,6,[ Hemos atendido tu aclaración y abonado el importe reclamado a tu cuenta. Valoramos tu elección como cliente en BanCoppel y esperamos seguir siendo tu elección para futuras compras. ¡Siempre estaremos aquí para ayudarte!,1
0502251514,CierreMasivo 06Feb25,1,6,[ Hemos atendido tu aclaración y abonado el importe reclamado a tu cuenta. Valoramos tu elección como cliente en BanCoppel y esperamos seguir siendo tu elección para futuras compras. ¡Siempre estaremos aquí para ayudarte!,1
0502251537,CierreMasivo 06Feb25,1,6,[ Hemos atendido tu aclaración y abonado el importe reclamado a tu cuenta. Valoramos tu elección como cliente en BanCoppel y esperamos seguir siendo tu elección para futuras compras. ¡Siempre estaremos aquí para ayudarte!,1
0502251409,CierreMasivo 06Feb25,1,6,[ Hemos atendido tu aclaración y abonado el importe reclamado a tu cuenta. Valoramos tu elección como cliente en BanCoppel y esperamos seguir siendo tu elección para futuras compras. ¡Siempre estaremos aquí para ayudarte!,1
0502250272,CierreMasivo 06Feb25,1,6,[ Hemos atendido tu aclaración y abonado el importe reclamado a tu cuenta. Valoramos tu elección como cliente en BanCoppel y esperamos seguir siendo tu elección para futuras compras. ¡Siempre estaremos aquí para ayudarte!,1
0502250260,CierreMasivo 06Feb25,1,6,[ Hemos atendido tu aclaración y abonado el importe reclamado a tu cuenta. Valoramos tu elección como cliente en BanCoppel y esperamos seguir siendo tu elección para futuras compras. ¡Siempre estaremos aquí para ayudarte!,1
0502253229,CierreMasivo 06Feb25,1,6,[ Hemos atendido tu aclaración y abonado el importe reclamado a tu cuenta. Valoramos tu elección como cliente en BanCoppel y esperamos seguir siendo tu elección para futuras compras. ¡Siempre estaremos aquí para ayudarte!,1
0502253356,CierreMasivo 06Feb25,1,6,[ Hemos atendido tu aclaración y abonado el importe reclamado a tu cuenta. Valoramos tu elección como cliente en BanCoppel y esperamos seguir siendo tu elección para futuras compras. ¡Siempre estaremos aquí para ayudarte!,1
0502253309,CierreMasivo 06Feb25,1,6,[ Hemos atendido tu aclaración y abonado el importe reclamado a tu cuenta. Valoramos tu elección como cliente en BanCoppel y esperamos seguir siendo tu elección para futuras compras. ¡Siempre estaremos aquí para ayudarte!,1
0502253377,CierreMasivo 06Feb25,1,6,[ Hemos atendido tu aclaración y abonado el importe reclamado a tu cuenta. Valoramos tu elección como cliente en BanCoppel y esperamos seguir siendo tu elección para futuras compras. ¡Siempre estaremos aquí para ayudarte!,1
0502253546,CierreMasivo 06Feb25,1,6,[ Hemos atendido tu aclaración y abonado el importe reclamado a tu cuenta. Valoramos tu elección como cliente en BanCoppel y esperamos seguir siendo tu elección para futuras compras. ¡Siempre estaremos aquí para ayudarte!,1
0502253530,CierreMasivo 06Feb25,1,6,[ Hemos atendido tu aclaración y abonado el importe reclamado a tu cuenta. Valoramos tu elección como cliente en BanCoppel y esperamos seguir siendo tu elección para futuras compras. ¡Siempre estaremos aquí para ayudarte!,1
0502251182,CierreMasivo 06Feb25,1,6,[ Hemos atendido tu aclaración y abonado el importe reclamado a tu cuenta. Valoramos tu elección como cliente en BanCoppel y esperamos seguir siendo tu elección para futuras compras. ¡Siempre estaremos aquí para ayudarte!,1
0502252346,CierreMasivo 06Feb25,1,6,[ Hemos atendido tu aclaración y abonado el importe reclamado a tu cuenta. Valoramos tu elección como cliente en BanCoppel y esperamos seguir siendo tu elección para futuras compras. ¡Siempre estaremos aquí para ayudarte!,1
0502253529,CierreMasivo 06Feb25,1,6,[ Hemos atendido tu aclaración y abonado el importe reclamado a tu cuenta. Valoramos tu elección como cliente en BanCoppel y esperamos seguir siendo tu elección para futuras compras. ¡Siempre estaremos aquí para ayudarte!,1
0502252835,CierreMasivo 06Feb25,1,6,[ Hemos atendido tu aclaración y abonado el importe reclamado a tu cuenta. Valoramos tu elección como cliente en BanCoppel y esperamos seguir siendo tu elección para futuras compras. ¡Siempre estaremos aquí para ayudarte!,1
0502253430,CierreMasivo 06Feb25,1,6,[ Hemos atendido tu aclaración y abonado el importe reclamado a tu cuenta. Valoramos tu elección como cliente en BanCoppel y esperamos seguir siendo tu elección para futuras compras. ¡Siempre estaremos aquí para ayudarte!,1
0502253438,CierreMasivo 06Feb25,1,6,[ Hemos atendido tu aclaración y abonado el importe reclamado a tu cuenta. Valoramos tu elección como cliente en BanCoppel y esperamos seguir siendo tu elección para futuras compras. ¡Siempre estaremos aquí para ayudarte!,1
0502250429,CierreMasivo 06Feb25,1,6,[ Hemos atendido tu aclaración y abonado el importe reclamado a tu cuenta. Valoramos tu elección como cliente en BanCoppel y esperamos seguir siendo tu elección para futuras compras. ¡Siempre estaremos aquí para ayudarte!,1
0502250558,CierreMasivo 06Feb25,1,6,[ Hemos atendido tu aclaración y abonado el importe reclamado a tu cuenta. Valoramos tu elección como cliente en BanCoppel y esperamos seguir siendo tu elección para futuras compras. ¡Siempre estaremos aquí para ayudarte!,1
0502251562,CierreMasivo 06Feb25,1,6,[ Hemos atendido tu aclaración y abonado el importe reclamado a tu cuenta. Valoramos tu elección como cliente en BanCoppel y esperamos seguir siendo tu elección para futuras compras. ¡Siempre estaremos aquí para ayudarte!,1
0502252564,CierreMasivo 06Feb25,1,6,[ Hemos atendido tu aclaración y abonado el importe reclamado a tu cuenta. Valoramos tu elección como cliente en BanCoppel y esperamos seguir siendo tu elección para futuras compras. ¡Siempre estaremos aquí para ayudarte!,1
0502250602,CierreMasivo 06Feb25,1,6,[ Hemos atendido tu aclaración y abonado el importe reclamado a tu cuenta. Valoramos tu elección como cliente en BanCoppel y esperamos seguir siendo tu elección para futuras compras. ¡Siempre estaremos aquí para ayudarte!,1
0502250600,CierreMasivo 06Feb25,1,6,[ Hemos atendido tu aclaración y abonado el importe reclamado a tu cuenta. Valoramos tu elección como cliente en BanCoppel y esperamos seguir siendo tu elección para futuras compras. ¡Siempre estaremos aquí para ayudarte!,1
0502250584,CierreMasivo 06Feb25,1,6,[ Hemos atendido tu aclaración y abonado el importe reclamado a tu cuenta. Valoramos tu elección como cliente en BanCoppel y esperamos seguir siendo tu elección para futuras compras. ¡Siempre estaremos aquí para ayudarte!,1
0502250628,CierreMasivo 06Feb25,1,6,[ Hemos atendido tu aclaración y abonado el importe reclamado a tu cuenta. Valoramos tu elección como cliente en BanCoppel y esperamos seguir siendo tu elección para futuras compras. ¡Siempre estaremos aquí para ayudarte!,1
0502250615,CierreMasivo 06Feb25,1,6,[ Hemos atendido tu aclaración y abonado el importe reclamado a tu cuenta. Valoramos tu elección como cliente en BanCoppel y esperamos seguir siendo tu elección para futuras compras. ¡Siempre estaremos aquí para ayudarte!,1
0502251885,CierreMasivo 06Feb25,1,6,[ Hemos atendido tu aclaración y abonado el importe reclamado a tu cuenta. Valoramos tu elección como cliente en BanCoppel y esperamos seguir siendo tu elección para futuras compras. ¡Siempre estaremos aquí para ayudarte!,1
0502250826,CierreMasivo 06Feb25,1,6,[ Hemos atendido tu aclaración y abonado el importe reclamado a tu cuenta. Valoramos tu elección como cliente en BanCoppel y esperamos seguir siendo tu elección para futuras compras. ¡Siempre estaremos aquí para ayudarte!,1
0502253270,CierreMasivo 06Feb25,1,6,[ Hemos atendido tu aclaración y abonado el importe reclamado a tu cuenta. Valoramos tu elección como cliente en BanCoppel y esperamos seguir siendo tu elección para futuras compras. ¡Siempre estaremos aquí para ayudarte!,1
0502251823,CierreMasivo 06Feb25,1,6,[ Hemos atendido tu aclaración y abonado el importe reclamado a tu cuenta. Valoramos tu elección como cliente en BanCoppel y esperamos seguir siendo tu elección para futuras compras. ¡Siempre estaremos aquí para ayudarte!,1
0502252671,CierreMasivo 06Feb25,1,6,[ Hemos atendido tu aclaración y abonado el importe reclamado a tu cuenta. Valoramos tu elección como cliente en BanCoppel y esperamos seguir siendo tu elección para futuras compras. ¡Siempre estaremos aquí para ayudarte!,1
0502252744,CierreMasivo 06Feb25,1,6,[ Hemos atendido tu aclaración y abonado el importe reclamado a tu cuenta. Valoramos tu elección como cliente en BanCoppel y esperamos seguir siendo tu elección para futuras compras. ¡Siempre estaremos aquí para ayudarte!,1
0502252636,CierreMasivo 06Feb25,1,6,[ Hemos atendido tu aclaración y abonado el importe reclamado a tu cuenta. Valoramos tu elección como cliente en BanCoppel y esperamos seguir siendo tu elección para futuras compras. ¡Siempre estaremos aquí para ayudarte!,1
0502252696,CierreMasivo 06Feb25,1,6,[ Hemos atendido tu aclaración y abonado el importe reclamado a tu cuenta. Valoramos tu elección como cliente en BanCoppel y esperamos seguir siendo tu elección para futuras compras. ¡Siempre estaremos aquí para ayudarte!,1
0502252707,CierreMasivo 06Feb25,1,6,[ Hemos atendido tu aclaración y abonado el importe reclamado a tu cuenta. Valoramos tu elección como cliente en BanCoppel y esperamos seguir siendo tu elección para futuras compras. ¡Siempre estaremos aquí para ayudarte!,1
0502252378,CierreMasivo 06Feb25,1,6,[ Hemos atendido tu aclaración y abonado el importe reclamado a tu cuenta. Valoramos tu elección como cliente en BanCoppel y esperamos seguir siendo tu elección para futuras compras. ¡Siempre estaremos aquí para ayudarte!,1
0502250494,CierreMasivo 06Feb25,1,6,[ Hemos atendido tu aclaración y abonado el importe reclamado a tu cuenta. Valoramos tu elección como cliente en BanCoppel y esperamos seguir siendo tu elección para futuras compras. ¡Siempre estaremos aquí para ayudarte!,1
0502250506,CierreMasivo 06Feb25,1,6,[ Hemos atendido tu aclaración y abonado el importe reclamado a tu cuenta. Valoramos tu elección como cliente en BanCoppel y esperamos seguir siendo tu elección para futuras compras. ¡Siempre estaremos aquí para ayudarte!,1
0502250485,CierreMasivo 06Feb25,1,6,[ Hemos atendido tu aclaración y abonado el importe reclamado a tu cuenta. Valoramos tu elección como cliente en BanCoppel y esperamos seguir siendo tu elección para futuras compras. ¡Siempre estaremos aquí para ayudarte!,1
0502252871,CierreMasivo 06Feb25,1,6,[ Hemos atendido tu aclaración y abonado el importe reclamado a tu cuenta. Valoramos tu elección como cliente en BanCoppel y esperamos seguir siendo tu elección para futuras compras. ¡Siempre estaremos aquí para ayudarte!,1
0502252861,CierreMasivo 06Feb25,1,6,[ Hemos atendido tu aclaración y abonado el importe reclamado a tu cuenta. Valoramos tu elección como cliente en BanCoppel y esperamos seguir siendo tu elección para futuras compras. ¡Siempre estaremos aquí para ayudarte!,1
0502251300,CierreMasivo 06Feb25,1,6,[ Hemos atendido tu aclaración y abonado el importe reclamado a tu cuenta. Valoramos tu elección como cliente en BanCoppel y esperamos seguir siendo tu elección para futuras compras. ¡Siempre estaremos aquí para ayudarte!,1
0502251275,CierreMasivo 06Feb25,1,6,[ Hemos atendido tu aclaración y abonado el importe reclamado a tu cuenta. Valoramos tu elección como cliente en BanCoppel y esperamos seguir siendo tu elección para futuras compras. ¡Siempre estaremos aquí para ayudarte!,1
0502253093,CierreMasivo 06Feb25,1,6,[ Hemos atendido tu aclaración y abonado el importe reclamado a tu cuenta. Valoramos tu elección como cliente en BanCoppel y esperamos seguir siendo tu elección para futuras compras. ¡Siempre estaremos aquí para ayudarte!,1
0502253049,CierreMasivo 06Feb25,1,6,[ Hemos atendido tu aclaración y abonado el importe reclamado a tu cuenta. Valoramos tu elección como cliente en BanCoppel y esperamos seguir siendo tu elección para futuras compras. ¡Siempre estaremos aquí para ayudarte!,1
0502251203,CierreMasivo 06Feb25,1,6,[ Hemos atendido tu aclaración y abonado el importe reclamado a tu cuenta. Valoramos tu elección como cliente en BanCoppel y esperamos seguir siendo tu elección para futuras compras. ¡Siempre estaremos aquí para ayudarte!,1
0502252625,CierreMasivo 06Feb25,1,6,[ Hemos atendido tu aclaración y abonado el importe reclamado a tu cuenta. Valoramos tu elección como cliente en BanCoppel y esperamos seguir siendo tu elección para futuras compras. ¡Siempre estaremos aquí para ayudarte!,1
0502250791,CierreMasivo 06Feb25,1,6,[ Hemos atendido tu aclaración y abonado el importe reclamado a tu cuenta. Valoramos tu elección como cliente en BanCoppel y esperamos seguir siendo tu elección para futuras compras. ¡Siempre estaremos aquí para ayudarte!,1
0502250772,CierreMasivo 06Feb25,1,6,[ Hemos atendido tu aclaración y abonado el importe reclamado a tu cuenta. Valoramos tu elección como cliente en BanCoppel y esperamos seguir siendo tu elección para futuras compras. ¡Siempre estaremos aquí para ayudarte!,1
0502252500,CierreMasivo 06Feb25,1,6,[ Hemos atendido tu aclaración y abonado el importe reclamado a tu cuenta. Valoramos tu elección como cliente en BanCoppel y esperamos seguir siendo tu elección para futuras compras. ¡Siempre estaremos aquí para ayudarte!,1
0502252533,CierreMasivo 06Feb25,1,6,[ Hemos atendido tu aclaración y abonado el importe reclamado a tu cuenta. Valoramos tu elección como cliente en BanCoppel y esperamos seguir siendo tu elección para futuras compras. ¡Siempre estaremos aquí para ayudarte!,1
0502252551,CierreMasivo 06Feb25,1,6,[ Hemos atendido tu aclaración y abonado el importe reclamado a tu cuenta. Valoramos tu elección como cliente en BanCoppel y esperamos seguir siendo tu elección para futuras compras. ¡Siempre estaremos aquí para ayudarte!,1
0502252575,CierreMasivo 06Feb25,1,6,[ Hemos atendido tu aclaración y abonado el importe reclamado a tu cuenta. Valoramos tu elección como cliente en BanCoppel y esperamos seguir siendo tu elección para futuras compras. ¡Siempre estaremos aquí para ayudarte!,1
0502252678,CierreMasivo 06Feb25,1,6,[ Hemos atendido tu aclaración y abonado el importe reclamado a tu cuenta. Valoramos tu elección como cliente en BanCoppel y esperamos seguir siendo tu elección para futuras compras. ¡Siempre estaremos aquí para ayudarte!,1
0502252695,CierreMasivo 06Feb25,1,6,[ Hemos atendido tu aclaración y abonado el importe reclamado a tu cuenta. Valoramos tu elección como cliente en BanCoppel y esperamos seguir siendo tu elección para futuras compras. ¡Siempre estaremos aquí para ayudarte!,1
0502250468,CierreMasivo 06Feb25,1,6,[ Hemos atendido tu aclaración y abonado el importe reclamado a tu cuenta. Valoramos tu elección como cliente en BanCoppel y esperamos seguir siendo tu elección para futuras compras. ¡Siempre estaremos aquí para ayudarte!,1
0502251911,CierreMasivo 06Feb25,1,6,[ Hemos atendido tu aclaración y abonado el importe reclamado a tu cuenta. Valoramos tu elección como cliente en BanCoppel y esperamos seguir siendo tu elección para futuras compras. ¡Siempre estaremos aquí para ayudarte!,1
0502251929,CierreMasivo 06Feb25,1,6,[ Hemos atendido tu aclaración y abonado el importe reclamado a tu cuenta. Valoramos tu elección como cliente en BanCoppel y esperamos seguir siendo tu elección para futuras compras. ¡Siempre estaremos aquí para ayudarte!,1
0502251941,CierreMasivo 06Feb25,1,6,[ Hemos atendido tu aclaración y abonado el importe reclamado a tu cuenta. Valoramos tu elección como cliente en BanCoppel y esperamos seguir siendo tu elección para futuras compras. ¡Siempre estaremos aquí para ayudarte!,1
0502251727,CierreMasivo 06Feb25,1,6,[ Hemos atendido tu aclaración y abonado el importe reclamado a tu cuenta. Valoramos tu elección como cliente en BanCoppel y esperamos seguir siendo tu elección para futuras compras. ¡Siempre estaremos aquí para ayudarte!,1
0502253172,CierreMasivo 06Feb25,1,6,[ Hemos atendido tu aclaración y abonado el importe reclamado a tu cuenta. Valoramos tu elección como cliente en BanCoppel y esperamos seguir siendo tu elección para futuras compras. ¡Siempre estaremos aquí para ayudarte!,1
0502252937,CierreMasivo 06Feb25,1,6,[ Hemos atendido tu aclaración y abonado el importe reclamado a tu cuenta. Valoramos tu elección como cliente en BanCoppel y esperamos seguir siendo tu elección para futuras compras. ¡Siempre estaremos aquí para ayudarte!,1
0502251734,CierreMasivo 06Feb25,1,6,[ Hemos atendido tu aclaración y abonado el importe reclamado a tu cuenta. Valoramos tu elección como cliente en BanCoppel y esperamos seguir siendo tu elección para futuras compras. ¡Siempre estaremos aquí para ayudarte!,1
0502251621,CierreMasivo 06Feb25,1,6,[ Hemos atendido tu aclaración y abonado el importe reclamado a tu cuenta. Valoramos tu elección como cliente en BanCoppel y esperamos seguir siendo tu elección para futuras compras. ¡Siempre estaremos aquí para ayudarte!,1
0502251608,CierreMasivo 06Feb25,1,6,[ Hemos atendido tu aclaración y abonado el importe reclamado a tu cuenta. Valoramos tu elección como cliente en BanCoppel y esperamos seguir siendo tu elección para futuras compras. ¡Siempre estaremos aquí para ayudarte!,1
0502251592,CierreMasivo 06Feb25,1,6,[ Hemos atendido tu aclaración y abonado el importe reclamado a tu cuenta. Valoramos tu elección como cliente en BanCoppel y esperamos seguir siendo tu elección para futuras compras. ¡Siempre estaremos aquí para ayudarte!,1
0502253163,CierreMasivo 06Feb25,1,6,[ Hemos atendido tu aclaración y abonado el importe reclamado a tu cuenta. Valoramos tu elección como cliente en BanCoppel y esperamos seguir siendo tu elección para futuras compras. ¡Siempre estaremos aquí para ayudarte!,1
0502253184,CierreMasivo 06Feb25,1,6,[ Hemos atendido tu aclaración y abonado el importe reclamado a tu cuenta. Valoramos tu elección como cliente en BanCoppel y esperamos seguir siendo tu elección para futuras compras. ¡Siempre estaremos aquí para ayudarte!,1
0502252669,CierreMasivo 06Feb25,1,6,[ Hemos atendido tu aclaración y abonado el importe reclamado a tu cuenta. Valoramos tu elección como cliente en BanCoppel y esperamos seguir siendo tu elección para futuras compras. ¡Siempre estaremos aquí para ayudarte!,1
0502252613,CierreMasivo 06Feb25,1,6,[ Hemos atendido tu aclaración y abonado el importe reclamado a tu cuenta. Valoramos tu elección como cliente en BanCoppel y esperamos seguir siendo tu elección para futuras compras. ¡Siempre estaremos aquí para ayudarte!,1
0502252622,CierreMasivo 06Feb25,1,6,[ Hemos atendido tu aclaración y abonado el importe reclamado a tu cuenta. Valoramos tu elección como cliente en BanCoppel y esperamos seguir siendo tu elección para futuras compras. ¡Siempre estaremos aquí para ayudarte!,1
0502252640,CierreMasivo 06Feb25,1,6,[ Hemos atendido tu aclaración y abonado el importe reclamado a tu cuenta. Valoramos tu elección como cliente en BanCoppel y esperamos seguir siendo tu elección para futuras compras. ¡Siempre estaremos aquí para ayudarte!,1
0502252645,CierreMasivo 06Feb25,1,6,[ Hemos atendido tu aclaración y abonado el importe reclamado a tu cuenta. Valoramos tu elección como cliente en BanCoppel y esperamos seguir siendo tu elección para futuras compras. ¡Siempre estaremos aquí para ayudarte!,1
0502252657,CierreMasivo 06Feb25,1,6,[ Hemos atendido tu aclaración y abonado el importe reclamado a tu cuenta. Valoramos tu elección como cliente en BanCoppel y esperamos seguir siendo tu elección para futuras compras. ¡Siempre estaremos aquí para ayudarte!,1
0502252689,CierreMasivo 06Feb25,1,6,[ Hemos atendido tu aclaración y abonado el importe reclamado a tu cuenta. Valoramos tu elección como cliente en BanCoppel y esperamos seguir siendo tu elección para futuras compras. ¡Siempre estaremos aquí para ayudarte!,1
0502250659,CierreMasivo 06Feb25,1,6,[ Hemos atendido tu aclaración y abonado el importe reclamado a tu cuenta. Valoramos tu elección como cliente en BanCoppel y esperamos seguir siendo tu elección para futuras compras. ¡Siempre estaremos aquí para ayudarte!,1
0502250573,CierreMasivo 06Feb25,1,6,[ Hemos atendido tu aclaración y abonado el importe reclamado a tu cuenta. Valoramos tu elección como cliente en BanCoppel y esperamos seguir siendo tu elección para futuras compras. ¡Siempre estaremos aquí para ayudarte!,1
0502250642,CierreMasivo 06Feb25,1,6,[ Hemos atendido tu aclaración y abonado el importe reclamado a tu cuenta. Valoramos tu elección como cliente en BanCoppel y esperamos seguir siendo tu elección para futuras compras. ¡Siempre estaremos aquí para ayudarte!,1
0502253044,CierreMasivo 06Feb25,1,6,[ Hemos atendido tu aclaración y abonado el importe reclamado a tu cuenta. Valoramos tu elección como cliente en BanCoppel y esperamos seguir siendo tu elección para futuras compras. ¡Siempre estaremos aquí para ayudarte!,1
0502252603,CierreMasivo 06Feb25,1,6,[ Hemos atendido tu aclaración y abonado el importe reclamado a tu cuenta. Valoramos tu elección como cliente en BanCoppel y esperamos seguir siendo tu elección para futuras compras. ¡Siempre estaremos aquí para ayudarte!,1
0502252619,CierreMasivo 06Feb25,1,6,[ Hemos atendido tu aclaración y abonado el importe reclamado a tu cuenta. Valoramos tu elección como cliente en BanCoppel y esperamos seguir siendo tu elección para futuras compras. ¡Siempre estaremos aquí para ayudarte!,1
0502253521,CierreMasivo 06Feb25,1,6,[ Hemos atendido tu aclaración y abonado el importe reclamado a tu cuenta. Valoramos tu elección como cliente en BanCoppel y esperamos seguir siendo tu elección para futuras compras. ¡Siempre estaremos aquí para ayudarte!,1
0502253534,CierreMasivo 06Feb25,1,6,[ Hemos atendido tu aclaración y abonado el importe reclamado a tu cuenta. Valoramos tu elección como cliente en BanCoppel y esperamos seguir siendo tu elección para futuras compras. ¡Siempre estaremos aquí para ayudarte!,1
0502253516,CierreMasivo 06Feb25,1,6,[ Hemos atendido tu aclaración y abonado el importe reclamado a tu cuenta. Valoramos tu elección como cliente en BanCoppel y esperamos seguir siendo tu elección para futuras compras. ¡Siempre estaremos aquí para ayudarte!,1
0502253511,CierreMasivo 06Feb25,1,6,[ Hemos atendido tu aclaración y abonado el importe reclamado a tu cuenta. Valoramos tu elección como cliente en BanCoppel y esperamos seguir siendo tu elección para futuras compras. ¡Siempre estaremos aquí para ayudarte!,1
0502253544,CierreMasivo 06Feb25,1,6,[ Hemos atendido tu aclaración y abonado el importe reclamado a tu cuenta. Valoramos tu elección como cliente en BanCoppel y esperamos seguir siendo tu elección para futuras compras. ¡Siempre estaremos aquí para ayudarte!,1
0502253551,CierreMasivo 06Feb25,1,6,[ Hemos atendido tu aclaración y abonado el importe reclamado a tu cuenta. Valoramos tu elección como cliente en BanCoppel y esperamos seguir siendo tu elección para futuras compras. ¡Siempre estaremos aquí para ayudarte!,1
0502253241,CierreMasivo 06Feb25,1,6,[ Hemos atendido tu aclaración y abonado el importe reclamado a tu cuenta. Valoramos tu elección como cliente en BanCoppel y esperamos seguir siendo tu elección para futuras compras. ¡Siempre estaremos aquí para ayudarte!,1
0502253612,CierreMasivo 06Feb25,1,6,[ Hemos atendido tu aclaración y abonado el importe reclamado a tu cuenta. Valoramos tu elección como cliente en BanCoppel y esperamos seguir siendo tu elección para futuras compras. ¡Siempre estaremos aquí para ayudarte!,1
0502250409,CierreMasivo 06Feb25,1,6,[ Hemos atendido tu aclaración y abonado el importe reclamado a tu cuenta. Valoramos tu elección como cliente en BanCoppel y esperamos seguir siendo tu elección para futuras compras. ¡Siempre estaremos aquí para ayudarte!,1
0502250195,CierreMasivo 06Feb25,1,6,[ Hemos atendido tu aclaración y abonado el importe reclamado a tu cuenta. Valoramos tu elección como cliente en BanCoppel y esperamos seguir siendo tu elección para futuras compras. ¡Siempre estaremos aquí para ayudarte!,1
0502250210,CierreMasivo 06Feb25,1,6,[ Hemos atendido tu aclaración y abonado el importe reclamado a tu cuenta. Valoramos tu elección como cliente en BanCoppel y esperamos seguir siendo tu elección para futuras compras. ¡Siempre estaremos aquí para ayudarte!,1
0502250489,CierreMasivo 06Feb25,1,6,[ Hemos atendido tu aclaración y abonado el importe reclamado a tu cuenta. Valoramos tu elección como cliente en BanCoppel y esperamos seguir siendo tu elección para futuras compras. ¡Siempre estaremos aquí para ayudarte!,1
0502250507,CierreMasivo 06Feb25,1,6,[ Hemos atendido tu aclaración y abonado el importe reclamado a tu cuenta. Valoramos tu elección como cliente en BanCoppel y esperamos seguir siendo tu elección para futuras compras. ¡Siempre estaremos aquí para ayudarte!,1
0502251974,CierreMasivo 06Feb25,1,6,[ Hemos atendido tu aclaración y abonado el importe reclamado a tu cuenta. Valoramos tu elección como cliente en BanCoppel y esperamos seguir siendo tu elección para futuras compras. ¡Siempre estaremos aquí para ayudarte!,1
0502251984,CierreMasivo 06Feb25,1,6,[ Hemos atendido tu aclaración y abonado el importe reclamado a tu cuenta. Valoramos tu elección como cliente en BanCoppel y esperamos seguir siendo tu elección para futuras compras. ¡Siempre estaremos aquí para ayudarte!,1
0502251992,CierreMasivo 06Feb25,1,6,[ Hemos atendido tu aclaración y abonado el importe reclamado a tu cuenta. Valoramos tu elección como cliente en BanCoppel y esperamos seguir siendo tu elección para futuras compras. ¡Siempre estaremos aquí para ayudarte!,1
0502250957,CierreMasivo 06Feb25,1,6,[ Hemos atendido tu aclaración y abonado el importe reclamado a tu cuenta. Valoramos tu elección como cliente en BanCoppel y esperamos seguir siendo tu elección para futuras compras. ¡Siempre estaremos aquí para ayudarte!,1
0502252311,CierreMasivo 06Feb25,1,6,[ Hemos atendido tu aclaración y abonado el importe reclamado a tu cuenta. Valoramos tu elección como cliente en BanCoppel y esperamos seguir siendo tu elección para futuras compras. ¡Siempre estaremos aquí para ayudarte!,1
0502252917,CierreMasivo 06Feb25,1,6,[ Hemos atendido tu aclaración y abonado el importe reclamado a tu cuenta. Valoramos tu elección como cliente en BanCoppel y esperamos seguir siendo tu elección para futuras compras. ¡Siempre estaremos aquí para ayudarte!,1
0502252969,CierreMasivo 06Feb25,1,6,[ Hemos atendido tu aclaración y abonado el importe reclamado a tu cuenta. Valoramos tu elección como cliente en BanCoppel y esperamos seguir siendo tu elección para futuras compras. ¡Siempre estaremos aquí para ayudarte!,1
0502252992,CierreMasivo 06Feb25,1,6,[ Hemos atendido tu aclaración y abonado el importe reclamado a tu cuenta. Valoramos tu elección como cliente en BanCoppel y esperamos seguir siendo tu elección para futuras compras. ¡Siempre estaremos aquí para ayudarte!,1
0502252875,CierreMasivo 06Feb25,1,6,[ Hemos atendido tu aclaración y abonado el importe reclamado a tu cuenta. Valoramos tu elección como cliente en BanCoppel y esperamos seguir siendo tu elección para futuras compras. ¡Siempre estaremos aquí para ayudarte!,1
0502252940,CierreMasivo 06Feb25,1,6,[ Hemos atendido tu aclaración y abonado el importe reclamado a tu cuenta. Valoramos tu elección como cliente en BanCoppel y esperamos seguir siendo tu elección para futuras compras. ¡Siempre estaremos aquí para ayudarte!,1
0502253443,CierreMasivo 06Feb25,1,6,[ Hemos atendido tu aclaración y abonado el importe reclamado a tu cuenta. Valoramos tu elección como cliente en BanCoppel y esperamos seguir siendo tu elección para futuras compras. ¡Siempre estaremos aquí para ayudarte!,1
0502250746,CierreMasivo 06Feb25,1,6,[ Hemos atendido tu aclaración y abonado el importe reclamado a tu cuenta. Valoramos tu elección como cliente en BanCoppel y esperamos seguir siendo tu elección para futuras compras. ¡Siempre estaremos aquí para ayudarte!,1
0502250729,CierreMasivo 06Feb25,1,6,[ Hemos atendido tu aclaración y abonado el importe reclamado a tu cuenta. Valoramos tu elección como cliente en BanCoppel y esperamos seguir siendo tu elección para futuras compras. ¡Siempre estaremos aquí para ayudarte!,1
0502250698,CierreMasivo 06Feb25,1,6,[ Hemos atendido tu aclaración y abonado el importe reclamado a tu cuenta. Valoramos tu elección como cliente en BanCoppel y esperamos seguir siendo tu elección para futuras compras. ¡Siempre estaremos aquí para ayudarte!,1
0502250638,CierreMasivo 06Feb25,1,6,[ Hemos atendido tu aclaración y abonado el importe reclamado a tu cuenta. Valoramos tu elección como cliente en BanCoppel y esperamos seguir siendo tu elección para futuras compras. ¡Siempre estaremos aquí para ayudarte!,1
0502253200,CierreMasivo 06Feb25,1,6,[ Hemos atendido tu aclaración y abonado el importe reclamado a tu cuenta. Valoramos tu elección como cliente en BanCoppel y esperamos seguir siendo tu elección para futuras compras. ¡Siempre estaremos aquí para ayudarte!,1
0502250350,CierreMasivo 06Feb25,1,6,[ Hemos atendido tu aclaración y abonado el importe reclamado a tu cuenta. Valoramos tu elección como cliente en BanCoppel y esperamos seguir siendo tu elección para futuras compras. ¡Siempre estaremos aquí para ayudarte!,1
0502250379,CierreMasivo 06Feb25,1,6,[ Hemos atendido tu aclaración y abonado el importe reclamado a tu cuenta. Valoramos tu elección como cliente en BanCoppel y esperamos seguir siendo tu elección para futuras compras. ¡Siempre estaremos aquí para ayudarte!,1
0502251292,CierreMasivo 06Feb25,1,6,[ Hemos atendido tu aclaración y abonado el importe reclamado a tu cuenta. Valoramos tu elección como cliente en BanCoppel y esperamos seguir siendo tu elección para futuras compras. ¡Siempre estaremos aquí para ayudarte!,1
0502253344,CierreMasivo 06Feb25,1,6,[ Hemos atendido tu aclaración y abonado el importe reclamado a tu cuenta. Valoramos tu elección como cliente en BanCoppel y esperamos seguir siendo tu elección para futuras compras. ¡Siempre estaremos aquí para ayudarte!,1
0502252783,CierreMasivo 06Feb25,1,6,[ Hemos atendido tu aclaración y abonado el importe reclamado a tu cuenta. Valoramos tu elección como cliente en BanCoppel y esperamos seguir siendo tu elección para futuras compras. ¡Siempre estaremos aquí para ayudarte!,1
0502252796,CierreMasivo 06Feb25,1,6,[ Hemos atendido tu aclaración y abonado el importe reclamado a tu cuenta. Valoramos tu elección como cliente en BanCoppel y esperamos seguir siendo tu elección para futuras compras. ¡Siempre estaremos aquí para ayudarte!,1
0502252807,CierreMasivo 06Feb25,1,6,[ Hemos atendido tu aclaración y abonado el importe reclamado a tu cuenta. Valoramos tu elección como cliente en BanCoppel y esperamos seguir siendo tu elección para futuras compras. ¡Siempre estaremos aquí para ayudarte!,1
0502253381,CierreMasivo 06Feb25,1,6,[ Hemos atendido tu aclaración y abonado el importe reclamado a tu cuenta. Valoramos tu elección como cliente en BanCoppel y esperamos seguir siendo tu elección para futuras compras. ¡Siempre estaremos aquí para ayudarte!,1
0502250019,CierreMasivo 06Feb25,1,6,[ Hemos atendido tu aclaración y abonado el importe reclamado a tu cuenta. Valoramos tu elección como cliente en BanCoppel y esperamos seguir siendo tu elección para futuras compras. ¡Siempre estaremos aquí para ayudarte!,1
0502250919,CierreMasivo 06Feb25,1,6,[ Hemos atendido tu aclaración y abonado el importe reclamado a tu cuenta. Valoramos tu elección como cliente en BanCoppel y esperamos seguir siendo tu elección para futuras compras. ¡Siempre estaremos aquí para ayudarte!,1
0502250846,CierreMasivo 06Feb25,1,6,[ Hemos atendido tu aclaración y abonado el importe reclamado a tu cuenta. Valoramos tu elección como cliente en BanCoppel y esperamos seguir siendo tu elección para futuras compras. ¡Siempre estaremos aquí para ayudarte!,1
0502250807,CierreMasivo 06Feb25,1,6,[ Hemos atendido tu aclaración y abonado el importe reclamado a tu cuenta. Valoramos tu elección como cliente en BanCoppel y esperamos seguir siendo tu elección para futuras compras. ¡Siempre estaremos aquí para ayudarte!,1
0502250879,CierreMasivo 06Feb25,1,6,[ Hemos atendido tu aclaración y abonado el importe reclamado a tu cuenta. Valoramos tu elección como cliente en BanCoppel y esperamos seguir siendo tu elección para futuras compras. ¡Siempre estaremos aquí para ayudarte!,1
0502250828,CierreMasivo 06Feb25,1,6,[ Hemos atendido tu aclaración y abonado el importe reclamado a tu cuenta. Valoramos tu elección como cliente en BanCoppel y esperamos seguir siendo tu elección para futuras compras. ¡Siempre estaremos aquí para ayudarte!,1
0502250900,CierreMasivo 06Feb25,1,6,[ Hemos atendido tu aclaración y abonado el importe reclamado a tu cuenta. Valoramos tu elección como cliente en BanCoppel y esperamos seguir siendo tu elección para futuras compras. ¡Siempre estaremos aquí para ayudarte!,1
0502253358,CierreMasivo 06Feb25,1,6,[ Hemos atendido tu aclaración y abonado el importe reclamado a tu cuenta. Valoramos tu elección como cliente en BanCoppel y esperamos seguir siendo tu elección para futuras compras. ¡Siempre estaremos aquí para ayudarte!,1
0502253424,CierreMasivo 06Feb25,1,6,[ Hemos atendido tu aclaración y abonado el importe reclamado a tu cuenta. Valoramos tu elección como cliente en BanCoppel y esperamos seguir siendo tu elección para futuras compras. ¡Siempre estaremos aquí para ayudarte!,1
0502251299,CierreMasivo 06Feb25,1,6,[ Hemos atendido tu aclaración y abonado el importe reclamado a tu cuenta. Valoramos tu elección como cliente en BanCoppel y esperamos seguir siendo tu elección para futuras compras. ¡Siempre estaremos aquí para ayudarte!,1
0502250583,CierreMasivo 06Feb25,1,6,[ Hemos atendido tu aclaración y abonado el importe reclamado a tu cuenta. Valoramos tu elección como cliente en BanCoppel y esperamos seguir siendo tu elección para futuras compras. ¡Siempre estaremos aquí para ayudarte!,1
0502251541,CierreMasivo 06Feb25,1,6,[ Hemos atendido tu aclaración y abonado el importe reclamado a tu cuenta. Valoramos tu elección como cliente en BanCoppel y esperamos seguir siendo tu elección para futuras compras. ¡Siempre estaremos aquí para ayudarte!,1
0502251560,CierreMasivo 06Feb25,1,6,[ Hemos atendido tu aclaración y abonado el importe reclamado a tu cuenta. Valoramos tu elección como cliente en BanCoppel y esperamos seguir siendo tu elección para futuras compras. ¡Siempre estaremos aquí para ayudarte!,1
0502250096,CierreMasivo 06Feb25,1,6,[ Hemos atendido tu aclaración y abonado el importe reclamado a tu cuenta. Valoramos tu elección como cliente en BanCoppel y esperamos seguir siendo tu elección para futuras compras. ¡Siempre estaremos aquí para ayudarte!,1
0502250337,CierreMasivo 06Feb25,1,6,[ Hemos atendido tu aclaración y abonado el importe reclamado a tu cuenta. Valoramos tu elección como cliente en BanCoppel y esperamos seguir siendo tu elección para futuras compras. ¡Siempre estaremos aquí para ayudarte!,1
0502250361,CierreMasivo 06Feb25,1,6,[ Hemos atendido tu aclaración y abonado el importe reclamado a tu cuenta. Valoramos tu elección como cliente en BanCoppel y esperamos seguir siendo tu elección para futuras compras. ¡Siempre estaremos aquí para ayudarte!,1
0502253334,CierreMasivo 06Feb25,1,6,[ Hemos atendido tu aclaración y abonado el importe reclamado a tu cuenta. Valoramos tu elección como cliente en BanCoppel y esperamos seguir siendo tu elección para futuras compras. ¡Siempre estaremos aquí para ayudarte!,1
0502253355,CierreMasivo 06Feb25,1,6,[ Hemos atendido tu aclaración y abonado el importe reclamado a tu cuenta. Valoramos tu elección como cliente en BanCoppel y esperamos seguir siendo tu elección para futuras compras. ¡Siempre estaremos aquí para ayudarte!,1
0502253298,CierreMasivo 06Feb25,1,6,[ Hemos atendido tu aclaración y abonado el importe reclamado a tu cuenta. Valoramos tu elección como cliente en BanCoppel y esperamos seguir siendo tu elección para futuras compras. ¡Siempre estaremos aquí para ayudarte!,1
0502252370,CierreMasivo 06Feb25,1,6,[ Hemos atendido tu aclaración y abonado el importe reclamado a tu cuenta. Valoramos tu elección como cliente en BanCoppel y esperamos seguir siendo tu elección para futuras compras. ¡Siempre estaremos aquí para ayudarte!,1
0502251196,CierreMasivo 06Feb25,1,6,[ Hemos atendido tu aclaración y abonado el importe reclamado a tu cuenta. Valoramos tu elección como cliente en BanCoppel y esperamos seguir siendo tu elección para futuras compras. ¡Siempre estaremos aquí para ayudarte!,1
0502250352,CierreMasivo 06Feb25,1,6,[ Hemos atendido tu aclaración y abonado el importe reclamado a tu cuenta. Valoramos tu elección como cliente en BanCoppel y esperamos seguir siendo tu elección para futuras compras. ¡Siempre estaremos aquí para ayudarte!,1
0502253499,CierreMasivo 06Feb25,1,6,[ Hemos atendido tu aclaración y abonado el importe reclamado a tu cuenta. Valoramos tu elección como cliente en BanCoppel y esperamos seguir siendo tu elección para futuras compras. ¡Siempre estaremos aquí para ayudarte!,1
0502252441,CierreMasivo 06Feb25,1,6,[ Hemos atendido tu aclaración y abonado el importe reclamado a tu cuenta. Valoramos tu elección como cliente en BanCoppel y esperamos seguir siendo tu elección para futuras compras. ¡Siempre estaremos aquí para ayudarte!,1
0502250816,CierreMasivo 06Feb25,1,6,[ Hemos atendido tu aclaración y abonado el importe reclamado a tu cuenta. Valoramos tu elección como cliente en BanCoppel y esperamos seguir siendo tu elección para futuras compras. ¡Siempre estaremos aquí para ayudarte!,1
0502250686,CierreMasivo 06Feb25,1,6,[ Hemos atendido tu aclaración y abonado el importe reclamado a tu cuenta. Valoramos tu elección como cliente en BanCoppel y esperamos seguir siendo tu elección para futuras compras. ¡Siempre estaremos aquí para ayudarte!,1
0502251342,CierreMasivo 06Feb25,1,6,[ Hemos atendido tu aclaración y abonado el importe reclamado a tu cuenta. Valoramos tu elección como cliente en BanCoppel y esperamos seguir siendo tu elección para futuras compras. ¡Siempre estaremos aquí para ayudarte!,1
0502253396,CierreMasivo 06Feb25,1,6,[ Hemos atendido tu aclaración y abonado el importe reclamado a tu cuenta. Valoramos tu elección como cliente en BanCoppel y esperamos seguir siendo tu elección para futuras compras. ¡Siempre estaremos aquí para ayudarte!,1
0502253070,CierreMasivo 06Feb25,1,6,[ Hemos atendido tu aclaración y abonado el importe reclamado a tu cuenta. Valoramos tu elección como cliente en BanCoppel y esperamos seguir siendo tu elección para futuras compras. ¡Siempre estaremos aquí para ayudarte!,1
0502253065,CierreMasivo 06Feb25,1,6,[ Hemos atendido tu aclaración y abonado el importe reclamado a tu cuenta. Valoramos tu elección como cliente en BanCoppel y esperamos seguir siendo tu elección para futuras compras. ¡Siempre estaremos aquí para ayudarte!,1
0502252094,CierreMasivo 06Feb25,1,6,[ Hemos atendido tu aclaración y abonado el importe reclamado a tu cuenta. Valoramos tu elección como cliente en BanCoppel y esperamos seguir siendo tu elección para futuras compras. ¡Siempre estaremos aquí para ayudarte!,1
0502252326,CierreMasivo 06Feb25,1,6,[ Hemos atendido tu aclaración y abonado el importe reclamado a tu cuenta. Valoramos tu elección como cliente en BanCoppel y esperamos seguir siendo tu elección para futuras compras. ¡Siempre estaremos aquí para ayudarte!,1
0502252528,CierreMasivo 06Feb25,1,6,[ Hemos atendido tu aclaración y abonado el importe reclamado a tu cuenta. Valoramos tu elección como cliente en BanCoppel y esperamos seguir siendo tu elección para futuras compras. ¡Siempre estaremos aquí para ayudarte!,1
0502251369,CierreMasivo 06Feb25,1,6,[ Hemos atendido tu aclaración y abonado el importe reclamado a tu cuenta. Valoramos tu elección como cliente en BanCoppel y esperamos seguir siendo tu elección para futuras compras. ¡Siempre estaremos aquí para ayudarte!,1
0502250318,CierreMasivo 06Feb25,1,6,[ Hemos atendido tu aclaración y abonado el importe reclamado a tu cuenta. Valoramos tu elección como cliente en BanCoppel y esperamos seguir siendo tu elección para futuras compras. ¡Siempre estaremos aquí para ayudarte!,1
0502250996,CierreMasivo 06Feb25,1,6,[ Hemos atendido tu aclaración y abonado el importe reclamado a tu cuenta. Valoramos tu elección como cliente en BanCoppel y esperamos seguir siendo tu elección para futuras compras. ¡Siempre estaremos aquí para ayudarte!,1
0502252698,CierreMasivo 06Feb25,1,6,[ Hemos atendido tu aclaración y abonado el importe reclamado a tu cuenta. Valoramos tu elección como cliente en BanCoppel y esperamos seguir siendo tu elección para futuras compras. ¡Siempre estaremos aquí para ayudarte!,1
0502252717,CierreMasivo 06Feb25,1,6,[ Hemos atendido tu aclaración y abonado el importe reclamado a tu cuenta. Valoramos tu elección como cliente en BanCoppel y esperamos seguir siendo tu elección para futuras compras. ¡Siempre estaremos aquí para ayudarte!,1
0502252748,CierreMasivo 06Feb25,1,6,[ Hemos atendido tu aclaración y abonado el importe reclamado a tu cuenta. Valoramos tu elección como cliente en BanCoppel y esperamos seguir siendo tu elección para futuras compras. ¡Siempre estaremos aquí para ayudarte!,1
0502252761,CierreMasivo 06Feb25,1,6,[ Hemos atendido tu aclaración y abonado el importe reclamado a tu cuenta. Valoramos tu elección como cliente en BanCoppel y esperamos seguir siendo tu elección para futuras compras. ¡Siempre estaremos aquí para ayudarte!,1
0502252789,CierreMasivo 06Feb25,1,6,[ Hemos atendido tu aclaración y abonado el importe reclamado a tu cuenta. Valoramos tu elección como cliente en BanCoppel y esperamos seguir siendo tu elección para futuras compras. ¡Siempre estaremos aquí para ayudarte!,1
0502252811,CierreMasivo 06Feb25,1,6,[ Hemos atendido tu aclaración y abonado el importe reclamado a tu cuenta. Valoramos tu elección como cliente en BanCoppel y esperamos seguir siendo tu elección para futuras compras. ¡Siempre estaremos aquí para ayudarte!,1
0502252828,CierreMasivo 06Feb25,1,6,[ Hemos atendido tu aclaración y abonado el importe reclamado a tu cuenta. Valoramos tu elección como cliente en BanCoppel y esperamos seguir siendo tu elección para futuras compras. ¡Siempre estaremos aquí para ayudarte!,1
0502253515,CierreMasivo 06Feb25,1,6,[ Hemos atendido tu aclaración y abonado el importe reclamado a tu cuenta. Valoramos tu elección como cliente en BanCoppel y esperamos seguir siendo tu elección para futuras compras. ¡Siempre estaremos aquí para ayudarte!,1
0502253514,CierreMasivo 06Feb25,1,6,[ Hemos atendido tu aclaración y abonado el importe reclamado a tu cuenta. Valoramos tu elección como cliente en BanCoppel y esperamos seguir siendo tu elección para futuras compras. ¡Siempre estaremos aquí para ayudarte!,1
0502252208,CierreMasivo 06Feb25,1,6,[ Hemos atendido tu aclaración y abonado el importe reclamado a tu cuenta. Valoramos tu elección como cliente en BanCoppel y esperamos seguir siendo tu elección para futuras compras. ¡Siempre estaremos aquí para ayudarte!,1
0502251280,CierreMasivo 06Feb25,1,6,[ Hemos atendido tu aclaración y abonado el importe reclamado a tu cuenta. Valoramos tu elección como cliente en BanCoppel y esperamos seguir siendo tu elección para futuras compras. ¡Siempre estaremos aquí para ayudarte!,1
0502251305,CierreMasivo 06Feb25,1,6,[ Hemos atendido tu aclaración y abonado el importe reclamado a tu cuenta. Valoramos tu elección como cliente en BanCoppel y esperamos seguir siendo tu elección para futuras compras. ¡Siempre estaremos aquí para ayudarte!,1
0502251415,CierreMasivo 06Feb25,1,6,[ Hemos atendido tu aclaración y abonado el importe reclamado a tu cuenta. Valoramos tu elección como cliente en BanCoppel y esperamos seguir siendo tu elección para futuras compras. ¡Siempre estaremos aquí para ayudarte!,1
0502251468,CierreMasivo 06Feb25,1,6,[ Hemos atendido tu aclaración y abonado el importe reclamado a tu cuenta. Valoramos tu elección como cliente en BanCoppel y esperamos seguir siendo tu elección para futuras compras. ¡Siempre estaremos aquí para ayudarte!,1
0502253134,CierreMasivo 06Feb25,1,6,[ Hemos atendido tu aclaración y abonado el importe reclamado a tu cuenta. Valoramos tu elección como cliente en BanCoppel y esperamos seguir siendo tu elección para futuras compras. ¡Siempre estaremos aquí para ayudarte!,1
0502252842,CierreMasivo 06Feb25,1,6,[ Hemos atendido tu aclaración y abonado el importe reclamado a tu cuenta. Valoramos tu elección como cliente en BanCoppel y esperamos seguir siendo tu elección para futuras compras. ¡Siempre estaremos aquí para ayudarte!,1
0502250968,CierreMasivo 06Feb25,1,6,[ Hemos atendido tu aclaración y abonado el importe reclamado a tu cuenta. Valoramos tu elección como cliente en BanCoppel y esperamos seguir siendo tu elección para futuras compras. ¡Siempre estaremos aquí para ayudarte!,1
0502251048,CierreMasivo 06Feb25,1,6,[ Hemos atendido tu aclaración y abonado el importe reclamado a tu cuenta. Valoramos tu elección como cliente en BanCoppel y esperamos seguir siendo tu elección para futuras compras. ¡Siempre estaremos aquí para ayudarte!,1
0502251191,CierreMasivo 06Feb25,1,6,[ Hemos atendido tu aclaración y abonado el importe reclamado a tu cuenta. Valoramos tu elección como cliente en BanCoppel y esperamos seguir siendo tu elección para futuras compras. ¡Siempre estaremos aquí para ayudarte!,1
0502251125,CierreMasivo 06Feb25,1,6,[ Hemos atendido tu aclaración y abonado el importe reclamado a tu cuenta. Valoramos tu elección como cliente en BanCoppel y esperamos seguir siendo tu elección para futuras compras. ¡Siempre estaremos aquí para ayudarte!,1
0502251081,CierreMasivo 06Feb25,1,6,[ Hemos atendido tu aclaración y abonado el importe reclamado a tu cuenta. Valoramos tu elección como cliente en BanCoppel y esperamos seguir siendo tu elección para futuras compras. ¡Siempre estaremos aquí para ayudarte!,1
0502252256,CierreMasivo 06Feb25,1,6,[ Hemos atendido tu aclaración y abonado el importe reclamado a tu cuenta. Valoramos tu elección como cliente en BanCoppel y esperamos seguir siendo tu elección para futuras compras. ¡Siempre estaremos aquí para ayudarte!,1
0502252563,CierreMasivo 06Feb25,1,6,[ Hemos atendido tu aclaración y abonado el importe reclamado a tu cuenta. Valoramos tu elección como cliente en BanCoppel y esperamos seguir siendo tu elección para futuras compras. ¡Siempre estaremos aquí para ayudarte!,1
0502252951,CierreMasivo 06Feb25,1,6,[ Hemos atendido tu aclaración y abonado el importe reclamado a tu cuenta. Valoramos tu elección como cliente en BanCoppel y esperamos seguir siendo tu elección para futuras compras. ¡Siempre estaremos aquí para ayudarte!,1
0502253190,CierreMasivo 06Feb25,1,6,[ Hemos atendido tu aclaración y abonado el importe reclamado a tu cuenta. Valoramos tu elección como cliente en BanCoppel y esperamos seguir siendo tu elección para futuras compras. ¡Siempre estaremos aquí para ayudarte!,1
0502253434,CierreMasivo 06Feb25,1,6,[ Hemos atendido tu aclaración y abonado el importe reclamado a tu cuenta. Valoramos tu elección como cliente en BanCoppel y esperamos seguir siendo tu elección para futuras compras. ¡Siempre estaremos aquí para ayudarte!,1
0502250356,CierreMasivo 06Feb25,1,6,[ Hemos atendido tu aclaración y abonado el importe reclamado a tu cuenta. Valoramos tu elección como cliente en BanCoppel y esperamos seguir siendo tu elección para futuras compras. ¡Siempre estaremos aquí para ayudarte!,1
0502252009,CierreMasivo 06Feb25,1,6,[ Hemos atendido tu aclaración y abonado el importe reclamado a tu cuenta. Valoramos tu elección como cliente en BanCoppel y esperamos seguir siendo tu elección para futuras compras. ¡Siempre estaremos aquí para ayudarte!,1
0502250023,CierreMasivo 06Feb25,1,6,[ Hemos atendido tu aclaración y abonado el importe reclamado a tu cuenta. Valoramos tu elección como cliente en BanCoppel y esperamos seguir siendo tu elección para futuras compras. ¡Siempre estaremos aquí para ayudarte!,1
0502252798,CierreMasivo 06Feb25,1,6,[ Hemos atendido tu aclaración y abonado el importe reclamado a tu cuenta. Valoramos tu elección como cliente en BanCoppel y esperamos seguir siendo tu elección para futuras compras. ¡Siempre estaremos aquí para ayudarte!,1
0502251140,CierreMasivo 06Feb25,1,6,[ Hemos atendido tu aclaración y abonado el importe reclamado a tu cuenta. Valoramos tu elección como cliente en BanCoppel y esperamos seguir siendo tu elección para futuras compras. ¡Siempre estaremos aquí para ayudarte!,1
0502251152,CierreMasivo 06Feb25,1,6,[ Hemos atendido tu aclaración y abonado el importe reclamado a tu cuenta. Valoramos tu elección como cliente en BanCoppel y esperamos seguir siendo tu elección para futuras compras. ¡Siempre estaremos aquí para ayudarte!,1
0502251163,CierreMasivo 06Feb25,1,6,[ Hemos atendido tu aclaración y abonado el importe reclamado a tu cuenta. Valoramos tu elección como cliente en BanCoppel y esperamos seguir siendo tu elección para futuras compras. ¡Siempre estaremos aquí para ayudarte!,1
0502250127,CierreMasivo 06Feb25,1,6,[ Hemos atendido tu aclaración y abonado el importe reclamado a tu cuenta. Valoramos tu elección como cliente en BanCoppel y esperamos seguir siendo tu elección para futuras compras. ¡Siempre estaremos aquí para ayudarte!,1
0502251453,CierreMasivo 06Feb25,1,6,[ Hemos atendido tu aclaración y abonado el importe reclamado a tu cuenta. Valoramos tu elección como cliente en BanCoppel y esperamos seguir siendo tu elección para futuras compras. ¡Siempre estaremos aquí para ayudarte!,1
0502252928,CierreMasivo 06Feb25,1,6,[ Hemos atendido tu aclaración y abonado el importe reclamado a tu cuenta. Valoramos tu elección como cliente en BanCoppel y esperamos seguir siendo tu elección para futuras compras. ¡Siempre estaremos aquí para ayudarte!,1
0502251341,CierreMasivo 06Feb25,1,6,[ Hemos atendido tu aclaración y abonado el importe reclamado a tu cuenta. Valoramos tu elección como cliente en BanCoppel y esperamos seguir siendo tu elección para futuras compras. ¡Siempre estaremos aquí para ayudarte!,1
0502250847,CierreMasivo 06Feb25,1,6,[ Hemos atendido tu aclaración y abonado el importe reclamado a tu cuenta. Valoramos tu elección como cliente en BanCoppel y esperamos seguir siendo tu elección para futuras compras. ¡Siempre estaremos aquí para ayudarte!,1
0502253449,CierreMasivo 06Feb25,1,6,[ Hemos atendido tu aclaración y abonado el importe reclamado a tu cuenta. Valoramos tu elección como cliente en BanCoppel y esperamos seguir siendo tu elección para futuras compras. ¡Siempre estaremos aquí para ayudarte!,1
0502253153,CierreMasivo 06Feb25,1,6,[ Hemos atendido tu aclaración y abonado el importe reclamado a tu cuenta. Valoramos tu elección como cliente en BanCoppel y esperamos seguir siendo tu elección para futuras compras. ¡Siempre estaremos aquí para ayudarte!,1
0502253260,CierreMasivo 06Feb25,1,6,[ Hemos atendido tu aclaración y abonado el importe reclamado a tu cuenta. Valoramos tu elección como cliente en BanCoppel y esperamos seguir siendo tu elección para futuras compras. ¡Siempre estaremos aquí para ayudarte!,1
0502253171,CierreMasivo 06Feb25,1,6,[ Hemos atendido tu aclaración y abonado el importe reclamado a tu cuenta. Valoramos tu elección como cliente en BanCoppel y esperamos seguir siendo tu elección para futuras compras. ¡Siempre estaremos aquí para ayudarte!,1
0502253387,CierreMasivo 06Feb25,1,6,[ Hemos atendido tu aclaración y abonado el importe reclamado a tu cuenta. Valoramos tu elección como cliente en BanCoppel y esperamos seguir siendo tu elección para futuras compras. ¡Siempre estaremos aquí para ayudarte!,1
0502253367,CierreMasivo 06Feb25,1,6,[ Hemos atendido tu aclaración y abonado el importe reclamado a tu cuenta. Valoramos tu elección como cliente en BanCoppel y esperamos seguir siendo tu elección para futuras compras. ¡Siempre estaremos aquí para ayudarte!,1
0502253413,CierreMasivo 06Feb25,1,6,[ Hemos atendido tu aclaración y abonado el importe reclamado a tu cuenta. Valoramos tu elección como cliente en BanCoppel y esperamos seguir siendo tu elección para futuras compras. ¡Siempre estaremos aquí para ayudarte!,1
0502253401,CierreMasivo 06Feb25,1,6,[ Hemos atendido tu aclaración y abonado el importe reclamado a tu cuenta. Valoramos tu elección como cliente en BanCoppel y esperamos seguir siendo tu elección para futuras compras. ¡Siempre estaremos aquí para ayudarte!,1
0502253342,CierreMasivo 06Feb25,1,6,[ Hemos atendido tu aclaración y abonado el importe reclamado a tu cuenta. Valoramos tu elección como cliente en BanCoppel y esperamos seguir siendo tu elección para futuras compras. ¡Siempre estaremos aquí para ayudarte!,1
0502253439,CierreMasivo 06Feb25,1,6,[ Hemos atendido tu aclaración y abonado el importe reclamado a tu cuenta. Valoramos tu elección como cliente en BanCoppel y esperamos seguir siendo tu elección para futuras compras. ¡Siempre estaremos aquí para ayudarte!,1
0502253463,CierreMasivo 06Feb25,1,6,[ Hemos atendido tu aclaración y abonado el importe reclamado a tu cuenta. Valoramos tu elección como cliente en BanCoppel y esperamos seguir siendo tu elección para futuras compras. ¡Siempre estaremos aquí para ayudarte!,1
0502251534,CierreMasivo 06Feb25,1,6,[ Hemos atendido tu aclaración y abonado el importe reclamado a tu cuenta. Valoramos tu elección como cliente en BanCoppel y esperamos seguir siendo tu elección para futuras compras. ¡Siempre estaremos aquí para ayudarte!,1
0502251556,CierreMasivo 06Feb25,1,6,[ Hemos atendido tu aclaración y abonado el importe reclamado a tu cuenta. Valoramos tu elección como cliente en BanCoppel y esperamos seguir siendo tu elección para futuras compras. ¡Siempre estaremos aquí para ayudarte!,1
0502251579,CierreMasivo 06Feb25,1,6,[ Hemos atendido tu aclaración y abonado el importe reclamado a tu cuenta. Valoramos tu elección como cliente en BanCoppel y esperamos seguir siendo tu elección para futuras compras. ¡Siempre estaremos aquí para ayudarte!,1
0502251568,CierreMasivo 06Feb25,1,6,[ Hemos atendido tu aclaración y abonado el importe reclamado a tu cuenta. Valoramos tu elección como cliente en BanCoppel y esperamos seguir siendo tu elección para futuras compras. ¡Siempre estaremos aquí para ayudarte!,1
0502251523,CierreMasivo 06Feb25,1,6,[ Hemos atendido tu aclaración y abonado el importe reclamado a tu cuenta. Valoramos tu elección como cliente en BanCoppel y esperamos seguir siendo tu elección para futuras compras. ¡Siempre estaremos aquí para ayudarte!,1
0502251904,CierreMasivo 06Feb25,1,6,[ Hemos atendido tu aclaración y abonado el importe reclamado a tu cuenta. Valoramos tu elección como cliente en BanCoppel y esperamos seguir siendo tu elección para futuras compras. ¡Siempre estaremos aquí para ayudarte!,1
0502251912,CierreMasivo 06Feb25,1,6,[ Hemos atendido tu aclaración y abonado el importe reclamado a tu cuenta. Valoramos tu elección como cliente en BanCoppel y esperamos seguir siendo tu elección para futuras compras. ¡Siempre estaremos aquí para ayudarte!,1
0502250841,CierreMasivo 06Feb25,1,6,[ Hemos atendido tu aclaración y abonado el importe reclamado a tu cuenta. Valoramos tu elección como cliente en BanCoppel y esperamos seguir siendo tu elección para futuras compras. ¡Siempre estaremos aquí para ayudarte!,1
0502250667,CierreMasivo 06Feb25,1,6,[ Hemos atendido tu aclaración y abonado el importe reclamado a tu cuenta. Valoramos tu elección como cliente en BanCoppel y esperamos seguir siendo tu elección para futuras compras. ¡Siempre estaremos aquí para ayudarte!,1
0502250745,CierreMasivo 06Feb25,1,6,[ Hemos atendido tu aclaración y abonado el importe reclamado a tu cuenta. Valoramos tu elección como cliente en BanCoppel y esperamos seguir siendo tu elección para futuras compras. ¡Siempre estaremos aquí para ayudarte!,1
0502252736,CierreMasivo 06Feb25,1,6,[ Hemos atendido tu aclaración y abonado el importe reclamado a tu cuenta. Valoramos tu elección como cliente en BanCoppel y esperamos seguir siendo tu elección para futuras compras. ¡Siempre estaremos aquí para ayudarte!,1
0502250842,CierreMasivo 06Feb25,1,6,[ Hemos atendido tu aclaración y abonado el importe reclamado a tu cuenta. Valoramos tu elección como cliente en BanCoppel y esperamos seguir siendo tu elección para futuras compras. ¡Siempre estaremos aquí para ayudarte!,1
0502250857,CierreMasivo 06Feb25,1,6,[ Hemos atendido tu aclaración y abonado el importe reclamado a tu cuenta. Valoramos tu elección como cliente en BanCoppel y esperamos seguir siendo tu elección para futuras compras. ¡Siempre estaremos aquí para ayudarte!,1
0502250871,CierreMasivo 06Feb25,1,6,[ Hemos atendido tu aclaración y abonado el importe reclamado a tu cuenta. Valoramos tu elección como cliente en BanCoppel y esperamos seguir siendo tu elección para futuras compras. ¡Siempre estaremos aquí para ayudarte!,1
0502250897,CierreMasivo 06Feb25,1,6,[ Hemos atendido tu aclaración y abonado el importe reclamado a tu cuenta. Valoramos tu elección como cliente en BanCoppel y esperamos seguir siendo tu elección para futuras compras. ¡Siempre estaremos aquí para ayudarte!,1
0502252630,CierreMasivo 06Feb25,1,6,[ Hemos atendido tu aclaración y abonado el importe reclamado a tu cuenta. Valoramos tu elección como cliente en BanCoppel y esperamos seguir siendo tu elección para futuras compras. ¡Siempre estaremos aquí para ayudarte!,1
0502252993,CierreMasivo 06Feb25,1,6,[ Hemos atendido tu aclaración y abonado el importe reclamado a tu cuenta. Valoramos tu elección como cliente en BanCoppel y esperamos seguir siendo tu elección para futuras compras. ¡Siempre estaremos aquí para ayudarte!,1
0502252482,CierreMasivo 06Feb25,1,6,[ Hemos atendido tu aclaración y abonado el importe reclamado a tu cuenta. Valoramos tu elección como cliente en BanCoppel y esperamos seguir siendo tu elección para futuras compras. ¡Siempre estaremos aquí para ayudarte!,1
0502252493,CierreMasivo 06Feb25,1,6,[ Hemos atendido tu aclaración y abonado el importe reclamado a tu cuenta. Valoramos tu elección como cliente en BanCoppel y esperamos seguir siendo tu elección para futuras compras. ¡Siempre estaremos aquí para ayudarte!,1
0502252501,CierreMasivo 06Feb25,1,6,[ Hemos atendido tu aclaración y abonado el importe reclamado a tu cuenta. Valoramos tu elección como cliente en BanCoppel y esperamos seguir siendo tu elección para futuras compras. ¡Siempre estaremos aquí para ayudarte!,1
0502253096,CierreMasivo 06Feb25,1,6,[ Hemos atendido tu aclaración y abonado el importe reclamado a tu cuenta. Valoramos tu elección como cliente en BanCoppel y esperamos seguir siendo tu elección para futuras compras. ¡Siempre estaremos aquí para ayudarte!,1
0502250566,CierreMasivo 06Feb25,1,6,[ Hemos atendido tu aclaración y abonado el importe reclamado a tu cuenta. Valoramos tu elección como cliente en BanCoppel y esperamos seguir siendo tu elección para futuras compras. ¡Siempre estaremos aquí para ayudarte!,1
0502250727,CierreMasivo 06Feb25,1,6,[ Hemos atendido tu aclaración y abonado el importe reclamado a tu cuenta. Valoramos tu elección como cliente en BanCoppel y esperamos seguir siendo tu elección para futuras compras. ¡Siempre estaremos aquí para ayudarte!,1
0502250635,CierreMasivo 06Feb25,1,6,[ Hemos atendido tu aclaración y abonado el importe reclamado a tu cuenta. Valoramos tu elección como cliente en BanCoppel y esperamos seguir siendo tu elección para futuras compras. ¡Siempre estaremos aquí para ayudarte!,1
0502253459,CierreMasivo 06Feb25,1,6,[ Hemos atendido tu aclaración y abonado el importe reclamado a tu cuenta. Valoramos tu elección como cliente en BanCoppel y esperamos seguir siendo tu elección para futuras compras. ¡Siempre estaremos aquí para ayudarte!,1
0502251805,CierreMasivo 06Feb25,1,6,[ Hemos atendido tu aclaración y abonado el importe reclamado a tu cuenta. Valoramos tu elección como cliente en BanCoppel y esperamos seguir siendo tu elección para futuras compras. ¡Siempre estaremos aquí para ayudarte!,1
0502253403,CierreMasivo 06Feb25,1,6,[ Hemos atendido tu aclaración y abonado el importe reclamado a tu cuenta. Valoramos tu elección como cliente en BanCoppel y esperamos seguir siendo tu elección para futuras compras. ¡Siempre estaremos aquí para ayudarte!,1
0502252096,CierreMasivo 06Feb25,1,6,[ Hemos atendido tu aclaración y abonado el importe reclamado a tu cuenta. Valoramos tu elección como cliente en BanCoppel y esperamos seguir siendo tu elección para futuras compras. ¡Siempre estaremos aquí para ayudarte!,1
0502251856,CierreMasivo 06Feb25,1,6,[ Hemos atendido tu aclaración y abonado el importe reclamado a tu cuenta. Valoramos tu elección como cliente en BanCoppel y esperamos seguir siendo tu elección para futuras compras. ¡Siempre estaremos aquí para ayudarte!,1
0502251864,CierreMasivo 06Feb25,1,6,[ Hemos atendido tu aclaración y abonado el importe reclamado a tu cuenta. Valoramos tu elección como cliente en BanCoppel y esperamos seguir siendo tu elección para futuras compras. ¡Siempre estaremos aquí para ayudarte!,1
0502250700,CierreMasivo 06Feb25,1,6,[ Hemos atendido tu aclaración y abonado el importe reclamado a tu cuenta. Valoramos tu elección como cliente en BanCoppel y esperamos seguir siendo tu elección para futuras compras. ¡Siempre estaremos aquí para ayudarte!,1
0502252988,CierreMasivo 06Feb25,1,6,[ Hemos atendido tu aclaración y abonado el importe reclamado a tu cuenta. Valoramos tu elección como cliente en BanCoppel y esperamos seguir siendo tu elección para futuras compras. ¡Siempre estaremos aquí para ayudarte!,1
0502252999,CierreMasivo 06Feb25,1,6,[ Hemos atendido tu aclaración y abonado el importe reclamado a tu cuenta. Valoramos tu elección como cliente en BanCoppel y esperamos seguir siendo tu elección para futuras compras. ¡Siempre estaremos aquí para ayudarte!,1
0502253497,CierreMasivo 06Feb25,1,6,[ Hemos atendido tu aclaración y abonado el importe reclamado a tu cuenta. Valoramos tu elección como cliente en BanCoppel y esperamos seguir siendo tu elección para futuras compras. ¡Siempre estaremos aquí para ayudarte!,1
0502253476,CierreMasivo 06Feb25,1,6,[ Hemos atendido tu aclaración y abonado el importe reclamado a tu cuenta. Valoramos tu elección como cliente en BanCoppel y esperamos seguir siendo tu elección para futuras compras. ¡Siempre estaremos aquí para ayudarte!,1
0502253462,CierreMasivo 06Feb25,1,6,[ Hemos atendido tu aclaración y abonado el importe reclamado a tu cuenta. Valoramos tu elección como cliente en BanCoppel y esperamos seguir siendo tu elección para futuras compras. ¡Siempre estaremos aquí para ayudarte!,1
0502253484,CierreMasivo 06Feb25,1,6,[ Hemos atendido tu aclaración y abonado el importe reclamado a tu cuenta. Valoramos tu elección como cliente en BanCoppel y esperamos seguir siendo tu elección para futuras compras. ¡Siempre estaremos aquí para ayudarte!,1
0502253501,CierreMasivo 06Feb25,1,6,[ Hemos atendido tu aclaración y abonado el importe reclamado a tu cuenta. Valoramos tu elección como cliente en BanCoppel y esperamos seguir siendo tu elección para futuras compras. ¡Siempre estaremos aquí para ayudarte!,1
0502253504,CierreMasivo 06Feb25,1,6,[ Hemos atendido tu aclaración y abonado el importe reclamado a tu cuenta. Valoramos tu elección como cliente en BanCoppel y esperamos seguir siendo tu elección para futuras compras. ¡Siempre estaremos aquí para ayudarte!,1
0502253450,CierreMasivo 06Feb25,1,6,[ Hemos atendido tu aclaración y abonado el importe reclamado a tu cuenta. Valoramos tu elección como cliente en BanCoppel y esperamos seguir siendo tu elección para futuras compras. ¡Siempre estaremos aquí para ayudarte!,1
0502253456,CierreMasivo 06Feb25,1,6,[ Hemos atendido tu aclaración y abonado el importe reclamado a tu cuenta. Valoramos tu elección como cliente en BanCoppel y esperamos seguir siendo tu elección para futuras compras. ¡Siempre estaremos aquí para ayudarte!,1
0502253478,CierreMasivo 06Feb25,1,6,[ Hemos atendido tu aclaración y abonado el importe reclamado a tu cuenta. Valoramos tu elección como cliente en BanCoppel y esperamos seguir siendo tu elección para futuras compras. ¡Siempre estaremos aquí para ayudarte!,1
0502252571,CierreMasivo 06Feb25,1,6,[ Hemos atendido tu aclaración y abonado el importe reclamado a tu cuenta. Valoramos tu elección como cliente en BanCoppel y esperamos seguir siendo tu elección para futuras compras. ¡Siempre estaremos aquí para ayudarte!,1
0502250211,CierreMasivo 06Feb25,1,6,[ Hemos atendido tu aclaración y abonado el importe reclamado a tu cuenta. Valoramos tu elección como cliente en BanCoppel y esperamos seguir siendo tu elección para futuras compras. ¡Siempre estaremos aquí para ayudarte!,1
0502251358,CierreMasivo 06Feb25,1,6,[ Hemos atendido tu aclaración y abonado el importe reclamado a tu cuenta. Valoramos tu elección como cliente en BanCoppel y esperamos seguir siendo tu elección para futuras compras. ¡Siempre estaremos aquí para ayudarte!,1
0502253492,CierreMasivo 06Feb25,1,6,[ Hemos atendido tu aclaración y abonado el importe reclamado a tu cuenta. Valoramos tu elección como cliente en BanCoppel y esperamos seguir siendo tu elección para futuras compras. ¡Siempre estaremos aquí para ayudarte!,1
0502253479,CierreMasivo 06Feb25,1,6,[ Hemos atendido tu aclaración y abonado el importe reclamado a tu cuenta. Valoramos tu elección como cliente en BanCoppel y esperamos seguir siendo tu elección para futuras compras. ¡Siempre estaremos aquí para ayudarte!,1
0502250307,CierreMasivo 06Feb25,1,6,[ Hemos atendido tu aclaración y abonado el importe reclamado a tu cuenta. Valoramos tu elección como cliente en BanCoppel y esperamos seguir siendo tu elección para futuras compras. ¡Siempre estaremos aquí para ayudarte!,1
0502253301,CierreMasivo 06Feb25,1,6,[ Hemos atendido tu aclaración y abonado el importe reclamado a tu cuenta. Valoramos tu elección como cliente en BanCoppel y esperamos seguir siendo tu elección para futuras compras. ¡Siempre estaremos aquí para ayudarte!,1
0502253314,CierreMasivo 06Feb25,1,6,[ Hemos atendido tu aclaración y abonado el importe reclamado a tu cuenta. Valoramos tu elección como cliente en BanCoppel y esperamos seguir siendo tu elección para futuras compras. ¡Siempre estaremos aquí para ayudarte!,1
0502251679,CierreMasivo 06Feb25,1,6,[ Hemos atendido tu aclaración y abonado el importe reclamado a tu cuenta. Valoramos tu elección como cliente en BanCoppel y esperamos seguir siendo tu elección para futuras compras. ¡Siempre estaremos aquí para ayudarte!,1
0502251108,CierreMasivo 06Feb25,1,6,[ Hemos atendido tu aclaración y abonado el importe reclamado a tu cuenta. Valoramos tu elección como cliente en BanCoppel y esperamos seguir siendo tu elección para futuras compras. ¡Siempre estaremos aquí para ayudarte!,1
0502251151,CierreMasivo 06Feb25,1,6,[ Hemos atendido tu aclaración y abonado el importe reclamado a tu cuenta. Valoramos tu elección como cliente en BanCoppel y esperamos seguir siendo tu elección para futuras compras. ¡Siempre estaremos aquí para ayudarte!,1
0502251069,CierreMasivo 06Feb25,1,6,[ Hemos atendido tu aclaración y abonado el importe reclamado a tu cuenta. Valoramos tu elección como cliente en BanCoppel y esperamos seguir siendo tu elección para futuras compras. ¡Siempre estaremos aquí para ayudarte!,1
0502251051,CierreMasivo 06Feb25,1,6,[ Hemos atendido tu aclaración y abonado el importe reclamado a tu cuenta. Valoramos tu elección como cliente en BanCoppel y esperamos seguir siendo tu elección para futuras compras. ¡Siempre estaremos aquí para ayudarte!,1
0502251185,CierreMasivo 06Feb25,1,6,[ Hemos atendido tu aclaración y abonado el importe reclamado a tu cuenta. Valoramos tu elección como cliente en BanCoppel y esperamos seguir siendo tu elección para futuras compras. ¡Siempre estaremos aquí para ayudarte!,1
0502251814,CierreMasivo 06Feb25,1,6,[ Hemos atendido tu aclaración y abonado el importe reclamado a tu cuenta. Valoramos tu elección como cliente en BanCoppel y esperamos seguir siendo tu elección para futuras compras. ¡Siempre estaremos aquí para ayudarte!,1
0502250703,CierreMasivo 06Feb25,1,6,[ Hemos atendido tu aclaración y abonado el importe reclamado a tu cuenta. Valoramos tu elección como cliente en BanCoppel y esperamos seguir siendo tu elección para futuras compras. ¡Siempre estaremos aquí para ayudarte!,1
0502250724,CierreMasivo 06Feb25,1,6,[ Hemos atendido tu aclaración y abonado el importe reclamado a tu cuenta. Valoramos tu elección como cliente en BanCoppel y esperamos seguir siendo tu elección para futuras compras. ¡Siempre estaremos aquí para ayudarte!,1
0502250762,CierreMasivo 06Feb25,1,6,[ Hemos atendido tu aclaración y abonado el importe reclamado a tu cuenta. Valoramos tu elección como cliente en BanCoppel y esperamos seguir siendo tu elección para futuras compras. ¡Siempre estaremos aquí para ayudarte!,1
0502253541,CierreMasivo 06Feb25,1,6,[ Hemos atendido tu aclaración y abonado el importe reclamado a tu cuenta. Valoramos tu elección como cliente en BanCoppel y esperamos seguir siendo tu elección para futuras compras. ¡Siempre estaremos aquí para ayudarte!,1
0502253537,CierreMasivo 06Feb25,1,6,[ Hemos atendido tu aclaración y abonado el importe reclamado a tu cuenta. Valoramos tu elección como cliente en BanCoppel y esperamos seguir siendo tu elección para futuras compras. ¡Siempre estaremos aquí para ayudarte!,1
0502252892,CierreMasivo 06Feb25,1,6,[ Hemos atendido tu aclaración y abonado el importe reclamado a tu cuenta. Valoramos tu elección como cliente en BanCoppel y esperamos seguir siendo tu elección para futuras compras. ¡Siempre estaremos aquí para ayudarte!,1
0502250604,CierreMasivo 06Feb25,1,6,[ Hemos atendido tu aclaración y abonado el importe reclamado a tu cuenta. Valoramos tu elección como cliente en BanCoppel y esperamos seguir siendo tu elección para futuras compras. ¡Siempre estaremos aquí para ayudarte!,1
0502250671,CierreMasivo 06Feb25,1,6,[ Hemos atendido tu aclaración y abonado el importe reclamado a tu cuenta. Valoramos tu elección como cliente en BanCoppel y esperamos seguir siendo tu elección para futuras compras. ¡Siempre estaremos aquí para ayudarte!,1
0502250651,CierreMasivo 06Feb25,1,6,[ Hemos atendido tu aclaración y abonado el importe reclamado a tu cuenta. Valoramos tu elección como cliente en BanCoppel y esperamos seguir siendo tu elección para futuras compras. ¡Siempre estaremos aquí para ayudarte!,1
0502250403,CierreMasivo 06Feb25,1,6,[ Hemos atendido tu aclaración y abonado el importe reclamado a tu cuenta. Valoramos tu elección como cliente en BanCoppel y esperamos seguir siendo tu elección para futuras compras. ¡Siempre estaremos aquí para ayudarte!,1
0502251425,CierreMasivo 06Feb25,1,6,[ Hemos atendido tu aclaración y abonado el importe reclamado a tu cuenta. Valoramos tu elección como cliente en BanCoppel y esperamos seguir siendo tu elección para futuras compras. ¡Siempre estaremos aquí para ayudarte!,1
0502251850,CierreMasivo 06Feb25,1,6,[ Hemos atendido tu aclaración y abonado el importe reclamado a tu cuenta. Valoramos tu elección como cliente en BanCoppel y esperamos seguir siendo tu elección para futuras compras. ¡Siempre estaremos aquí para ayudarte!,1
0502251873,CierreMasivo 06Feb25,1,6,[ Hemos atendido tu aclaración y abonado el importe reclamado a tu cuenta. Valoramos tu elección como cliente en BanCoppel y esperamos seguir siendo tu elección para futuras compras. ¡Siempre estaremos aquí para ayudarte!,1
0502251892,CierreMasivo 06Feb25,1,6,[ Hemos atendido tu aclaración y abonado el importe reclamado a tu cuenta. Valoramos tu elección como cliente en BanCoppel y esperamos seguir siendo tu elección para futuras compras. ¡Siempre estaremos aquí para ayudarte!,1
0502251910,CierreMasivo 06Feb25,1,6,[ Hemos atendido tu aclaración y abonado el importe reclamado a tu cuenta. Valoramos tu elección como cliente en BanCoppel y esperamos seguir siendo tu elección para futuras compras. ¡Siempre estaremos aquí para ayudarte!,1
0502251928,CierreMasivo 06Feb25,1,6,[ Hemos atendido tu aclaración y abonado el importe reclamado a tu cuenta. Valoramos tu elección como cliente en BanCoppel y esperamos seguir siendo tu elección para futuras compras. ¡Siempre estaremos aquí para ayudarte!,1
0502251881,CierreMasivo 06Feb25,1,6,[ Hemos atendido tu aclaración y abonado el importe reclamado a tu cuenta. Valoramos tu elección como cliente en BanCoppel y esperamos seguir siendo tu elección para futuras compras. ¡Siempre estaremos aquí para ayudarte!,1
0502250146,CierreMasivo 06Feb25,1,6,[ Hemos atendido tu aclaración y abonado el importe reclamado a tu cuenta. Valoramos tu elección como cliente en BanCoppel y esperamos seguir siendo tu elección para futuras compras. ¡Siempre estaremos aquí para ayudarte!,1
0502250153,CierreMasivo 06Feb25,1,6,[ Hemos atendido tu aclaración y abonado el importe reclamado a tu cuenta. Valoramos tu elección como cliente en BanCoppel y esperamos seguir siendo tu elección para futuras compras. ¡Siempre estaremos aquí para ayudarte!,1
0502250133,CierreMasivo 06Feb25,1,6,[ Hemos atendido tu aclaración y abonado el importe reclamado a tu cuenta. Valoramos tu elección como cliente en BanCoppel y esperamos seguir siendo tu elección para futuras compras. ¡Siempre estaremos aquí para ayudarte!,1
0502250135,CierreMasivo 06Feb25,1,6,[ Hemos atendido tu aclaración y abonado el importe reclamado a tu cuenta. Valoramos tu elección como cliente en BanCoppel y esperamos seguir siendo tu elección para futuras compras. ¡Siempre estaremos aquí para ayudarte!,1
0502250627,CierreMasivo 06Feb25,1,6,[ Hemos atendido tu aclaración y abonado el importe reclamado a tu cuenta. Valoramos tu elección como cliente en BanCoppel y esperamos seguir siendo tu elección para futuras compras. ¡Siempre estaremos aquí para ayudarte!,1
0502251083,CierreMasivo 06Feb25,1,6,[ Hemos atendido tu aclaración y abonado el importe reclamado a tu cuenta. Valoramos tu elección como cliente en BanCoppel y esperamos seguir siendo tu elección para futuras compras. ¡Siempre estaremos aquí para ayudarte!,1
0502251122,CierreMasivo 06Feb25,1,6,[ Hemos atendido tu aclaración y abonado el importe reclamado a tu cuenta. Valoramos tu elección como cliente en BanCoppel y esperamos seguir siendo tu elección para futuras compras. ¡Siempre estaremos aquí para ayudarte!,1
0502251779,CierreMasivo 06Feb25,1,6,[ Hemos atendido tu aclaración y abonado el importe reclamado a tu cuenta. Valoramos tu elección como cliente en BanCoppel y esperamos seguir siendo tu elección para futuras compras. ¡Siempre estaremos aquí para ayudarte!,1
0502251732,CierreMasivo 06Feb25,1,6,[ Hemos atendido tu aclaración y abonado el importe reclamado a tu cuenta. Valoramos tu elección como cliente en BanCoppel y esperamos seguir siendo tu elección para futuras compras. ¡Siempre estaremos aquí para ayudarte!,1
0502251763,CierreMasivo 06Feb25,1,6,[ Hemos atendido tu aclaración y abonado el importe reclamado a tu cuenta. Valoramos tu elección como cliente en BanCoppel y esperamos seguir siendo tu elección para futuras compras. ¡Siempre estaremos aquí para ayudarte!,1
0502252751,CierreMasivo 06Feb25,1,6,[ Hemos atendido tu aclaración y abonado el importe reclamado a tu cuenta. Valoramos tu elección como cliente en BanCoppel y esperamos seguir siendo tu elección para futuras compras. ¡Siempre estaremos aquí para ayudarte!,1
0502252656,CierreMasivo 06Feb25,1,6,[ Hemos atendido tu aclaración y abonado el importe reclamado a tu cuenta. Valoramos tu elección como cliente en BanCoppel y esperamos seguir siendo tu elección para futuras compras. ¡Siempre estaremos aquí para ayudarte!,1
0502252607,CierreMasivo 06Feb25,1,6,[ Hemos atendido tu aclaración y abonado el importe reclamado a tu cuenta. Valoramos tu elección como cliente en BanCoppel y esperamos seguir siendo tu elección para futuras compras. ¡Siempre estaremos aquí para ayudarte!,1
0502252724,CierreMasivo 06Feb25,1,6,[ Hemos atendido tu aclaración y abonado el importe reclamado a tu cuenta. Valoramos tu elección como cliente en BanCoppel y esperamos seguir siendo tu elección para futuras compras. ¡Siempre estaremos aquí para ayudarte!,1
0502252620,CierreMasivo 06Feb25,1,6,[ Hemos atendido tu aclaración y abonado el importe reclamado a tu cuenta. Valoramos tu elección como cliente en BanCoppel y esperamos seguir siendo tu elección para futuras compras. ¡Siempre estaremos aquí para ayudarte!,1
0502252704,CierreMasivo 06Feb25,1,6,[ Hemos atendido tu aclaración y abonado el importe reclamado a tu cuenta. Valoramos tu elección como cliente en BanCoppel y esperamos seguir siendo tu elección para futuras compras. ¡Siempre estaremos aquí para ayudarte!,1
0502252791,CierreMasivo 06Feb25,1,6,[ Hemos atendido tu aclaración y abonado el importe reclamado a tu cuenta. Valoramos tu elección como cliente en BanCoppel y esperamos seguir siendo tu elección para futuras compras. ¡Siempre estaremos aquí para ayudarte!,1
0502252674,CierreMasivo 06Feb25,1,6,[ Hemos atendido tu aclaración y abonado el importe reclamado a tu cuenta. Valoramos tu elección como cliente en BanCoppel y esperamos seguir siendo tu elección para futuras compras. ¡Siempre estaremos aquí para ayudarte!,1
0502252712,CierreMasivo 06Feb25,1,6,[ Hemos atendido tu aclaración y abonado el importe reclamado a tu cuenta. Valoramos tu elección como cliente en BanCoppel y esperamos seguir siendo tu elección para futuras compras. ¡Siempre estaremos aquí para ayudarte!,1
0502252637,CierreMasivo 06Feb25,1,6,[ Hemos atendido tu aclaración y abonado el importe reclamado a tu cuenta. Valoramos tu elección como cliente en BanCoppel y esperamos seguir siendo tu elección para futuras compras. ¡Siempre estaremos aquí para ayudarte!,1
0502252693,CierreMasivo 06Feb25,1,6,[ Hemos atendido tu aclaración y abonado el importe reclamado a tu cuenta. Valoramos tu elección como cliente en BanCoppel y esperamos seguir siendo tu elección para futuras compras. ¡Siempre estaremos aquí para ayudarte!,1
0502252762,CierreMasivo 06Feb25,1,6,[ Hemos atendido tu aclaración y abonado el importe reclamado a tu cuenta. Valoramos tu elección como cliente en BanCoppel y esperamos seguir siendo tu elección para futuras compras. ¡Siempre estaremos aquí para ayudarte!,1
0502250896,CierreMasivo 06Feb25,1,6,[ Hemos atendido tu aclaración y abonado el importe reclamado a tu cuenta. Valoramos tu elección como cliente en BanCoppel y esperamos seguir siendo tu elección para futuras compras. ¡Siempre estaremos aquí para ayudarte!,1
0502250866,CierreMasivo 06Feb25,1,6,[ Hemos atendido tu aclaración y abonado el importe reclamado a tu cuenta. Valoramos tu elección como cliente en BanCoppel y esperamos seguir siendo tu elección para futuras compras. ¡Siempre estaremos aquí para ayudarte!,1
0502250881,CierreMasivo 06Feb25,1,6,[ Hemos atendido tu aclaración y abonado el importe reclamado a tu cuenta. Valoramos tu elección como cliente en BanCoppel y esperamos seguir siendo tu elección para futuras compras. ¡Siempre estaremos aquí para ayudarte!,1
0502250909,CierreMasivo 06Feb25,1,6,[ Hemos atendido tu aclaración y abonado el importe reclamado a tu cuenta. Valoramos tu elección como cliente en BanCoppel y esperamos seguir siendo tu elección para futuras compras. ¡Siempre estaremos aquí para ayudarte!,1
0502250092,CierreMasivo 06Feb25,1,6,[ Hemos atendido tu aclaración y abonado el importe reclamado a tu cuenta. Valoramos tu elección como cliente en BanCoppel y esperamos seguir siendo tu elección para futuras compras. ¡Siempre estaremos aquí para ayudarte!,1
0502250083,CierreMasivo 06Feb25,1,6,[ Hemos atendido tu aclaración y abonado el importe reclamado a tu cuenta. Valoramos tu elección como cliente en BanCoppel y esperamos seguir siendo tu elección para futuras compras. ¡Siempre estaremos aquí para ayudarte!,1
0502251878,CierreMasivo 06Feb25,1,6,[ Hemos atendido tu aclaración y abonado el importe reclamado a tu cuenta. Valoramos tu elección como cliente en BanCoppel y esperamos seguir siendo tu elección para futuras compras. ¡Siempre estaremos aquí para ayudarte!,1
0502251898,CierreMasivo 06Feb25,1,6,[ Hemos atendido tu aclaración y abonado el importe reclamado a tu cuenta. Valoramos tu elección como cliente en BanCoppel y esperamos seguir siendo tu elección para futuras compras. ¡Siempre estaremos aquí para ayudarte!,1
0502251917,CierreMasivo 06Feb25,1,6,[ Hemos atendido tu aclaración y abonado el importe reclamado a tu cuenta. Valoramos tu elección como cliente en BanCoppel y esperamos seguir siendo tu elección para futuras compras. ¡Siempre estaremos aquí para ayudarte!,1
0502250743,CierreMasivo 06Feb25,1,6,[ Hemos atendido tu aclaración y abonado el importe reclamado a tu cuenta. Valoramos tu elección como cliente en BanCoppel y esperamos seguir siendo tu elección para futuras compras. ¡Siempre estaremos aquí para ayudarte!,1
0502251384,CierreMasivo 06Feb25,1,6,[ Hemos atendido tu aclaración y abonado el importe reclamado a tu cuenta. Valoramos tu elección como cliente en BanCoppel y esperamos seguir siendo tu elección para futuras compras. ¡Siempre estaremos aquí para ayudarte!,1
0502251375,CierreMasivo 06Feb25,1,6,[ Hemos atendido tu aclaración y abonado el importe reclamado a tu cuenta. Valoramos tu elección como cliente en BanCoppel y esperamos seguir siendo tu elección para futuras compras. ¡Siempre estaremos aquí para ayudarte!,1
0502250340,CierreMasivo 06Feb25,1,6,[ Hemos atendido tu aclaración y abonado el importe reclamado a tu cuenta. Valoramos tu elección como cliente en BanCoppel y esperamos seguir siendo tu elección para futuras compras. ¡Siempre estaremos aquí para ayudarte!,1
0502251374,CierreMasivo 06Feb25,1,6,[ Hemos atendido tu aclaración y abonado el importe reclamado a tu cuenta. Valoramos tu elección como cliente en BanCoppel y esperamos seguir siendo tu elección para futuras compras. ¡Siempre estaremos aquí para ayudarte!,1
0502251403,CierreMasivo 06Feb25,1,6,[ Hemos atendido tu aclaración y abonado el importe reclamado a tu cuenta. Valoramos tu elección como cliente en BanCoppel y esperamos seguir siendo tu elección para futuras compras. ¡Siempre estaremos aquí para ayudarte!,1
0502251385,CierreMasivo 06Feb25,1,6,[ Hemos atendido tu aclaración y abonado el importe reclamado a tu cuenta. Valoramos tu elección como cliente en BanCoppel y esperamos seguir siendo tu elección para futuras compras. ¡Siempre estaremos aquí para ayudarte!,1
0502251380,CierreMasivo 06Feb25,1,6,[ Hemos atendido tu aclaración y abonado el importe reclamado a tu cuenta. Valoramos tu elección como cliente en BanCoppel y esperamos seguir siendo tu elección para futuras compras. ¡Siempre estaremos aquí para ayudarte!,1
0502252095,CierreMasivo 06Feb25,1,6,[ Hemos atendido tu aclaración y abonado el importe reclamado a tu cuenta. Valoramos tu elección como cliente en BanCoppel y esperamos seguir siendo tu elección para futuras compras. ¡Siempre estaremos aquí para ayudarte!,1
0502250249,CierreMasivo 06Feb25,1,6,[ Hemos atendido tu aclaración y abonado el importe reclamado a tu cuenta. Valoramos tu elección como cliente en BanCoppel y esperamos seguir siendo tu elección para futuras compras. ¡Siempre estaremos aquí para ayudarte!,1
0502251697,CierreMasivo 06Feb25,1,6,[ Hemos atendido tu aclaración y abonado el importe reclamado a tu cuenta. Valoramos tu elección como cliente en BanCoppel y esperamos seguir siendo tu elección para futuras compras. ¡Siempre estaremos aquí para ayudarte!,1
0502251733,CierreMasivo 06Feb25,1,6,[ Hemos atendido tu aclaración y abonado el importe reclamado a tu cuenta. Valoramos tu elección como cliente en BanCoppel y esperamos seguir siendo tu elección para futuras compras. ¡Siempre estaremos aquí para ayudarte!,1
0502250753,CierreMasivo 06Feb25,1,6,[ Hemos atendido tu aclaración y abonado el importe reclamado a tu cuenta. Valoramos tu elección como cliente en BanCoppel y esperamos seguir siendo tu elección para futuras compras. ¡Siempre estaremos aquí para ayudarte!,1
0502251484,CierreMasivo 06Feb25,1,6,[ Hemos atendido tu aclaración y abonado el importe reclamado a tu cuenta. Valoramos tu elección como cliente en BanCoppel y esperamos seguir siendo tu elección para futuras compras. ¡Siempre estaremos aquí para ayudarte!,1
0502250077,CierreMasivo 06Feb25,1,6,[ Hemos atendido tu aclaración y abonado el importe reclamado a tu cuenta. Valoramos tu elección como cliente en BanCoppel y esperamos seguir siendo tu elección para futuras compras. ¡Siempre estaremos aquí para ayudarte!,1
0502250080,CierreMasivo 06Feb25,1,6,[ Hemos atendido tu aclaración y abonado el importe reclamado a tu cuenta. Valoramos tu elección como cliente en BanCoppel y esperamos seguir siendo tu elección para futuras compras. ¡Siempre estaremos aquí para ayudarte!,1
0502250087,CierreMasivo 06Feb25,1,6,[ Hemos atendido tu aclaración y abonado el importe reclamado a tu cuenta. Valoramos tu elección como cliente en BanCoppel y esperamos seguir siendo tu elección para futuras compras. ¡Siempre estaremos aquí para ayudarte!,1
0502250097,CierreMasivo 06Feb25,1,6,[ Hemos atendido tu aclaración y abonado el importe reclamado a tu cuenta. Valoramos tu elección como cliente en BanCoppel y esperamos seguir siendo tu elección para futuras compras. ¡Siempre estaremos aquí para ayudarte!,1
0502250109,CierreMasivo 06Feb25,1,6,[ Hemos atendido tu aclaración y abonado el importe reclamado a tu cuenta. Valoramos tu elección como cliente en BanCoppel y esperamos seguir siendo tu elección para futuras compras. ¡Siempre estaremos aquí para ayudarte!,1
0502250114,CierreMasivo 06Feb25,1,6,[ Hemos atendido tu aclaración y abonado el importe reclamado a tu cuenta. Valoramos tu elección como cliente en BanCoppel y esperamos seguir siendo tu elección para futuras compras. ¡Siempre estaremos aquí para ayudarte!,1
0502250118,CierreMasivo 06Feb25,1,6,[ Hemos atendido tu aclaración y abonado el importe reclamado a tu cuenta. Valoramos tu elección como cliente en BanCoppel y esperamos seguir siendo tu elección para futuras compras. ¡Siempre estaremos aquí para ayudarte!,1
0502250126,CierreMasivo 06Feb25,1,6,[ Hemos atendido tu aclaración y abonado el importe reclamado a tu cuenta. Valoramos tu elección como cliente en BanCoppel y esperamos seguir siendo tu elección para futuras compras. ¡Siempre estaremos aquí para ayudarte!,1
0502250103,CierreMasivo 06Feb25,1,6,[ Hemos atendido tu aclaración y abonado el importe reclamado a tu cuenta. Valoramos tu elección como cliente en BanCoppel y esperamos seguir siendo tu elección para futuras compras. ¡Siempre estaremos aquí para ayudarte!,1
0502250084,CierreMasivo 06Feb25,1,6,[ Hemos atendido tu aclaración y abonado el importe reclamado a tu cuenta. Valoramos tu elección como cliente en BanCoppel y esperamos seguir siendo tu elección para futuras compras. ¡Siempre estaremos aquí para ayudarte!,1
0502250269,CierreMasivo 06Feb25,1,6,[ Hemos atendido tu aclaración y abonado el importe reclamado a tu cuenta. Valoramos tu elección como cliente en BanCoppel y esperamos seguir siendo tu elección para futuras compras. ¡Siempre estaremos aquí para ayudarte!,1
0502252681,CierreMasivo 06Feb25,1,6,[ Hemos atendido tu aclaración y abonado el importe reclamado a tu cuenta. Valoramos tu elección como cliente en BanCoppel y esperamos seguir siendo tu elección para futuras compras. ¡Siempre estaremos aquí para ayudarte!,1
0502251323,CierreMasivo 06Feb25,1,6,[ Hemos atendido tu aclaración y abonado el importe reclamado a tu cuenta. Valoramos tu elección como cliente en BanCoppel y esperamos seguir siendo tu elección para futuras compras. ¡Siempre estaremos aquí para ayudarte!,1
0502252922,CierreMasivo 06Feb25,1,6,[ Hemos atendido tu aclaración y abonado el importe reclamado a tu cuenta. Valoramos tu elección como cliente en BanCoppel y esperamos seguir siendo tu elección para futuras compras. ¡Siempre estaremos aquí para ayudarte!,1
0502251109,CierreMasivo 06Feb25,1,6,[ Hemos atendido tu aclaración y abonado el importe reclamado a tu cuenta. Valoramos tu elección como cliente en BanCoppel y esperamos seguir siendo tu elección para futuras compras. ¡Siempre estaremos aquí para ayudarte!,1
0502251127,CierreMasivo 06Feb25,1,6,[ Hemos atendido tu aclaración y abonado el importe reclamado a tu cuenta. Valoramos tu elección como cliente en BanCoppel y esperamos seguir siendo tu elección para futuras compras. ¡Siempre estaremos aquí para ayudarte!,1
0502251154,CierreMasivo 06Feb25,1,6,[ Hemos atendido tu aclaración y abonado el importe reclamado a tu cuenta. Valoramos tu elección como cliente en BanCoppel y esperamos seguir siendo tu elección para futuras compras. ¡Siempre estaremos aquí para ayudarte!,1
0502251164,CierreMasivo 06Feb25,1,6,[ Hemos atendido tu aclaración y abonado el importe reclamado a tu cuenta. Valoramos tu elección como cliente en BanCoppel y esperamos seguir siendo tu elección para futuras compras. ¡Siempre estaremos aquí para ayudarte!,1
0502250967,CierreMasivo 06Feb25,1,6,[ Hemos atendido tu aclaración y abonado el importe reclamado a tu cuenta. Valoramos tu elección como cliente en BanCoppel y esperamos seguir siendo tu elección para futuras compras. ¡Siempre estaremos aquí para ayudarte!,1
0502251106,CierreMasivo 06Feb25,1,6,[ Hemos atendido tu aclaración y abonado el importe reclamado a tu cuenta. Valoramos tu elección como cliente en BanCoppel y esperamos seguir siendo tu elección para futuras compras. ¡Siempre estaremos aquí para ayudarte!,1
0502251094,CierreMasivo 06Feb25,1,6,[ Hemos atendido tu aclaración y abonado el importe reclamado a tu cuenta. Valoramos tu elección como cliente en BanCoppel y esperamos seguir siendo tu elección para futuras compras. ¡Siempre estaremos aquí para ayudarte!,1
0502250953,CierreMasivo 06Feb25,1,6,[ Hemos atendido tu aclaración y abonado el importe reclamado a tu cuenta. Valoramos tu elección como cliente en BanCoppel y esperamos seguir siendo tu elección para futuras compras. ¡Siempre estaremos aquí para ayudarte!,1
0502252938,CierreMasivo 06Feb25,1,6,[ Hemos atendido tu aclaración y abonado el importe reclamado a tu cuenta. Valoramos tu elección como cliente en BanCoppel y esperamos seguir siendo tu elección para futuras compras. ¡Siempre estaremos aquí para ayudarte!,1
0502253263,CierreMasivo 06Feb25,1,6,[ Hemos atendido tu aclaración y abonado el importe reclamado a tu cuenta. Valoramos tu elección como cliente en BanCoppel y esperamos seguir siendo tu elección para futuras compras. ¡Siempre estaremos aquí para ayudarte!,1
0502253276,CierreMasivo 06Feb25,1,6,[ Hemos atendido tu aclaración y abonado el importe reclamado a tu cuenta. Valoramos tu elección como cliente en BanCoppel y esperamos seguir siendo tu elección para futuras compras. ¡Siempre estaremos aquí para ayudarte!,1
0502250817,CierreMasivo 06Feb25,1,6,[ Hemos atendido tu aclaración y abonado el importe reclamado a tu cuenta. Valoramos tu elección como cliente en BanCoppel y esperamos seguir siendo tu elección para futuras compras. ¡Siempre estaremos aquí para ayudarte!,1
0502250031,CierreMasivo 06Feb25,1,6,[ Hemos atendido tu aclaración y abonado el importe reclamado a tu cuenta. Valoramos tu elección como cliente en BanCoppel y esperamos seguir siendo tu elección para futuras compras. ¡Siempre estaremos aquí para ayudarte!,1
0502253083,CierreMasivo 06Feb25,1,6,[ Hemos atendido tu aclaración y abonado el importe reclamado a tu cuenta. Valoramos tu elección como cliente en BanCoppel y esperamos seguir siendo tu elección para futuras compras. ¡Siempre estaremos aquí para ayudarte!,1
0502250885,CierreMasivo 06Feb25,1,6,[ Hemos atendido tu aclaración y abonado el importe reclamado a tu cuenta. Valoramos tu elección como cliente en BanCoppel y esperamos seguir siendo tu elección para futuras compras. ¡Siempre estaremos aquí para ayudarte!,1
0502251401,CierreMasivo 06Feb25,1,6,T+ Hemos atendido tu aclaración y abonado el importe reclamado a tu cuenta. Valoramos tu elección como cliente en BanCoppel y esperamos seguir siendo tu elección para futuras compras. ¡Siempre estaremos aquí para ayudarte!,1
0502251518,CierreMasivo 06Feb25,1,6,T+ Hemos atendido tu aclaración y abonado el importe reclamado a tu cuenta. Valoramos tu elección como cliente en BanCoppel y esperamos seguir siendo tu elección para futuras compras. ¡Siempre estaremos aquí para ayudarte!,1
0502251526,CierreMasivo 06Feb25,1,6,T+ Hemos atendido tu aclaración y abonado el importe reclamado a tu cuenta. Valoramos tu elección como cliente en BanCoppel y esperamos seguir siendo tu elección para futuras compras. ¡Siempre estaremos aquí para ayudarte!,1
0502251372,CierreMasivo 06Feb25,1,6,T+ Hemos atendido tu aclaración y abonado el importe reclamado a tu cuenta. Valoramos tu elección como cliente en BanCoppel y esperamos seguir siendo tu elección para futuras compras. ¡Siempre estaremos aquí para ayudarte!,1
0502251452,CierreMasivo 06Feb25,1,6,T+ Hemos atendido tu aclaración y abonado el importe reclamado a tu cuenta. Valoramos tu elección como cliente en BanCoppel y esperamos seguir siendo tu elección para futuras compras. ¡Siempre estaremos aquí para ayudarte!,1
0502251417,CierreMasivo 06Feb25,1,6,T+ Hemos atendido tu aclaración y abonado el importe reclamado a tu cuenta. Valoramos tu elección como cliente en BanCoppel y esperamos seguir siendo tu elección para futuras compras. ¡Siempre estaremos aquí para ayudarte!,1
0502251431,CierreMasivo 06Feb25,1,6,T+ Hemos atendido tu aclaración y abonado el importe reclamado a tu cuenta. Valoramos tu elección como cliente en BanCoppel y esperamos seguir siendo tu elección para futuras compras. ¡Siempre estaremos aquí para ayudarte!,1
0502251446,CierreMasivo 06Feb25,1,6,T+ Hemos atendido tu aclaración y abonado el importe reclamado a tu cuenta. Valoramos tu elección como cliente en BanCoppel y esperamos seguir siendo tu elección para futuras compras. ¡Siempre estaremos aquí para ayudarte!,1
0502251488,CierreMasivo 06Feb25,1,6,T+ Hemos atendido tu aclaración y abonado el importe reclamado a tu cuenta. Valoramos tu elección como cliente en BanCoppel y esperamos seguir siendo tu elección para futuras compras. ¡Siempre estaremos aquí para ayudarte!,1
0502251472,CierreMasivo 06Feb25,1,6,T+ Hemos atendido tu aclaración y abonado el importe reclamado a tu cuenta. Valoramos tu elección como cliente en BanCoppel y esperamos seguir siendo tu elección para futuras compras. ¡Siempre estaremos aquí para ayudarte!,1
0502251495,CierreMasivo 06Feb25,1,6,T+ Hemos atendido tu aclaración y abonado el importe reclamado a tu cuenta. Valoramos tu elección como cliente en BanCoppel y esperamos seguir siendo tu elección para futuras compras. ¡Siempre estaremos aquí para ayudarte!,1
0502251502,CierreMasivo 06Feb25,1,6,T+ Hemos atendido tu aclaración y abonado el importe reclamado a tu cuenta. Valoramos tu elección como cliente en BanCoppel y esperamos seguir siendo tu elección para futuras compras. ¡Siempre estaremos aquí para ayudarte!,1
0502253485,CierreMasivo 06Feb25,1,8,# Hemos atendido tu aclaración y abonado el importe reclamado a tu cuenta. Valoramos tu elección como cliente en BanCoppel y esperamos seguir siendo tu elección para futuras compras. ¡Siempre estaremos aquí para ayudarte!,1
0502250342,CierreMasivo 06Feb25,1,8,# Hemos atendido tu aclaración y abonado el importe reclamado a tu cuenta. Valoramos tu elección como cliente en BanCoppel y esperamos seguir siendo tu elección para futuras compras. ¡Siempre estaremos aquí para ayudarte!,1
0502250215,CierreMasivo 06Feb25,1,8,# Hemos atendido tu aclaración y abonado el importe reclamado a tu cuenta. Valoramos tu elección como cliente en BanCoppel y esperamos seguir siendo tu elección para futuras compras. ¡Siempre estaremos aquí para ayudarte!,1
0502250222,CierreMasivo 06Feb25,1,8,# Hemos atendido tu aclaración y abonado el importe reclamado a tu cuenta. Valoramos tu elección como cliente en BanCoppel y esperamos seguir siendo tu elección para futuras compras. ¡Siempre estaremos aquí para ayudarte!,1
0502250231,CierreMasivo 06Feb25,1,8,# Hemos atendido tu aclaración y abonado el importe reclamado a tu cuenta. Valoramos tu elección como cliente en BanCoppel y esperamos seguir siendo tu elección para futuras compras. ¡Siempre estaremos aquí para ayudarte!,1
0502250237,CierreMasivo 06Feb25,1,8,# Hemos atendido tu aclaración y abonado el importe reclamado a tu cuenta. Valoramos tu elección como cliente en BanCoppel y esperamos seguir siendo tu elección para futuras compras. ¡Siempre estaremos aquí para ayudarte!,1
0502250385,CierreMasivo 06Feb25,1,8,# Hemos atendido tu aclaración y abonado el importe reclamado a tu cuenta. Valoramos tu elección como cliente en BanCoppel y esperamos seguir siendo tu elección para futuras compras. ¡Siempre estaremos aquí para ayudarte!,1
0502250253,CierreMasivo 06Feb25,1,8,# Hemos atendido tu aclaración y abonado el importe reclamado a tu cuenta. Valoramos tu elección como cliente en BanCoppel y esperamos seguir siendo tu elección para futuras compras. ¡Siempre estaremos aquí para ayudarte!,1
0502250364,CierreMasivo 06Feb25,1,8,# Hemos atendido tu aclaración y abonado el importe reclamado a tu cuenta. Valoramos tu elección como cliente en BanCoppel y esperamos seguir siendo tu elección para futuras compras. ¡Siempre estaremos aquí para ayudarte!,1
0502250404,CierreMasivo 06Feb25,1,8,# Hemos atendido tu aclaración y abonado el importe reclamado a tu cuenta. Valoramos tu elección como cliente en BanCoppel y esperamos seguir siendo tu elección para futuras compras. ¡Siempre estaremos aquí para ayudarte!,1
0502250277,CierreMasivo 06Feb25,1,8,# Hemos atendido tu aclaración y abonado el importe reclamado a tu cuenta. Valoramos tu elección como cliente en BanCoppel y esperamos seguir siendo tu elección para futuras compras. ¡Siempre estaremos aquí para ayudarte!,1
0502250412,CierreMasivo 06Feb25,1,8,# Hemos atendido tu aclaración y abonado el importe reclamado a tu cuenta. Valoramos tu elección como cliente en BanCoppel y esperamos seguir siendo tu elección para futuras compras. ¡Siempre estaremos aquí para ayudarte!,1
0502250415,CierreMasivo 06Feb25,1,8,# Hemos atendido tu aclaración y abonado el importe reclamado a tu cuenta. Valoramos tu elección como cliente en BanCoppel y esperamos seguir siendo tu elección para futuras compras. ¡Siempre estaremos aquí para ayudarte!,1
0502250424,CierreMasivo 06Feb25,1,8,# Hemos atendido tu aclaración y abonado el importe reclamado a tu cuenta. Valoramos tu elección como cliente en BanCoppel y esperamos seguir siendo tu elección para futuras compras. ¡Siempre estaremos aquí para ayudarte!,1
0502250241,CierreMasivo 06Feb25,1,8,# Hemos atendido tu aclaración y abonado el importe reclamado a tu cuenta. Valoramos tu elección como cliente en BanCoppel y esperamos seguir siendo tu elección para futuras compras. ¡Siempre estaremos aquí para ayudarte!,1
0502250332,CierreMasivo 06Feb25,1,8,# Hemos atendido tu aclaración y abonado el importe reclamado a tu cuenta. Valoramos tu elección como cliente en BanCoppel y esperamos seguir siendo tu elección para futuras compras. ¡Siempre estaremos aquí para ayudarte!,1
0502250372,CierreMasivo 06Feb25,1,8,# Hemos atendido tu aclaración y abonado el importe reclamado a tu cuenta. Valoramos tu elección como cliente en BanCoppel y esperamos seguir siendo tu elección para futuras compras. ¡Siempre estaremos aquí para ayudarte!,1
0502250398,CierreMasivo 06Feb25,1,8,# Hemos atendido tu aclaración y abonado el importe reclamado a tu cuenta. Valoramos tu elección como cliente en BanCoppel y esperamos seguir siendo tu elección para futuras compras. ¡Siempre estaremos aquí para ayudarte!,1
0502250263,CierreMasivo 06Feb25,1,8,# Hemos atendido tu aclaración y abonado el importe reclamado a tu cuenta. Valoramos tu elección como cliente en BanCoppel y esperamos seguir siendo tu elección para futuras compras. ¡Siempre estaremos aquí para ayudarte!,1
0502250297,CierreMasivo 06Feb25,1,8,# Hemos atendido tu aclaración y abonado el importe reclamado a tu cuenta. Valoramos tu elección como cliente en BanCoppel y esperamos seguir siendo tu elección para futuras compras. ¡Siempre estaremos aquí para ayudarte!,1
0502250246,CierreMasivo 06Feb25,1,8,# Hemos atendido tu aclaración y abonado el importe reclamado a tu cuenta. Valoramos tu elección como cliente en BanCoppel y esperamos seguir siendo tu elección para futuras compras. ¡Siempre estaremos aquí para ayudarte!,1
0502252825,CierreMasivo 06Feb25,1,8,# Hemos atendido tu aclaración y abonado el importe reclamado a tu cuenta. Valoramos tu elección como cliente en BanCoppel y esperamos seguir siendo tu elección para futuras compras. ¡Siempre estaremos aquí para ayudarte!,1
0502251775,CierreMasivo 06Feb25,1,8,# Hemos atendido tu aclaración y abonado el importe reclamado a tu cuenta. Valoramos tu elección como cliente en BanCoppel y esperamos seguir siendo tu elección para futuras compras. ¡Siempre estaremos aquí para ayudarte!,1
0502251214,CierreMasivo 06Feb25,1,8,# Hemos atendido tu aclaración y abonado el importe reclamado a tu cuenta. Valoramos tu elección como cliente en BanCoppel y esperamos seguir siendo tu elección para futuras compras. ¡Siempre estaremos aquí para ayudarte!,1
0502250581,CierreMasivo 06Feb25,1,8,# Hemos atendido tu aclaración y abonado el importe reclamado a tu cuenta. Valoramos tu elección como cliente en BanCoppel y esperamos seguir siendo tu elección para futuras compras. ¡Siempre estaremos aquí para ayudarte!,1
0502252219,CierreMasivo 06Feb25,1,8,# Hemos atendido tu aclaración y abonado el importe reclamado a tu cuenta. Valoramos tu elección como cliente en BanCoppel y esperamos seguir siendo tu elección para futuras compras. ¡Siempre estaremos aquí para ayudarte!,1
0502252233,CierreMasivo 06Feb25,1,8,# Hemos atendido tu aclaración y abonado el importe reclamado a tu cuenta. Valoramos tu elección como cliente en BanCoppel y esperamos seguir siendo tu elección para futuras compras. ¡Siempre estaremos aquí para ayudarte!,1
0502252264,CierreMasivo 06Feb25,1,8,# Hemos atendido tu aclaración y abonado el importe reclamado a tu cuenta. Valoramos tu elección como cliente en BanCoppel y esperamos seguir siendo tu elección para futuras compras. ¡Siempre estaremos aquí para ayudarte!,1
0502252246,CierreMasivo 06Feb25,1,8,# Hemos atendido tu aclaración y abonado el importe reclamado a tu cuenta. Valoramos tu elección como cliente en BanCoppel y esperamos seguir siendo tu elección para futuras compras. ¡Siempre estaremos aquí para ayudarte!,1
0502251284,CierreMasivo 06Feb25,1,8,# Hemos atendido tu aclaración y abonado el importe reclamado a tu cuenta. Valoramos tu elección como cliente en BanCoppel y esperamos seguir siendo tu elección para futuras compras. ¡Siempre estaremos aquí para ayudarte!,1
0502251558,CierreMasivo 06Feb25,1,8,# Hemos atendido tu aclaración y abonado el importe reclamado a tu cuenta. Valoramos tu elección como cliente en BanCoppel y esperamos seguir siendo tu elección para futuras compras. ¡Siempre estaremos aquí para ayudarte!,1
0502252471,CierreMasivo 06Feb25,1,8,# Hemos atendido tu aclaración y abonado el importe reclamado a tu cuenta. Valoramos tu elección como cliente en BanCoppel y esperamos seguir siendo tu elección para futuras compras. ¡Siempre estaremos aquí para ayudarte!,1
0502252510,CierreMasivo 06Feb25,1,8,# Hemos atendido tu aclaración y abonado el importe reclamado a tu cuenta. Valoramos tu elección como cliente en BanCoppel y esperamos seguir siendo tu elección para futuras compras. ¡Siempre estaremos aquí para ayudarte!,1
0502252540,CierreMasivo 06Feb25,1,8,# Hemos atendido tu aclaración y abonado el importe reclamado a tu cuenta. Valoramos tu elección como cliente en BanCoppel y esperamos seguir siendo tu elección para futuras compras. ¡Siempre estaremos aquí para ayudarte!,1
0502252484,CierreMasivo 06Feb25,1,8,# Hemos atendido tu aclaración y abonado el importe reclamado a tu cuenta. Valoramos tu elección como cliente en BanCoppel y esperamos seguir siendo tu elección para futuras compras. ¡Siempre estaremos aquí para ayudarte!,1
0502251610,CierreMasivo 06Feb25,1,8,# Hemos atendido tu aclaración y abonado el importe reclamado a tu cuenta. Valoramos tu elección como cliente en BanCoppel y esperamos seguir siendo tu elección para futuras compras. ¡Siempre estaremos aquí para ayudarte!,1
0502251281,CierreMasivo 06Feb25,1,8,# Hemos atendido tu aclaración y abonado el importe reclamado a tu cuenta. Valoramos tu elección como cliente en BanCoppel y esperamos seguir siendo tu elección para futuras compras. ¡Siempre estaremos aquí para ayudarte!,1
0502251170,CierreMasivo 06Feb25,1,8,# Hemos atendido tu aclaración y abonado el importe reclamado a tu cuenta. Valoramos tu elección como cliente en BanCoppel y esperamos seguir siendo tu elección para futuras compras. ¡Siempre estaremos aquí para ayudarte!,1
0502251311,CierreMasivo 06Feb25,1,8,# Hemos atendido tu aclaración y abonado el importe reclamado a tu cuenta. Valoramos tu elección como cliente en BanCoppel y esperamos seguir siendo tu elección para futuras compras. ¡Siempre estaremos aquí para ayudarte!,1
0502251232,CierreMasivo 06Feb25,1,8,# Hemos atendido tu aclaración y abonado el importe reclamado a tu cuenta. Valoramos tu elección como cliente en BanCoppel y esperamos seguir siendo tu elección para futuras compras. ¡Siempre estaremos aquí para ayudarte!,1
0502251257,CierreMasivo 06Feb25,1,8,# Hemos atendido tu aclaración y abonado el importe reclamado a tu cuenta. Valoramos tu elección como cliente en BanCoppel y esperamos seguir siendo tu elección para futuras compras. ¡Siempre estaremos aquí para ayudarte!,1
0502251330,CierreMasivo 06Feb25,1,8,# Hemos atendido tu aclaración y abonado el importe reclamado a tu cuenta. Valoramos tu elección como cliente en BanCoppel y esperamos seguir siendo tu elección para futuras compras. ¡Siempre estaremos aquí para ayudarte!,1
0502251349,CierreMasivo 06Feb25,1,8,# Hemos atendido tu aclaración y abonado el importe reclamado a tu cuenta. Valoramos tu elección como cliente en BanCoppel y esperamos seguir siendo tu elección para futuras compras. ¡Siempre estaremos aquí para ayudarte!,1
0502253578,CierreMasivo 06Feb25,1,8,# Hemos atendido tu aclaración y abonado el importe reclamado a tu cuenta. Valoramos tu elección como cliente en BanCoppel y esperamos seguir siendo tu elección para futuras compras. ¡Siempre estaremos aquí para ayudarte!,1
0502252184,CierreMasivo 06Feb25,1,8,# Hemos atendido tu aclaración y abonado el importe reclamado a tu cuenta. Valoramos tu elección como cliente en BanCoppel y esperamos seguir siendo tu elección para futuras compras. ¡Siempre estaremos aquí para ayudarte!,1
0502251465,CierreMasivo 06Feb25,1,6,V Hemos atendido tu aclaración y abonado el importe reclamado a tu cuenta. Valoramos tu elección como cliente en BanCoppel y esperamos seguir siendo tu elección para futuras compras. ¡Siempre estaremos aquí para ayudarte!,1
0502251487,CierreMasivo 06Feb25,1,6,V Hemos atendido tu aclaración y abonado el importe reclamado a tu cuenta. Valoramos tu elección como cliente en BanCoppel y esperamos seguir siendo tu elección para futuras compras. ¡Siempre estaremos aquí para ayudarte!,1
0502251296,CierreMasivo 06Feb25,1,6,V Hemos atendido tu aclaración y abonado el importe reclamado a tu cuenta. Valoramos tu elección como cliente en BanCoppel y esperamos seguir siendo tu elección para futuras compras. ¡Siempre estaremos aquí para ayudarte!,1
0502251314,CierreMasivo 06Feb25,1,6,V Hemos atendido tu aclaración y abonado el importe reclamado a tu cuenta. Valoramos tu elección como cliente en BanCoppel y esperamos seguir siendo tu elección para futuras compras. ¡Siempre estaremos aquí para ayudarte!,1
0502251319,CierreMasivo 06Feb25,1,6,V Hemos atendido tu aclaración y abonado el importe reclamado a tu cuenta. Valoramos tu elección como cliente en BanCoppel y esperamos seguir siendo tu elección para futuras compras. ¡Siempre estaremos aquí para ayudarte!,1
0502251491,CierreMasivo 06Feb25,1,6,V Hemos atendido tu aclaración y abonado el importe reclamado a tu cuenta. Valoramos tu elección como cliente en BanCoppel y esperamos seguir siendo tu elección para futuras compras. ¡Siempre estaremos aquí para ayudarte!,1
0502251391,CierreMasivo 06Feb25,1,6,V Hemos atendido tu aclaración y abonado el importe reclamado a tu cuenta. Valoramos tu elección como cliente en BanCoppel y esperamos seguir siendo tu elección para futuras compras. ¡Siempre estaremos aquí para ayudarte!,1
0502251416,CierreMasivo 06Feb25,1,6,V Hemos atendido tu aclaración y abonado el importe reclamado a tu cuenta. Valoramos tu elección como cliente en BanCoppel y esperamos seguir siendo tu elección para futuras compras. ¡Siempre estaremos aquí para ayudarte!,1
0502251424,CierreMasivo 06Feb25,1,6,V Hemos atendido tu aclaración y abonado el importe reclamado a tu cuenta. Valoramos tu elección como cliente en BanCoppel y esperamos seguir siendo tu elección para futuras compras. ¡Siempre estaremos aquí para ayudarte!,1
0502251434,CierreMasivo 06Feb25,1,6,V Hemos atendido tu aclaración y abonado el importe reclamado a tu cuenta. Valoramos tu elección como cliente en BanCoppel y esperamos seguir siendo tu elección para futuras compras. ¡Siempre estaremos aquí para ayudarte!,1
0502251443,CierreMasivo 06Feb25,1,6,V Hemos atendido tu aclaración y abonado el importe reclamado a tu cuenta. Valoramos tu elección como cliente en BanCoppel y esperamos seguir siendo tu elección para futuras compras. ¡Siempre estaremos aquí para ayudarte!,1
0502251450,CierreMasivo 06Feb25,1,6,V Hemos atendido tu aclaración y abonado el importe reclamado a tu cuenta. Valoramos tu elección como cliente en BanCoppel y esperamos seguir siendo tu elección para futuras compras. ¡Siempre estaremos aquí para ayudarte!,1
0502251461,CierreMasivo 06Feb25,1,6,V Hemos atendido tu aclaración y abonado el importe reclamado a tu cuenta. Valoramos tu elección como cliente en BanCoppel y esperamos seguir siendo tu elección para futuras compras. ¡Siempre estaremos aquí para ayudarte!,1
0502251371,CierreMasivo 06Feb25,1,6,V Hemos atendido tu aclaración y abonado el importe reclamado a tu cuenta. Valoramos tu elección como cliente en BanCoppel y esperamos seguir siendo tu elección para futuras compras. ¡Siempre estaremos aquí para ayudarte!,1
0502251505,CierreMasivo 06Feb25,1,6,V Hemos atendido tu aclaración y abonado el importe reclamado a tu cuenta. Valoramos tu elección como cliente en BanCoppel y esperamos seguir siendo tu elección para futuras compras. ¡Siempre estaremos aquí para ayudarte!,1
0502251263,CierreMasivo 06Feb25,1,6,V Hemos atendido tu aclaración y abonado el importe reclamado a tu cuenta. Valoramos tu elección como cliente en BanCoppel y esperamos seguir siendo tu elección para futuras compras. ¡Siempre estaremos aquí para ayudarte!,1
0502251279,CierreMasivo 06Feb25,1,6,V Hemos atendido tu aclaración y abonado el importe reclamado a tu cuenta. Valoramos tu elección como cliente en BanCoppel y esperamos seguir siendo tu elección para futuras compras. ¡Siempre estaremos aquí para ayudarte!,1
0502251412,CierreMasivo 06Feb25,1,6,V Hemos atendido tu aclaración y abonado el importe reclamado a tu cuenta. Valoramos tu elección como cliente en BanCoppel y esperamos seguir siendo tu elección para futuras compras. ¡Siempre estaremos aquí para ayudarte!,1
0502251473,CierreMasivo 06Feb25,1,6,V Hemos atendido tu aclaración y abonado el importe reclamado a tu cuenta. Valoramos tu elección como cliente en BanCoppel y esperamos seguir siendo tu elección para futuras compras. ¡Siempre estaremos aquí para ayudarte!,1
0502251338,CierreMasivo 06Feb25,1,6,V Hemos atendido tu aclaración y abonado el importe reclamado a tu cuenta. Valoramos tu elección como cliente en BanCoppel y esperamos seguir siendo tu elección para futuras compras. ¡Siempre estaremos aquí para ayudarte!,1
0502251301,CierreMasivo 06Feb25,1,6,V Hemos atendido tu aclaración y abonado el importe reclamado a tu cuenta. Valoramos tu elección como cliente en BanCoppel y esperamos seguir siendo tu elección para futuras compras. ¡Siempre estaremos aquí para ayudarte!,1
0502251402,CierreMasivo 06Feb25,1,6,V Hemos atendido tu aclaración y abonado el importe reclamado a tu cuenta. Valoramos tu elección como cliente en BanCoppel y esperamos seguir siendo tu elección para futuras compras. ¡Siempre estaremos aquí para ayudarte!,1
0502251477,CierreMasivo 06Feb25,1,6,V Hemos atendido tu aclaración y abonado el importe reclamado a tu cuenta. Valoramos tu elección como cliente en BanCoppel y esperamos seguir siendo tu elección para futuras compras. ¡Siempre estaremos aquí para ayudarte!,1
0502250367,CierreMasivo 06Feb25,1,6,V Hemos atendido tu aclaración y abonado el importe reclamado a tu cuenta. Valoramos tu elección como cliente en BanCoppel y esperamos seguir siendo tu elección para futuras compras. ¡Siempre estaremos aquí para ayudarte!,1
0502250375,CierreMasivo 06Feb25,1,6,V Hemos atendido tu aclaración y abonado el importe reclamado a tu cuenta. Valoramos tu elección como cliente en BanCoppel y esperamos seguir siendo tu elección para futuras compras. ¡Siempre estaremos aquí para ayudarte!,1
0502253592,CierreMasivo 06Feb25,1,6,V Hemos atendido tu aclaración y abonado el importe reclamado a tu cuenta. Valoramos tu elección como cliente en BanCoppel y esperamos seguir siendo tu elección para futuras compras. ¡Siempre estaremos aquí para ayudarte!,1
0502252642,CierreMasivo 06Feb25,1,6,V Hemos atendido tu aclaración y abonado el importe reclamado a tu cuenta. Valoramos tu elección como cliente en BanCoppel y esperamos seguir siendo tu elección para futuras compras. ¡Siempre estaremos aquí para ayudarte!,1
0502250304,CierreMasivo 06Feb25,1,6,V Hemos atendido tu aclaración y abonado el importe reclamado a tu cuenta. Valoramos tu elección como cliente en BanCoppel y esperamos seguir siendo tu elección para futuras compras. ¡Siempre estaremos aquí para ayudarte!,1
0502250331,CierreMasivo 06Feb25,1,6,V Hemos atendido tu aclaración y abonado el importe reclamado a tu cuenta. Valoramos tu elección como cliente en BanCoppel y esperamos seguir siendo tu elección para futuras compras. ¡Siempre estaremos aquí para ayudarte!,1
0502250339,CierreMasivo 06Feb25,1,6,V Hemos atendido tu aclaración y abonado el importe reclamado a tu cuenta. Valoramos tu elección como cliente en BanCoppel y esperamos seguir siendo tu elección para futuras compras. ¡Siempre estaremos aquí para ayudarte!,1
0502250107,CierreMasivo 06Feb25,1,6,V Hemos atendido tu aclaración y abonado el importe reclamado a tu cuenta. Valoramos tu elección como cliente en BanCoppel y esperamos seguir siendo tu elección para futuras compras. ¡Siempre estaremos aquí para ayudarte!,1
0502250203,CierreMasivo 06Feb25,1,6,V Hemos atendido tu aclaración y abonado el importe reclamado a tu cuenta. Valoramos tu elección como cliente en BanCoppel y esperamos seguir siendo tu elección para futuras compras. ¡Siempre estaremos aquí para ayudarte!,1
0502250214,CierreMasivo 06Feb25,1,6,V Hemos atendido tu aclaración y abonado el importe reclamado a tu cuenta. Valoramos tu elección como cliente en BanCoppel y esperamos seguir siendo tu elección para futuras compras. ¡Siempre estaremos aquí para ayudarte!,1
0502250218,CierreMasivo 06Feb25,1,6,V Hemos atendido tu aclaración y abonado el importe reclamado a tu cuenta. Valoramos tu elección como cliente en BanCoppel y esperamos seguir siendo tu elección para futuras compras. ¡Siempre estaremos aquí para ayudarte!,1
0502250223,CierreMasivo 06Feb25,1,6,V Hemos atendido tu aclaración y abonado el importe reclamado a tu cuenta. Valoramos tu elección como cliente en BanCoppel y esperamos seguir siendo tu elección para futuras compras. ¡Siempre estaremos aquí para ayudarte!,1
0502250230,CierreMasivo 06Feb25,1,6,V Hemos atendido tu aclaración y abonado el importe reclamado a tu cuenta. Valoramos tu elección como cliente en BanCoppel y esperamos seguir siendo tu elección para futuras compras. ¡Siempre estaremos aquí para ayudarte!,1
0502250236,CierreMasivo 06Feb25,1,6,V Hemos atendido tu aclaración y abonado el importe reclamado a tu cuenta. Valoramos tu elección como cliente en BanCoppel y esperamos seguir siendo tu elección para futuras compras. ¡Siempre estaremos aquí para ayudarte!,1
0502250240,CierreMasivo 06Feb25,1,6,V Hemos atendido tu aclaración y abonado el importe reclamado a tu cuenta. Valoramos tu elección como cliente en BanCoppel y esperamos seguir siendo tu elección para futuras compras. ¡Siempre estaremos aquí para ayudarte!,1
0502250248,CierreMasivo 06Feb25,1,6,V Hemos atendido tu aclaración y abonado el importe reclamado a tu cuenta. Valoramos tu elección como cliente en BanCoppel y esperamos seguir siendo tu elección para futuras compras. ¡Siempre estaremos aquí para ayudarte!,1
0502250264,CierreMasivo 06Feb25,1,6,V Hemos atendido tu aclaración y abonado el importe reclamado a tu cuenta. Valoramos tu elección como cliente en BanCoppel y esperamos seguir siendo tu elección para futuras compras. ¡Siempre estaremos aquí para ayudarte!,1
0502250324,CierreMasivo 06Feb25,1,6,V Hemos atendido tu aclaración y abonado el importe reclamado a tu cuenta. Valoramos tu elección como cliente en BanCoppel y esperamos seguir siendo tu elección para futuras compras. ¡Siempre estaremos aquí para ayudarte!,1
0502250298,CierreMasivo 06Feb25,1,6,V Hemos atendido tu aclaración y abonado el importe reclamado a tu cuenta. Valoramos tu elección como cliente en BanCoppel y esperamos seguir siendo tu elección para futuras compras. ¡Siempre estaremos aquí para ayudarte!,1
0502250928,CierreMasivo 06Feb25,1,6,V Hemos atendido tu aclaración y abonado el importe reclamado a tu cuenta. Valoramos tu elección como cliente en BanCoppel y esperamos seguir siendo tu elección para futuras compras. ¡Siempre estaremos aquí para ayudarte!,1
0502250430,CierreMasivo 06Feb25,1,6,V Hemos atendido tu aclaración y abonado el importe reclamado a tu cuenta. Valoramos tu elección como cliente en BanCoppel y esperamos seguir siendo tu elección para futuras compras. ¡Siempre estaremos aquí para ayudarte!,1
0502250446,CierreMasivo 06Feb25,1,6,V Hemos atendido tu aclaración y abonado el importe reclamado a tu cuenta. Valoramos tu elección como cliente en BanCoppel y esperamos seguir siendo tu elección para futuras compras. ¡Siempre estaremos aquí para ayudarte!,1
0502250406,CierreMasivo 06Feb25,1,6,V Hemos atendido tu aclaración y abonado el importe reclamado a tu cuenta. Valoramos tu elección como cliente en BanCoppel y esperamos seguir siendo tu elección para futuras compras. ¡Siempre estaremos aquí para ayudarte!,1
0502251483,CierreMasivo 06Feb25,1,6,V Hemos atendido tu aclaración y abonado el importe reclamado a tu cuenta. Valoramos tu elección como cliente en BanCoppel y esperamos seguir siendo tu elección para futuras compras. ¡Siempre estaremos aquí para ayudarte!,1
0502251494,CierreMasivo 06Feb25,1,6,V Hemos atendido tu aclaración y abonado el importe reclamado a tu cuenta. Valoramos tu elección como cliente en BanCoppel y esperamos seguir siendo tu elección para futuras compras. ¡Siempre estaremos aquí para ayudarte!,1
0502251561,CierreMasivo 06Feb25,1,6,V Hemos atendido tu aclaración y abonado el importe reclamado a tu cuenta. Valoramos tu elección como cliente en BanCoppel y esperamos seguir siendo tu elección para futuras compras. ¡Siempre estaremos aquí para ayudarte!,1
0502253508,CierreMasivo 06Feb25,1,6,V Hemos atendido tu aclaración y abonado el importe reclamado a tu cuenta. Valoramos tu elección como cliente en BanCoppel y esperamos seguir siendo tu elección para futuras compras. ¡Siempre estaremos aquí para ayudarte!,1
0502252050,CierreMasivo 06Feb25,1,6,V Hemos atendido tu aclaración y abonado el importe reclamado a tu cuenta. Valoramos tu elección como cliente en BanCoppel y esperamos seguir siendo tu elección para futuras compras. ¡Siempre estaremos aquí para ayudarte!,1
0502252057,CierreMasivo 06Feb25,1,6,V Hemos atendido tu aclaración y abonado el importe reclamado a tu cuenta. Valoramos tu elección como cliente en BanCoppel y esperamos seguir siendo tu elección para futuras compras. ¡Siempre estaremos aquí para ayudarte!,1
0502252066,CierreMasivo 06Feb25,1,6,V Hemos atendido tu aclaración y abonado el importe reclamado a tu cuenta. Valoramos tu elección como cliente en BanCoppel y esperamos seguir siendo tu elección para futuras compras. ¡Siempre estaremos aquí para ayudarte!,1
0502252001,CierreMasivo 06Feb25,1,6,V Hemos atendido tu aclaración y abonado el importe reclamado a tu cuenta. Valoramos tu elección como cliente en BanCoppel y esperamos seguir siendo tu elección para futuras compras. ¡Siempre estaremos aquí para ayudarte!,1
0502252013,CierreMasivo 06Feb25,1,6,V Hemos atendido tu aclaración y abonado el importe reclamado a tu cuenta. Valoramos tu elección como cliente en BanCoppel y esperamos seguir siendo tu elección para futuras compras. ¡Siempre estaremos aquí para ayudarte!,1
0502252024,CierreMasivo 06Feb25,1,6,V Hemos atendido tu aclaración y abonado el importe reclamado a tu cuenta. Valoramos tu elección como cliente en BanCoppel y esperamos seguir siendo tu elección para futuras compras. ¡Siempre estaremos aquí para ayudarte!,1
0502252029,CierreMasivo 06Feb25,1,6,V Hemos atendido tu aclaración y abonado el importe reclamado a tu cuenta. Valoramos tu elección como cliente en BanCoppel y esperamos seguir siendo tu elección para futuras compras. ¡Siempre estaremos aquí para ayudarte!,1
0502252036,CierreMasivo 06Feb25,1,6,V Hemos atendido tu aclaración y abonado el importe reclamado a tu cuenta. Valoramos tu elección como cliente en BanCoppel y esperamos seguir siendo tu elección para futuras compras. ¡Siempre estaremos aquí para ayudarte!,1
0502252044,CierreMasivo 06Feb25,1,6,V Hemos atendido tu aclaración y abonado el importe reclamado a tu cuenta. Valoramos tu elección como cliente en BanCoppel y esperamos seguir siendo tu elección para futuras compras. ¡Siempre estaremos aquí para ayudarte!,1
0502253161,CierreMasivo 06Feb25,1,6,V Hemos atendido tu aclaración y abonado el importe reclamado a tu cuenta. Valoramos tu elección como cliente en BanCoppel y esperamos seguir siendo tu elección para futuras compras. ¡Siempre estaremos aquí para ayudarte!,1
0502253173,CierreMasivo 06Feb25,1,6,V Hemos atendido tu aclaración y abonado el importe reclamado a tu cuenta. Valoramos tu elección como cliente en BanCoppel y esperamos seguir siendo tu elección para futuras compras. ¡Siempre estaremos aquí para ayudarte!,1
0502253281,CierreMasivo 06Feb25,1,6,V Hemos atendido tu aclaración y abonado el importe reclamado a tu cuenta. Valoramos tu elección como cliente en BanCoppel y esperamos seguir siendo tu elección para futuras compras. ¡Siempre estaremos aquí para ayudarte!,1
0502253390,CierreMasivo 06Feb25,1,6,V Hemos atendido tu aclaración y abonado el importe reclamado a tu cuenta. Valoramos tu elección como cliente en BanCoppel y esperamos seguir siendo tu elección para futuras compras. ¡Siempre estaremos aquí para ayudarte!,1
0502253399,CierreMasivo 06Feb25,1,6,V Hemos atendido tu aclaración y abonado el importe reclamado a tu cuenta. Valoramos tu elección como cliente en BanCoppel y esperamos seguir siendo tu elección para futuras compras. ¡Siempre estaremos aquí para ayudarte!,1
0502253410,CierreMasivo 06Feb25,1,6,V Hemos atendido tu aclaración y abonado el importe reclamado a tu cuenta. Valoramos tu elección como cliente en BanCoppel y esperamos seguir siendo tu elección para futuras compras. ¡Siempre estaremos aquí para ayudarte!,1
0502253409,CierreMasivo 06Feb25,1,6,V Hemos atendido tu aclaración y abonado el importe reclamado a tu cuenta. Valoramos tu elección como cliente en BanCoppel y esperamos seguir siendo tu elección para futuras compras. ¡Siempre estaremos aquí para ayudarte!,1
0502253432,CierreMasivo 06Feb25,1,6,V Hemos atendido tu aclaración y abonado el importe reclamado a tu cuenta. Valoramos tu elección como cliente en BanCoppel y esperamos seguir siendo tu elección para futuras compras. ¡Siempre estaremos aquí para ayudarte!,1
0502252100,CierreMasivo 06Feb25,1,6,V Hemos atendido tu aclaración y abonado el importe reclamado a tu cuenta. Valoramos tu elección como cliente en BanCoppel y esperamos seguir siendo tu elección para futuras compras. ¡Siempre estaremos aquí para ayudarte!,1
0502251244,CierreMasivo 06Feb25,1,6,V Hemos atendido tu aclaración y abonado el importe reclamado a tu cuenta. Valoramos tu elección como cliente en BanCoppel y esperamos seguir siendo tu elección para futuras compras. ¡Siempre estaremos aquí para ayudarte!,1
0502251303,CierreMasivo 06Feb25,1,6,V Hemos atendido tu aclaración y abonado el importe reclamado a tu cuenta. Valoramos tu elección como cliente en BanCoppel y esperamos seguir siendo tu elección para futuras compras. ¡Siempre estaremos aquí para ayudarte!,1
0502251356,CierreMasivo 06Feb25,1,6,V Hemos atendido tu aclaración y abonado el importe reclamado a tu cuenta. Valoramos tu elección como cliente en BanCoppel y esperamos seguir siendo tu elección para futuras compras. ¡Siempre estaremos aquí para ayudarte!,1
0502253063,CierreMasivo 06Feb25,1,6,V Hemos atendido tu aclaración y abonado el importe reclamado a tu cuenta. Valoramos tu elección como cliente en BanCoppel y esperamos seguir siendo tu elección para futuras compras. ¡Siempre estaremos aquí para ayudarte!,1
0502253050,CierreMasivo 06Feb25,1,6,V Hemos atendido tu aclaración y abonado el importe reclamado a tu cuenta. Valoramos tu elección como cliente en BanCoppel y esperamos seguir siendo tu elección para futuras compras. ¡Siempre estaremos aquí para ayudarte!,1
0502253081,CierreMasivo 06Feb25,1,6,V Hemos atendido tu aclaración y abonado el importe reclamado a tu cuenta. Valoramos tu elección como cliente en BanCoppel y esperamos seguir siendo tu elección para futuras compras. ¡Siempre estaremos aquí para ayudarte!,1
0502253119,CierreMasivo 06Feb25,1,6,V Hemos atendido tu aclaración y abonado el importe reclamado a tu cuenta. Valoramos tu elección como cliente en BanCoppel y esperamos seguir siendo tu elección para futuras compras. ¡Siempre estaremos aquí para ayudarte!,1
0502253123,CierreMasivo 06Feb25,1,6,V Hemos atendido tu aclaración y abonado el importe reclamado a tu cuenta. Valoramos tu elección como cliente en BanCoppel y esperamos seguir siendo tu elección para futuras compras. ¡Siempre estaremos aquí para ayudarte!,1
0502253113,CierreMasivo 06Feb25,1,6,V Hemos atendido tu aclaración y abonado el importe reclamado a tu cuenta. Valoramos tu elección como cliente en BanCoppel y esperamos seguir siendo tu elección para futuras compras. ¡Siempre estaremos aquí para ayudarte!,1
0502253085,CierreMasivo 06Feb25,1,6,V Hemos atendido tu aclaración y abonado el importe reclamado a tu cuenta. Valoramos tu elección como cliente en BanCoppel y esperamos seguir siendo tu elección para futuras compras. ¡Siempre estaremos aquí para ayudarte!,1
0502253131,CierreMasivo 06Feb25,1,6,V Hemos atendido tu aclaración y abonado el importe reclamado a tu cuenta. Valoramos tu elección como cliente en BanCoppel y esperamos seguir siendo tu elección para futuras compras. ¡Siempre estaremos aquí para ayudarte!,1
0502252593,CierreMasivo 06Feb25,1,6,V Hemos atendido tu aclaración y abonado el importe reclamado a tu cuenta. Valoramos tu elección como cliente en BanCoppel y esperamos seguir siendo tu elección para futuras compras. ¡Siempre estaremos aquí para ayudarte!,1
0502252530,CierreMasivo 06Feb25,1,6,V Hemos atendido tu aclaración y abonado el importe reclamado a tu cuenta. Valoramos tu elección como cliente en BanCoppel y esperamos seguir siendo tu elección para futuras compras. ¡Siempre estaremos aquí para ayudarte!,1
0502251548,CierreMasivo 06Feb25,1,6,V Hemos atendido tu aclaración y abonado el importe reclamado a tu cuenta. Valoramos tu elección como cliente en BanCoppel y esperamos seguir siendo tu elección para futuras compras. ¡Siempre estaremos aquí para ayudarte!,1
0502251565,CierreMasivo 06Feb25,1,6,V Hemos atendido tu aclaración y abonado el importe reclamado a tu cuenta. Valoramos tu elección como cliente en BanCoppel y esperamos seguir siendo tu elección para futuras compras. ¡Siempre estaremos aquí para ayudarte!,1
0502250213,CierreMasivo 06Feb25,1,6,V Hemos atendido tu aclaración y abonado el importe reclamado a tu cuenta. Valoramos tu elección como cliente en BanCoppel y esperamos seguir siendo tu elección para futuras compras. ¡Siempre estaremos aquí para ayudarte!,1
0502252020,CierreMasivo 06Feb25,1,6,V Hemos atendido tu aclaración y abonado el importe reclamado a tu cuenta. Valoramos tu elección como cliente en BanCoppel y esperamos seguir siendo tu elección para futuras compras. ¡Siempre estaremos aquí para ayudarte!,1
0502252332,CierreMasivo 06Feb25,1,6,V Hemos atendido tu aclaración y abonado el importe reclamado a tu cuenta. Valoramos tu elección como cliente en BanCoppel y esperamos seguir siendo tu elección para futuras compras. ¡Siempre estaremos aquí para ayudarte!,1
0502252110,CierreMasivo 06Feb25,1,6,V Hemos atendido tu aclaración y abonado el importe reclamado a tu cuenta. Valoramos tu elección como cliente en BanCoppel y esperamos seguir siendo tu elección para futuras compras. ¡Siempre estaremos aquí para ayudarte!,1
0502252215,CierreMasivo 06Feb25,1,6,V Hemos atendido tu aclaración y abonado el importe reclamado a tu cuenta. Valoramos tu elección como cliente en BanCoppel y esperamos seguir siendo tu elección para futuras compras. ¡Siempre estaremos aquí para ayudarte!,1
0502252234,CierreMasivo 06Feb25,1,6,V Hemos atendido tu aclaración y abonado el importe reclamado a tu cuenta. Valoramos tu elección como cliente en BanCoppel y esperamos seguir siendo tu elección para futuras compras. ¡Siempre estaremos aquí para ayudarte!,1
0502252187,CierreMasivo 06Feb25,1,6,V Hemos atendido tu aclaración y abonado el importe reclamado a tu cuenta. Valoramos tu elección como cliente en BanCoppel y esperamos seguir siendo tu elección para futuras compras. ¡Siempre estaremos aquí para ayudarte!,1
0502252148,CierreMasivo 06Feb25,1,6,V Hemos atendido tu aclaración y abonado el importe reclamado a tu cuenta. Valoramos tu elección como cliente en BanCoppel y esperamos seguir siendo tu elección para futuras compras. ¡Siempre estaremos aquí para ayudarte!,1
0502252352,CierreMasivo 06Feb25,1,6,V Hemos atendido tu aclaración y abonado el importe reclamado a tu cuenta. Valoramos tu elección como cliente en BanCoppel y esperamos seguir siendo tu elección para futuras compras. ¡Siempre estaremos aquí para ayudarte!,1
0502251364,CierreMasivo 06Feb25,1,6,V Hemos atendido tu aclaración y abonado el importe reclamado a tu cuenta. Valoramos tu elección como cliente en BanCoppel y esperamos seguir siendo tu elección para futuras compras. ¡Siempre estaremos aquí para ayudarte!,1
0502251373,CierreMasivo 06Feb25,1,6,V Hemos atendido tu aclaración y abonado el importe reclamado a tu cuenta. Valoramos tu elección como cliente en BanCoppel y esperamos seguir siendo tu elección para futuras compras. ¡Siempre estaremos aquí para ayudarte!,1
0502250979,CierreMasivo 06Feb25,1,6,V Hemos atendido tu aclaración y abonado el importe reclamado a tu cuenta. Valoramos tu elección como cliente en BanCoppel y esperamos seguir siendo tu elección para futuras compras. ¡Siempre estaremos aquí para ayudarte!,1
0502250925,CierreMasivo 06Feb25,1,6,V Hemos atendido tu aclaración y abonado el importe reclamado a tu cuenta. Valoramos tu elección como cliente en BanCoppel y esperamos seguir siendo tu elección para futuras compras. ¡Siempre estaremos aquí para ayudarte!,1
0502250951,CierreMasivo 06Feb25,1,6,V Hemos atendido tu aclaración y abonado el importe reclamado a tu cuenta. Valoramos tu elección como cliente en BanCoppel y esperamos seguir siendo tu elección para futuras compras. ¡Siempre estaremos aquí para ayudarte!,1
0502250995,CierreMasivo 06Feb25,1,6,V Hemos atendido tu aclaración y abonado el importe reclamado a tu cuenta. Valoramos tu elección como cliente en BanCoppel y esperamos seguir siendo tu elección para futuras compras. ¡Siempre estaremos aquí para ayudarte!,1
0502253555,CierreMasivo 06Feb25,1,6,V Hemos atendido tu aclaración y abonado el importe reclamado a tu cuenta. Valoramos tu elección como cliente en BanCoppel y esperamos seguir siendo tu elección para futuras compras. ¡Siempre estaremos aquí para ayudarte!,1
0502251101,CierreMasivo 06Feb25,1,6,V Hemos atendido tu aclaración y abonado el importe reclamado a tu cuenta. Valoramos tu elección como cliente en BanCoppel y esperamos seguir siendo tu elección para futuras compras. ¡Siempre estaremos aquí para ayudarte!,1
0502251180,CierreMasivo 06Feb25,1,6,V Hemos atendido tu aclaración y abonado el importe reclamado a tu cuenta. Valoramos tu elección como cliente en BanCoppel y esperamos seguir siendo tu elección para futuras compras. ¡Siempre estaremos aquí para ayudarte!,1
0502251193,CierreMasivo 06Feb25,1,6,V Hemos atendido tu aclaración y abonado el importe reclamado a tu cuenta. Valoramos tu elección como cliente en BanCoppel y esperamos seguir siendo tu elección para futuras compras. ¡Siempre estaremos aquí para ayudarte!,1
0502251989,CierreMasivo 06Feb25,1,6,V Hemos atendido tu aclaración y abonado el importe reclamado a tu cuenta. Valoramos tu elección como cliente en BanCoppel y esperamos seguir siendo tu elección para futuras compras. ¡Siempre estaremos aquí para ayudarte!,1
0502252127,CierreMasivo 06Feb25,1,6,V Hemos atendido tu aclaración y abonado el importe reclamado a tu cuenta. Valoramos tu elección como cliente en BanCoppel y esperamos seguir siendo tu elección para futuras compras. ¡Siempre estaremos aquí para ayudarte!,1
0502250243,CierreMasivo 06Feb25,1,6,V Hemos atendido tu aclaración y abonado el importe reclamado a tu cuenta. Valoramos tu elección como cliente en BanCoppel y esperamos seguir siendo tu elección para futuras compras. ¡Siempre estaremos aquí para ayudarte!,1
0502250258,CierreMasivo 06Feb25,1,6,V Hemos atendido tu aclaración y abonado el importe reclamado a tu cuenta. Valoramos tu elección como cliente en BanCoppel y esperamos seguir siendo tu elección para futuras compras. ¡Siempre estaremos aquí para ayudarte!,1
0502250290,CierreMasivo 06Feb25,1,6,V Hemos atendido tu aclaración y abonado el importe reclamado a tu cuenta. Valoramos tu elección como cliente en BanCoppel y esperamos seguir siendo tu elección para futuras compras. ¡Siempre estaremos aquí para ayudarte!,1
0502250321,CierreMasivo 06Feb25,1,6,V Hemos atendido tu aclaración y abonado el importe reclamado a tu cuenta. Valoramos tu elección como cliente en BanCoppel y esperamos seguir siendo tu elección para futuras compras. ¡Siempre estaremos aquí para ayudarte!,1
0502250343,CierreMasivo 06Feb25,1,6,V Hemos atendido tu aclaración y abonado el importe reclamado a tu cuenta. Valoramos tu elección como cliente en BanCoppel y esperamos seguir siendo tu elección para futuras compras. ¡Siempre estaremos aquí para ayudarte!,1
0502250359,CierreMasivo 06Feb25,1,6,V Hemos atendido tu aclaración y abonado el importe reclamado a tu cuenta. Valoramos tu elección como cliente en BanCoppel y esperamos seguir siendo tu elección para futuras compras. ¡Siempre estaremos aquí para ayudarte!,1
0502250370,CierreMasivo 06Feb25,1,6,V Hemos atendido tu aclaración y abonado el importe reclamado a tu cuenta. Valoramos tu elección como cliente en BanCoppel y esperamos seguir siendo tu elección para futuras compras. ¡Siempre estaremos aquí para ayudarte!,1
0502250380,CierreMasivo 06Feb25,1,6,V Hemos atendido tu aclaración y abonado el importe reclamado a tu cuenta. Valoramos tu elección como cliente en BanCoppel y esperamos seguir siendo tu elección para futuras compras. ¡Siempre estaremos aquí para ayudarte!,1
0502250395,CierreMasivo 06Feb25,1,6,V Hemos atendido tu aclaración y abonado el importe reclamado a tu cuenta. Valoramos tu elección como cliente en BanCoppel y esperamos seguir siendo tu elección para futuras compras. ¡Siempre estaremos aquí para ayudarte!,1
0502250235,CierreMasivo 06Feb25,1,6,V Hemos atendido tu aclaración y abonado el importe reclamado a tu cuenta. Valoramos tu elección como cliente en BanCoppel y esperamos seguir siendo tu elección para futuras compras. ¡Siempre estaremos aquí para ayudarte!,1
0502251187,CierreMasivo 06Feb25,1,6,V Hemos atendido tu aclaración y abonado el importe reclamado a tu cuenta. Valoramos tu elección como cliente en BanCoppel y esperamos seguir siendo tu elección para futuras compras. ¡Siempre estaremos aquí para ayudarte!,1
0502251218,CierreMasivo 06Feb25,1,6,V Hemos atendido tu aclaración y abonado el importe reclamado a tu cuenta. Valoramos tu elección como cliente en BanCoppel y esperamos seguir siendo tu elección para futuras compras. ¡Siempre estaremos aquí para ayudarte!,1
0502251231,CierreMasivo 06Feb25,1,6,V Hemos atendido tu aclaración y abonado el importe reclamado a tu cuenta. Valoramos tu elección como cliente en BanCoppel y esperamos seguir siendo tu elección para futuras compras. ¡Siempre estaremos aquí para ayudarte!,1
0502251260,CierreMasivo 06Feb25,1,6,V Hemos atendido tu aclaración y abonado el importe reclamado a tu cuenta. Valoramos tu elección como cliente en BanCoppel y esperamos seguir siendo tu elección para futuras compras. ¡Siempre estaremos aquí para ayudarte!,1
0502251167,CierreMasivo 06Feb25,1,6,V Hemos atendido tu aclaración y abonado el importe reclamado a tu cuenta. Valoramos tu elección como cliente en BanCoppel y esperamos seguir siendo tu elección para futuras compras. ¡Siempre estaremos aquí para ayudarte!,1
0502251177,CierreMasivo 06Feb25,1,6,V Hemos atendido tu aclaración y abonado el importe reclamado a tu cuenta. Valoramos tu elección como cliente en BanCoppel y esperamos seguir siendo tu elección para futuras compras. ¡Siempre estaremos aquí para ayudarte!,1
0502250987,CierreMasivo 06Feb25,1,6,V Hemos atendido tu aclaración y abonado el importe reclamado a tu cuenta. Valoramos tu elección como cliente en BanCoppel y esperamos seguir siendo tu elección para futuras compras. ¡Siempre estaremos aquí para ayudarte!,1
0502250992,CierreMasivo 06Feb25,1,6,V Hemos atendido tu aclaración y abonado el importe reclamado a tu cuenta. Valoramos tu elección como cliente en BanCoppel y esperamos seguir siendo tu elección para futuras compras. ¡Siempre estaremos aquí para ayudarte!,1
0502251003,CierreMasivo 06Feb25,1,6,V Hemos atendido tu aclaración y abonado el importe reclamado a tu cuenta. Valoramos tu elección como cliente en BanCoppel y esperamos seguir siendo tu elección para futuras compras. ¡Siempre estaremos aquí para ayudarte!,1
0502251011,CierreMasivo 06Feb25,1,6,V Hemos atendido tu aclaración y abonado el importe reclamado a tu cuenta. Valoramos tu elección como cliente en BanCoppel y esperamos seguir siendo tu elección para futuras compras. ¡Siempre estaremos aquí para ayudarte!,1
0502251026,CierreMasivo 06Feb25,1,6,V Hemos atendido tu aclaración y abonado el importe reclamado a tu cuenta. Valoramos tu elección como cliente en BanCoppel y esperamos seguir siendo tu elección para futuras compras. ¡Siempre estaremos aquí para ayudarte!,1
0502251150,CierreMasivo 06Feb25,1,6,V Hemos atendido tu aclaración y abonado el importe reclamado a tu cuenta. Valoramos tu elección como cliente en BanCoppel y esperamos seguir siendo tu elección para futuras compras. ¡Siempre estaremos aquí para ayudarte!,1
0502251128,CierreMasivo 06Feb25,1,6,V Hemos atendido tu aclaración y abonado el importe reclamado a tu cuenta. Valoramos tu elección como cliente en BanCoppel y esperamos seguir siendo tu elección para futuras compras. ¡Siempre estaremos aquí para ayudarte!,1
0502251136,CierreMasivo 06Feb25,1,6,V Hemos atendido tu aclaración y abonado el importe reclamado a tu cuenta. Valoramos tu elección como cliente en BanCoppel y esperamos seguir siendo tu elección para futuras compras. ¡Siempre estaremos aquí para ayudarte!,1
0502251204,CierreMasivo 06Feb25,1,6,V Hemos atendido tu aclaración y abonado el importe reclamado a tu cuenta. Valoramos tu elección como cliente en BanCoppel y esperamos seguir siendo tu elección para futuras compras. ¡Siempre estaremos aquí para ayudarte!,1
0502251040,CierreMasivo 06Feb25,1,6,V Hemos atendido tu aclaración y abonado el importe reclamado a tu cuenta. Valoramos tu elección como cliente en BanCoppel y esperamos seguir siendo tu elección para futuras compras. ¡Siempre estaremos aquí para ayudarte!,1
0502251158,CierreMasivo 06Feb25,1,6,V Hemos atendido tu aclaración y abonado el importe reclamado a tu cuenta. Valoramos tu elección como cliente en BanCoppel y esperamos seguir siendo tu elección para futuras compras. ¡Siempre estaremos aquí para ayudarte!,1
0502251827,CierreMasivo 06Feb25,1,6,V Hemos atendido tu aclaración y abonado el importe reclamado a tu cuenta. Valoramos tu elección como cliente en BanCoppel y esperamos seguir siendo tu elección para futuras compras. ¡Siempre estaremos aquí para ayudarte!,1
0502251782,CierreMasivo 06Feb25,1,6,V Hemos atendido tu aclaración y abonado el importe reclamado a tu cuenta. Valoramos tu elección como cliente en BanCoppel y esperamos seguir siendo tu elección para futuras compras. ¡Siempre estaremos aquí para ayudarte!,1
0502251746,CierreMasivo 06Feb25,1,6,V Hemos atendido tu aclaración y abonado el importe reclamado a tu cuenta. Valoramos tu elección como cliente en BanCoppel y esperamos seguir siendo tu elección para futuras compras. ¡Siempre estaremos aquí para ayudarte!,1
0502251756,CierreMasivo 06Feb25,1,6,V Hemos atendido tu aclaración y abonado el importe reclamado a tu cuenta. Valoramos tu elección como cliente en BanCoppel y esperamos seguir siendo tu elección para futuras compras. ¡Siempre estaremos aquí para ayudarte!,1
0502251821,CierreMasivo 06Feb25,1,6,V Hemos atendido tu aclaración y abonado el importe reclamado a tu cuenta. Valoramos tu elección como cliente en BanCoppel y esperamos seguir siendo tu elección para futuras compras. ¡Siempre estaremos aquí para ayudarte!,1
0502251768,CierreMasivo 06Feb25,1,6,V Hemos atendido tu aclaración y abonado el importe reclamado a tu cuenta. Valoramos tu elección como cliente en BanCoppel y esperamos seguir siendo tu elección para futuras compras. ¡Siempre estaremos aquí para ayudarte!,1
0502251836,CierreMasivo 06Feb25,1,6,V Hemos atendido tu aclaración y abonado el importe reclamado a tu cuenta. Valoramos tu elección como cliente en BanCoppel y esperamos seguir siendo tu elección para futuras compras. ¡Siempre estaremos aquí para ayudarte!,1
0502251704,CierreMasivo 06Feb25,1,6,V Hemos atendido tu aclaración y abonado el importe reclamado a tu cuenta. Valoramos tu elección como cliente en BanCoppel y esperamos seguir siendo tu elección para futuras compras. ¡Siempre estaremos aquí para ayudarte!,1
0502251710,CierreMasivo 06Feb25,1,6,V Hemos atendido tu aclaración y abonado el importe reclamado a tu cuenta. Valoramos tu elección como cliente en BanCoppel y esperamos seguir siendo tu elección para futuras compras. ¡Siempre estaremos aquí para ayudarte!,1
0502251776,CierreMasivo 06Feb25,1,6,V Hemos atendido tu aclaración y abonado el importe reclamado a tu cuenta. Valoramos tu elección como cliente en BanCoppel y esperamos seguir siendo tu elección para futuras compras. ¡Siempre estaremos aquí para ayudarte!,1
0502250843,CierreMasivo 06Feb25,1,6,V Hemos atendido tu aclaración y abonado el importe reclamado a tu cuenta. Valoramos tu elección como cliente en BanCoppel y esperamos seguir siendo tu elección para futuras compras. ¡Siempre estaremos aquí para ayudarte!,1
0502253219,CierreMasivo 06Feb25,1,6,V Hemos atendido tu aclaración y abonado el importe reclamado a tu cuenta. Valoramos tu elección como cliente en BanCoppel y esperamos seguir siendo tu elección para futuras compras. ¡Siempre estaremos aquí para ayudarte!,1
0502253252,CierreMasivo 06Feb25,1,6,V Hemos atendido tu aclaración y abonado el importe reclamado a tu cuenta. Valoramos tu elección como cliente en BanCoppel y esperamos seguir siendo tu elección para futuras compras. ¡Siempre estaremos aquí para ayudarte!,1
0502253273,CierreMasivo 06Feb25,1,6,V Hemos atendido tu aclaración y abonado el importe reclamado a tu cuenta. Valoramos tu elección como cliente en BanCoppel y esperamos seguir siendo tu elección para futuras compras. ¡Siempre estaremos aquí para ayudarte!,1
0502253289,CierreMasivo 06Feb25,1,6,V Hemos atendido tu aclaración y abonado el importe reclamado a tu cuenta. Valoramos tu elección como cliente en BanCoppel y esperamos seguir siendo tu elección para futuras compras. ¡Siempre estaremos aquí para ayudarte!,1
0502253112,CierreMasivo 06Feb25,1,6,V Hemos atendido tu aclaración y abonado el importe reclamado a tu cuenta. Valoramos tu elección como cliente en BanCoppel y esperamos seguir siendo tu elección para futuras compras. ¡Siempre estaremos aquí para ayudarte!,1
0502253154,CierreMasivo 06Feb25,1,6,V Hemos atendido tu aclaración y abonado el importe reclamado a tu cuenta. Valoramos tu elección como cliente en BanCoppel y esperamos seguir siendo tu elección para futuras compras. ¡Siempre estaremos aquí para ayudarte!,1
0502251224,CierreMasivo 06Feb25,1,6,V Hemos atendido tu aclaración y abonado el importe reclamado a tu cuenta. Valoramos tu elección como cliente en BanCoppel y esperamos seguir siendo tu elección para futuras compras. ¡Siempre estaremos aquí para ayudarte!,1
0502253222,CierreMasivo 06Feb25,1,6,V Hemos atendido tu aclaración y abonado el importe reclamado a tu cuenta. Valoramos tu elección como cliente en BanCoppel y esperamos seguir siendo tu elección para futuras compras. ¡Siempre estaremos aquí para ayudarte!,1
0502251322,CierreMasivo 06Feb25,1,6,V Hemos atendido tu aclaración y abonado el importe reclamado a tu cuenta. Valoramos tu elección como cliente en BanCoppel y esperamos seguir siendo tu elección para futuras compras. ¡Siempre estaremos aquí para ayudarte!,1
0502252956,CierreMasivo 06Feb25,1,6,V Hemos atendido tu aclaración y abonado el importe reclamado a tu cuenta. Valoramos tu elección como cliente en BanCoppel y esperamos seguir siendo tu elección para futuras compras. ¡Siempre estaremos aquí para ayudarte!,1
0502252929,CierreMasivo 06Feb25,1,6,V Hemos atendido tu aclaración y abonado el importe reclamado a tu cuenta. Valoramos tu elección como cliente en BanCoppel y esperamos seguir siendo tu elección para futuras compras. ¡Siempre estaremos aquí para ayudarte!,1
0502252981,CierreMasivo 06Feb25,1,6,V Hemos atendido tu aclaración y abonado el importe reclamado a tu cuenta. Valoramos tu elección como cliente en BanCoppel y esperamos seguir siendo tu elección para futuras compras. ¡Siempre estaremos aquí para ayudarte!,1
0502250020,CierreMasivo 06Feb25,1,6,V Hemos atendido tu aclaración y abonado el importe reclamado a tu cuenta. Valoramos tu elección como cliente en BanCoppel y esperamos seguir siendo tu elección para futuras compras. ¡Siempre estaremos aquí para ayudarte!,1
0502251142,CierreMasivo 06Feb25,1,6,V Hemos atendido tu aclaración y abonado el importe reclamado a tu cuenta. Valoramos tu elección como cliente en BanCoppel y esperamos seguir siendo tu elección para futuras compras. ¡Siempre estaremos aquí para ayudarte!,1
0502251213,CierreMasivo 06Feb25,1,6,V Hemos atendido tu aclaración y abonado el importe reclamado a tu cuenta. Valoramos tu elección como cliente en BanCoppel y esperamos seguir siendo tu elección para futuras compras. ¡Siempre estaremos aquí para ayudarte!,1
0502250852,CierreMasivo 06Feb25,1,6,V Hemos atendido tu aclaración y abonado el importe reclamado a tu cuenta. Valoramos tu elección como cliente en BanCoppel y esperamos seguir siendo tu elección para futuras compras. ¡Siempre estaremos aquí para ayudarte!,1
0502250975,CierreMasivo 06Feb25,1,6,V Hemos atendido tu aclaración y abonado el importe reclamado a tu cuenta. Valoramos tu elección como cliente en BanCoppel y esperamos seguir siendo tu elección para futuras compras. ¡Siempre estaremos aquí para ayudarte!,1
0502250878,CierreMasivo 06Feb25,1,6,V Hemos atendido tu aclaración y abonado el importe reclamado a tu cuenta. Valoramos tu elección como cliente en BanCoppel y esperamos seguir siendo tu elección para futuras compras. ¡Siempre estaremos aquí para ayudarte!,1
0502250904,CierreMasivo 06Feb25,1,6,V Hemos atendido tu aclaración y abonado el importe reclamado a tu cuenta. Valoramos tu elección como cliente en BanCoppel y esperamos seguir siendo tu elección para futuras compras. ¡Siempre estaremos aquí para ayudarte!,1
0502250931,CierreMasivo 06Feb25,1,6,V Hemos atendido tu aclaración y abonado el importe reclamado a tu cuenta. Valoramos tu elección como cliente en BanCoppel y esperamos seguir siendo tu elección para futuras compras. ¡Siempre estaremos aquí para ayudarte!,1
0502250991,CierreMasivo 06Feb25,1,6,V Hemos atendido tu aclaración y abonado el importe reclamado a tu cuenta. Valoramos tu elección como cliente en BanCoppel y esperamos seguir siendo tu elección para futuras compras. ¡Siempre estaremos aquí para ayudarte!,1
0502251012,CierreMasivo 06Feb25,1,6,V Hemos atendido tu aclaración y abonado el importe reclamado a tu cuenta. Valoramos tu elección como cliente en BanCoppel y esperamos seguir siendo tu elección para futuras compras. ¡Siempre estaremos aquí para ayudarte!,1
0502251044,CierreMasivo 06Feb25,1,6,V Hemos atendido tu aclaración y abonado el importe reclamado a tu cuenta. Valoramos tu elección como cliente en BanCoppel y esperamos seguir siendo tu elección para futuras compras. ¡Siempre estaremos aquí para ayudarte!,1
0502251089,CierreMasivo 06Feb25,1,6,V Hemos atendido tu aclaración y abonado el importe reclamado a tu cuenta. Valoramos tu elección como cliente en BanCoppel y esperamos seguir siendo tu elección para futuras compras. ¡Siempre estaremos aquí para ayudarte!,1
0502251114,CierreMasivo 06Feb25,1,6,V Hemos atendido tu aclaración y abonado el importe reclamado a tu cuenta. Valoramos tu elección como cliente en BanCoppel y esperamos seguir siendo tu elección para futuras compras. ¡Siempre estaremos aquí para ayudarte!,1
0502251172,CierreMasivo 06Feb25,1,6,V Hemos atendido tu aclaración y abonado el importe reclamado a tu cuenta. Valoramos tu elección como cliente en BanCoppel y esperamos seguir siendo tu elección para futuras compras. ¡Siempre estaremos aquí para ayudarte!,1
0502250770,CierreMasivo 06Feb25,1,6,V Hemos atendido tu aclaración y abonado el importe reclamado a tu cuenta. Valoramos tu elección como cliente en BanCoppel y esperamos seguir siendo tu elección para futuras compras. ¡Siempre estaremos aquí para ayudarte!,1
0502250997,CierreMasivo 06Feb25,1,6,V Hemos atendido tu aclaración y abonado el importe reclamado a tu cuenta. Valoramos tu elección como cliente en BanCoppel y esperamos seguir siendo tu elección para futuras compras. ¡Siempre estaremos aquí para ayudarte!,1
0502251008,CierreMasivo 06Feb25,1,6,V Hemos atendido tu aclaración y abonado el importe reclamado a tu cuenta. Valoramos tu elección como cliente en BanCoppel y esperamos seguir siendo tu elección para futuras compras. ¡Siempre estaremos aquí para ayudarte!,1
0502251022,CierreMasivo 06Feb25,1,6,V Hemos atendido tu aclaración y abonado el importe reclamado a tu cuenta. Valoramos tu elección como cliente en BanCoppel y esperamos seguir siendo tu elección para futuras compras. ¡Siempre estaremos aquí para ayudarte!,1
0502251103,CierreMasivo 06Feb25,1,6,V Hemos atendido tu aclaración y abonado el importe reclamado a tu cuenta. Valoramos tu elección como cliente en BanCoppel y esperamos seguir siendo tu elección para futuras compras. ¡Siempre estaremos aquí para ayudarte!,1
0502251037,CierreMasivo 06Feb25,1,6,V Hemos atendido tu aclaración y abonado el importe reclamado a tu cuenta. Valoramos tu elección como cliente en BanCoppel y esperamos seguir siendo tu elección para futuras compras. ¡Siempre estaremos aquí para ayudarte!,1
0502251052,CierreMasivo 06Feb25,1,6,V Hemos atendido tu aclaración y abonado el importe reclamado a tu cuenta. Valoramos tu elección como cliente en BanCoppel y esperamos seguir siendo tu elección para futuras compras. ¡Siempre estaremos aquí para ayudarte!,1
0502251073,CierreMasivo 06Feb25,1,6,V Hemos atendido tu aclaración y abonado el importe reclamado a tu cuenta. Valoramos tu elección como cliente en BanCoppel y esperamos seguir siendo tu elección para futuras compras. ¡Siempre estaremos aquí para ayudarte!,1
0502253370,CierreMasivo 06Feb25,1,6,V Hemos atendido tu aclaración y abonado el importe reclamado a tu cuenta. Valoramos tu elección como cliente en BanCoppel y esperamos seguir siendo tu elección para futuras compras. ¡Siempre estaremos aquí para ayudarte!,1
0502253365,CierreMasivo 06Feb25,1,6,V Hemos atendido tu aclaración y abonado el importe reclamado a tu cuenta. Valoramos tu elección como cliente en BanCoppel y esperamos seguir siendo tu elección para futuras compras. ¡Siempre estaremos aquí para ayudarte!,1
0502253286,CierreMasivo 06Feb25,1,6,V Hemos atendido tu aclaración y abonado el importe reclamado a tu cuenta. Valoramos tu elección como cliente en BanCoppel y esperamos seguir siendo tu elección para futuras compras. ¡Siempre estaremos aquí para ayudarte!,1
0502253293,CierreMasivo 06Feb25,1,6,V Hemos atendido tu aclaración y abonado el importe reclamado a tu cuenta. Valoramos tu elección como cliente en BanCoppel y esperamos seguir siendo tu elección para futuras compras. ¡Siempre estaremos aquí para ayudarte!,1
0502252065,CierreMasivo 06Feb25,1,6,V Hemos atendido tu aclaración y abonado el importe reclamado a tu cuenta. Valoramos tu elección como cliente en BanCoppel y esperamos seguir siendo tu elección para futuras compras. ¡Siempre estaremos aquí para ayudarte!,1
0502250778,CierreMasivo 06Feb25,1,6,V Hemos atendido tu aclaración y abonado el importe reclamado a tu cuenta. Valoramos tu elección como cliente en BanCoppel y esperamos seguir siendo tu elección para futuras compras. ¡Siempre estaremos aquí para ayudarte!,1
0502250785,CierreMasivo 06Feb25,1,6,V Hemos atendido tu aclaración y abonado el importe reclamado a tu cuenta. Valoramos tu elección como cliente en BanCoppel y esperamos seguir siendo tu elección para futuras compras. ¡Siempre estaremos aquí para ayudarte!,1
0502250793,CierreMasivo 06Feb25,1,6,V Hemos atendido tu aclaración y abonado el importe reclamado a tu cuenta. Valoramos tu elección como cliente en BanCoppel y esperamos seguir siendo tu elección para futuras compras. ¡Siempre estaremos aquí para ayudarte!,1
0502253436,CierreMasivo 06Feb25,1,6,V Hemos atendido tu aclaración y abonado el importe reclamado a tu cuenta. Valoramos tu elección como cliente en BanCoppel y esperamos seguir siendo tu elección para futuras compras. ¡Siempre estaremos aquí para ayudarte!,1
0502253452,CierreMasivo 06Feb25,1,6,V Hemos atendido tu aclaración y abonado el importe reclamado a tu cuenta. Valoramos tu elección como cliente en BanCoppel y esperamos seguir siendo tu elección para futuras compras. ¡Siempre estaremos aquí para ayudarte!,1
0502253004,CierreMasivo 06Feb25,1,6,V Hemos atendido tu aclaración y abonado el importe reclamado a tu cuenta. Valoramos tu elección como cliente en BanCoppel y esperamos seguir siendo tu elección para futuras compras. ¡Siempre estaremos aquí para ayudarte!,1
0502253026,CierreMasivo 06Feb25,1,6,V Hemos atendido tu aclaración y abonado el importe reclamado a tu cuenta. Valoramos tu elección como cliente en BanCoppel y esperamos seguir siendo tu elección para futuras compras. ¡Siempre estaremos aquí para ayudarte!,1
0502253040,CierreMasivo 06Feb25,1,6,V Hemos atendido tu aclaración y abonado el importe reclamado a tu cuenta. Valoramos tu elección como cliente en BanCoppel y esperamos seguir siendo tu elección para futuras compras. ¡Siempre estaremos aquí para ayudarte!,1
0502253057,CierreMasivo 06Feb25,1,6,V Hemos atendido tu aclaración y abonado el importe reclamado a tu cuenta. Valoramos tu elección como cliente en BanCoppel y esperamos seguir siendo tu elección para futuras compras. ¡Siempre estaremos aquí para ayudarte!,1
0502250294,CierreMasivo 06Feb25,1,6,V Hemos atendido tu aclaración y abonado el importe reclamado a tu cuenta. Valoramos tu elección como cliente en BanCoppel y esperamos seguir siendo tu elección para futuras compras. ¡Siempre estaremos aquí para ayudarte!,1
0502252780,CierreMasivo 06Feb25,1,6,V Hemos atendido tu aclaración y abonado el importe reclamado a tu cuenta. Valoramos tu elección como cliente en BanCoppel y esperamos seguir siendo tu elección para futuras compras. ¡Siempre estaremos aquí para ayudarte!,1
0502252733,CierreMasivo 06Feb25,1,6,V Hemos atendido tu aclaración y abonado el importe reclamado a tu cuenta. Valoramos tu elección como cliente en BanCoppel y esperamos seguir siendo tu elección para futuras compras. ¡Siempre estaremos aquí para ayudarte!,1
0502252661,CierreMasivo 06Feb25,1,6,V Hemos atendido tu aclaración y abonado el importe reclamado a tu cuenta. Valoramos tu elección como cliente en BanCoppel y esperamos seguir siendo tu elección para futuras compras. ¡Siempre estaremos aquí para ayudarte!,1
0502252800,CierreMasivo 06Feb25,1,6,V Hemos atendido tu aclaración y abonado el importe reclamado a tu cuenta. Valoramos tu elección como cliente en BanCoppel y esperamos seguir siendo tu elección para futuras compras. ¡Siempre estaremos aquí para ayudarte!,1
0502252644,CierreMasivo 06Feb25,1,6,V Hemos atendido tu aclaración y abonado el importe reclamado a tu cuenta. Valoramos tu elección como cliente en BanCoppel y esperamos seguir siendo tu elección para futuras compras. ¡Siempre estaremos aquí para ayudarte!,1
0502252812,CierreMasivo 06Feb25,1,6,V Hemos atendido tu aclaración y abonado el importe reclamado a tu cuenta. Valoramos tu elección como cliente en BanCoppel y esperamos seguir siendo tu elección para futuras compras. ¡Siempre estaremos aquí para ayudarte!,1
0502250043,CierreMasivo 06Feb25,1,6,V Hemos atendido tu aclaración y abonado el importe reclamado a tu cuenta. Valoramos tu elección como cliente en BanCoppel y esperamos seguir siendo tu elección para futuras compras. ¡Siempre estaremos aquí para ayudarte!,1
0502250058,CierreMasivo 06Feb25,1,6,V Hemos atendido tu aclaración y abonado el importe reclamado a tu cuenta. Valoramos tu elección como cliente en BanCoppel y esperamos seguir siendo tu elección para futuras compras. ¡Siempre estaremos aquí para ayudarte!,1
0502250130,CierreMasivo 06Feb25,1,6,V Hemos atendido tu aclaración y abonado el importe reclamado a tu cuenta. Valoramos tu elección como cliente en BanCoppel y esperamos seguir siendo tu elección para futuras compras. ¡Siempre estaremos aquí para ayudarte!,1
0502250151,CierreMasivo 06Feb25,1,6,V Hemos atendido tu aclaración y abonado el importe reclamado a tu cuenta. Valoramos tu elección como cliente en BanCoppel y esperamos seguir siendo tu elección para futuras compras. ¡Siempre estaremos aquí para ayudarte!,1
0502250051,CierreMasivo 06Feb25,1,6,V Hemos atendido tu aclaración y abonado el importe reclamado a tu cuenta. Valoramos tu elección como cliente en BanCoppel y esperamos seguir siendo tu elección para futuras compras. ¡Siempre estaremos aquí para ayudarte!,1
0502250098,CierreMasivo 06Feb25,1,6,V Hemos atendido tu aclaración y abonado el importe reclamado a tu cuenta. Valoramos tu elección como cliente en BanCoppel y esperamos seguir siendo tu elección para futuras compras. ¡Siempre estaremos aquí para ayudarte!,1
0502250108,CierreMasivo 06Feb25,1,6,V Hemos atendido tu aclaración y abonado el importe reclamado a tu cuenta. Valoramos tu elección como cliente en BanCoppel y esperamos seguir siendo tu elección para futuras compras. ¡Siempre estaremos aquí para ayudarte!,1
0502250121,CierreMasivo 06Feb25,1,6,V Hemos atendido tu aclaración y abonado el importe reclamado a tu cuenta. Valoramos tu elección como cliente en BanCoppel y esperamos seguir siendo tu elección para futuras compras. ¡Siempre estaremos aquí para ayudarte!,1
0502250070,CierreMasivo 06Feb25,1,6,V Hemos atendido tu aclaración y abonado el importe reclamado a tu cuenta. Valoramos tu elección como cliente en BanCoppel y esperamos seguir siendo tu elección para futuras compras. ¡Siempre estaremos aquí para ayudarte!,1
0502250079,CierreMasivo 06Feb25,1,6,V Hemos atendido tu aclaración y abonado el importe reclamado a tu cuenta. Valoramos tu elección como cliente en BanCoppel y esperamos seguir siendo tu elección para futuras compras. ¡Siempre estaremos aquí para ayudarte!,1
0502251690,CierreMasivo 06Feb25,1,6,V Hemos atendido tu aclaración y abonado el importe reclamado a tu cuenta. Valoramos tu elección como cliente en BanCoppel y esperamos seguir siendo tu elección para futuras compras. ¡Siempre estaremos aquí para ayudarte!,1
0502251641,CierreMasivo 06Feb25,1,6,*/ Hemos atendido tu aclaración y abonado el importe reclamado a tu cuenta. Valoramos tu elección como cliente en BanCoppel y esperamos seguir siendo tu elección para futuras compras. ¡Siempre estaremos aquí para ayudarte!,1
0502252120,CierreMasivo 06Feb25,1,6,*/ Hemos atendido tu aclaración y abonado el importe reclamado a tu cuenta. Valoramos tu elección como cliente en BanCoppel y esperamos seguir siendo tu elección para futuras compras. ¡Siempre estaremos aquí para ayudarte!,1
0502252139,CierreMasivo 06Feb25,1,6,*/ Hemos atendido tu aclaración y abonado el importe reclamado a tu cuenta. Valoramos tu elección como cliente en BanCoppel y esperamos seguir siendo tu elección para futuras compras. ¡Siempre estaremos aquí para ayudarte!,1
0502250515,CierreMasivo 06Feb25,1,6,*/ Hemos atendido tu aclaración y abonado el importe reclamado a tu cuenta. Valoramos tu elección como cliente en BanCoppel y esperamos seguir siendo tu elección para futuras compras. ¡Siempre estaremos aquí para ayudarte!,1
0502250526,CierreMasivo 06Feb25,1,6,*/ Hemos atendido tu aclaración y abonado el importe reclamado a tu cuenta. Valoramos tu elección como cliente en BanCoppel y esperamos seguir siendo tu elección para futuras compras. ¡Siempre estaremos aquí para ayudarte!,1
0502250542,CierreMasivo 06Feb25,1,6,*/ Hemos atendido tu aclaración y abonado el importe reclamado a tu cuenta. Valoramos tu elección como cliente en BanCoppel y esperamos seguir siendo tu elección para futuras compras. ¡Siempre estaremos aquí para ayudarte!,1
0502251933,CierreMasivo 06Feb25,1,6,*/ Hemos atendido tu aclaración y abonado el importe reclamado a tu cuenta. Valoramos tu elección como cliente en BanCoppel y esperamos seguir siendo tu elección para futuras compras. ¡Siempre estaremos aquí para ayudarte!,1
0502253187,CierreMasivo 06Feb25,1,6,*/ Hemos atendido tu aclaración y abonado el importe reclamado a tu cuenta. Valoramos tu elección como cliente en BanCoppel y esperamos seguir siendo tu elección para futuras compras. ¡Siempre estaremos aquí para ayudarte!,1
0502251331,CierreMasivo 06Feb25,1,6,*/ Hemos atendido tu aclaración y abonado el importe reclamado a tu cuenta. Valoramos tu elección como cliente en BanCoppel y esperamos seguir siendo tu elección para futuras compras. ¡Siempre estaremos aquí para ayudarte!,1
0502253027,CierreMasivo 06Feb25,1,6,*/ Hemos atendido tu aclaración y abonado el importe reclamado a tu cuenta. Valoramos tu elección como cliente en BanCoppel y esperamos seguir siendo tu elección para futuras compras. ¡Siempre estaremos aquí para ayudarte!,1
0502253039,CierreMasivo 06Feb25,1,6,*/ Hemos atendido tu aclaración y abonado el importe reclamado a tu cuenta. Valoramos tu elección como cliente en BanCoppel y esperamos seguir siendo tu elección para futuras compras. ¡Siempre estaremos aquí para ayudarte!,1
0502253011,CierreMasivo 06Feb25,1,6,*/ Hemos atendido tu aclaración y abonado el importe reclamado a tu cuenta. Valoramos tu elección como cliente en BanCoppel y esperamos seguir siendo tu elección para futuras compras. ¡Siempre estaremos aquí para ayudarte!,1
0502250068,CierreMasivo 06Feb25,1,6,*/ Hemos atendido tu aclaración y abonado el importe reclamado a tu cuenta. Valoramos tu elección como cliente en BanCoppel y esperamos seguir siendo tu elección para futuras compras. ¡Siempre estaremos aquí para ayudarte!,1
0502250071,CierreMasivo 06Feb25,1,6,*/ Hemos atendido tu aclaración y abonado el importe reclamado a tu cuenta. Valoramos tu elección como cliente en BanCoppel y esperamos seguir siendo tu elección para futuras compras. ¡Siempre estaremos aquí para ayudarte!,1
0502253296,CierreMasivo 06Feb25,1,6,*/ Hemos atendido tu aclaración y abonado el importe reclamado a tu cuenta. Valoramos tu elección como cliente en BanCoppel y esperamos seguir siendo tu elección para futuras compras. ¡Siempre estaremos aquí para ayudarte!,1
0502253316,CierreMasivo 06Feb25,1,6,*/ Hemos atendido tu aclaración y abonado el importe reclamado a tu cuenta. Valoramos tu elección como cliente en BanCoppel y esperamos seguir siendo tu elección para futuras compras. ¡Siempre estaremos aquí para ayudarte!,1
0502253372,CierreMasivo 06Feb25,1,6,*/ Hemos atendido tu aclaración y abonado el importe reclamado a tu cuenta. Valoramos tu elección como cliente en BanCoppel y esperamos seguir siendo tu elección para futuras compras. ¡Siempre estaremos aquí para ayudarte!,1
0502251340,CierreMasivo 06Feb25,1,6,*/ Hemos atendido tu aclaración y abonado el importe reclamado a tu cuenta. Valoramos tu elección como cliente en BanCoppel y esperamos seguir siendo tu elección para futuras compras. ¡Siempre estaremos aquí para ayudarte!,1
0502253109,CierreMasivo 06Feb25,1,6,*/ Hemos atendido tu aclaración y abonado el importe reclamado a tu cuenta. Valoramos tu elección como cliente en BanCoppel y esperamos seguir siendo tu elección para futuras compras. ¡Siempre estaremos aquí para ayudarte!,1
0502251676,CierreMasivo 06Feb25,1,6,*/ Hemos atendido tu aclaración y abonado el importe reclamado a tu cuenta. Valoramos tu elección como cliente en BanCoppel y esperamos seguir siendo tu elección para futuras compras. ¡Siempre estaremos aquí para ayudarte!,1
0502251567,CierreMasivo 06Feb25,1,6,*/ Hemos atendido tu aclaración y abonado el importe reclamado a tu cuenta. Valoramos tu elección como cliente en BanCoppel y esperamos seguir siendo tu elección para futuras compras. ¡Siempre estaremos aquí para ayudarte!,1
0502251545,CierreMasivo 06Feb25,1,6,*/ Hemos atendido tu aclaración y abonado el importe reclamado a tu cuenta. Valoramos tu elección como cliente en BanCoppel y esperamos seguir siendo tu elección para futuras compras. ¡Siempre estaremos aquí para ayudarte!,1
0502251511,CierreMasivo 06Feb25,1,6,*/ Hemos atendido tu aclaración y abonado el importe reclamado a tu cuenta. Valoramos tu elección como cliente en BanCoppel y esperamos seguir siendo tu elección para futuras compras. ¡Siempre estaremos aquí para ayudarte!,1
0502253105,CierreMasivo 06Feb25,1,6,*/ Hemos atendido tu aclaración y abonado el importe reclamado a tu cuenta. Valoramos tu elección como cliente en BanCoppel y esperamos seguir siendo tu elección para futuras compras. ¡Siempre estaremos aquí para ayudarte!,1
0502251222,CierreMasivo 06Feb25,1,6,*/ Hemos atendido tu aclaración y abonado el importe reclamado a tu cuenta. Valoramos tu elección como cliente en BanCoppel y esperamos seguir siendo tu elección para futuras compras. ¡Siempre estaremos aquí para ayudarte!,1
0502253295,CierreMasivo 06Feb25,1,6,*/ Hemos atendido tu aclaración y abonado el importe reclamado a tu cuenta. Valoramos tu elección como cliente en BanCoppel y esperamos seguir siendo tu elección para futuras compras. ¡Siempre estaremos aquí para ayudarte!,1
0502253415,CierreMasivo 06Feb25,1,6,*/ Hemos atendido tu aclaración y abonado el importe reclamado a tu cuenta. Valoramos tu elección como cliente en BanCoppel y esperamos seguir siendo tu elección para futuras compras. ¡Siempre estaremos aquí para ayudarte!,1
0502253324,CierreMasivo 06Feb25,1,6,*/ Hemos atendido tu aclaración y abonado el importe reclamado a tu cuenta. Valoramos tu elección como cliente en BanCoppel y esperamos seguir siendo tu elección para futuras compras. ¡Siempre estaremos aquí para ayudarte!,1
0502252850,CierreMasivo 06Feb25,1,6,*/ Hemos atendido tu aclaración y abonado el importe reclamado a tu cuenta. Valoramos tu elección como cliente en BanCoppel y esperamos seguir siendo tu elección para futuras compras. ¡Siempre estaremos aquí para ayudarte!,1
0502252893,CierreMasivo 06Feb25,1,6,*/ Hemos atendido tu aclaración y abonado el importe reclamado a tu cuenta. Valoramos tu elección como cliente en BanCoppel y esperamos seguir siendo tu elección para futuras compras. ¡Siempre estaremos aquí para ayudarte!,1
0502252522,CierreMasivo 06Feb25,1,6,*/ Hemos atendido tu aclaración y abonado el importe reclamado a tu cuenta. Valoramos tu elección como cliente en BanCoppel y esperamos seguir siendo tu elección para futuras compras. ¡Siempre estaremos aquí para ayudarte!,1
0502252550,CierreMasivo 06Feb25,1,6,*/ Hemos atendido tu aclaración y abonado el importe reclamado a tu cuenta. Valoramos tu elección como cliente en BanCoppel y esperamos seguir siendo tu elección para futuras compras. ¡Siempre estaremos aquí para ayudarte!,1
0502252495,CierreMasivo 06Feb25,1,6,*/ Hemos atendido tu aclaración y abonado el importe reclamado a tu cuenta. Valoramos tu elección como cliente en BanCoppel y esperamos seguir siendo tu elección para futuras compras. ¡Siempre estaremos aquí para ayudarte!,1
0502251584,CierreMasivo 06Feb25,1,6,*/ Hemos atendido tu aclaración y abonado el importe reclamado a tu cuenta. Valoramos tu elección como cliente en BanCoppel y esperamos seguir siendo tu elección para futuras compras. ¡Siempre estaremos aquí para ayudarte!,1
0502251594,CierreMasivo 06Feb25,1,6,*/ Hemos atendido tu aclaración y abonado el importe reclamado a tu cuenta. Valoramos tu elección como cliente en BanCoppel y esperamos seguir siendo tu elección para futuras compras. ¡Siempre estaremos aquí para ayudarte!,1
0502251661,CierreMasivo 06Feb25,1,6,*/ Hemos atendido tu aclaración y abonado el importe reclamado a tu cuenta. Valoramos tu elección como cliente en BanCoppel y esperamos seguir siendo tu elección para futuras compras. ¡Siempre estaremos aquí para ayudarte!,1
0502251669,CierreMasivo 06Feb25,1,6,*/ Hemos atendido tu aclaración y abonado el importe reclamado a tu cuenta. Valoramos tu elección como cliente en BanCoppel y esperamos seguir siendo tu elección para futuras compras. ¡Siempre estaremos aquí para ayudarte!,1
0502251652,CierreMasivo 06Feb25,1,6,*/ Hemos atendido tu aclaración y abonado el importe reclamado a tu cuenta. Valoramos tu elección como cliente en BanCoppel y esperamos seguir siendo tu elección para futuras compras. ¡Siempre estaremos aquí para ayudarte!,1
0502252329,CierreMasivo 06Feb25,1,6,*/ Hemos atendido tu aclaración y abonado el importe reclamado a tu cuenta. Valoramos tu elección como cliente en BanCoppel y esperamos seguir siendo tu elección para futuras compras. ¡Siempre estaremos aquí para ayudarte!,1
0502252353,CierreMasivo 06Feb25,1,6,*/ Hemos atendido tu aclaración y abonado el importe reclamado a tu cuenta. Valoramos tu elección como cliente en BanCoppel y esperamos seguir siendo tu elección para futuras compras. ¡Siempre estaremos aquí para ayudarte!,1
0502252434,CierreMasivo 06Feb25,1,6,*/ Hemos atendido tu aclaración y abonado el importe reclamado a tu cuenta. Valoramos tu elección como cliente en BanCoppel y esperamos seguir siendo tu elección para futuras compras. ¡Siempre estaremos aquí para ayudarte!,1
0502253414,CierreMasivo 06Feb25,1,6,*/ Hemos atendido tu aclaración y abonado el importe reclamado a tu cuenta. Valoramos tu elección como cliente en BanCoppel y esperamos seguir siendo tu elección para futuras compras. ¡Siempre estaremos aquí para ayudarte!,1
0502252738,CierreMasivo 06Feb25,1,6,*/ Hemos atendido tu aclaración y abonado el importe reclamado a tu cuenta. Valoramos tu elección como cliente en BanCoppel y esperamos seguir siendo tu elección para futuras compras. ¡Siempre estaremos aquí para ayudarte!,1
0502250040,CierreMasivo 06Feb25,1,6,*/ Hemos atendido tu aclaración y abonado el importe reclamado a tu cuenta. Valoramos tu elección como cliente en BanCoppel y esperamos seguir siendo tu elección para futuras compras. ¡Siempre estaremos aquí para ayudarte!,1
0502250038,CierreMasivo 06Feb25,1,6,*/ Hemos atendido tu aclaración y abonado el importe reclamado a tu cuenta. Valoramos tu elección como cliente en BanCoppel y esperamos seguir siendo tu elección para futuras compras. ¡Siempre estaremos aquí para ayudarte!,1
0502250036,CierreMasivo 06Feb25,1,6,*/ Hemos atendido tu aclaración y abonado el importe reclamado a tu cuenta. Valoramos tu elección como cliente en BanCoppel y esperamos seguir siendo tu elección para futuras compras. ¡Siempre estaremos aquí para ayudarte!,1
0502250022,CierreMasivo 06Feb25,1,6,*/ Hemos atendido tu aclaración y abonado el importe reclamado a tu cuenta. Valoramos tu elección como cliente en BanCoppel y esperamos seguir siendo tu elección para futuras compras. ¡Siempre estaremos aquí para ayudarte!,1
0502250025,CierreMasivo 06Feb25,1,6,*/ Hemos atendido tu aclaración y abonado el importe reclamado a tu cuenta. Valoramos tu elección como cliente en BanCoppel y esperamos seguir siendo tu elección para futuras compras. ¡Siempre estaremos aquí para ayudarte!,1
0502250722,CierreMasivo 06Feb25,0,5,Tras revisar la transacción en detalle encontramos que los intereses generados son correctos en base a saldo promedio manejado no fue cubierto el pago total para no generar interés favor de validar estado de cuenta (DIC-ENERO)  con apoyo de  ejecutivo Bancoppel. Lamentablemente no podemos aprobar tu solicitud de aclaración en esta ocasión.,1
0502250069,CierreMasivo 06Feb25,0,5,Tras revisar la transacción en detalle encontramos que los intereses generados son correctos en base a saldo promedio manejado no fue cubierto el pago total para no generar interés favor de validar estado de cuenta (oct-nov ) con apoyo de  ejecutivo Bancoppel. Lamentablemente no podemos aprobar tu solicitud de aclaración en esta ocasión.,1
0502252856,CierreMasivo 06Feb25,0,5,Tras revisar la transacción en detalle encontramos que  las bonificaciones de cargos no reconocidos fueron realizadas a tiempo (oct-nov ) presento adeudo de $  072 anterior a las aclaraciones y compra 01-10-2024 por $744831 las cuales generaron interes  es importante considerar que los pagos para no generar interes  (pago total ) son los dias 16 de cada mes   lo invitamos a realizar el pago urgente y evite generar interés nuevamente.  Lamentablemente no podemos aprobar tu solicitud de aclaración en esta ocasión.,1
0502251644,CierreMasivo 06Feb25,0,5,Tras revisar la transacción en detalle se realiza bonificación total por  intereses generados de $6624    el cual será bonificado en un plazo de dos días hábiles ( Comisión por (apertura de crédito ) . Lamentablemente no podemos aprobar tu solicitud de aclaración en esta ocasión.,1
0502253209,CierreMasivo 06Feb25,0,5,Tras revisar la transacción en detalle se realiza bonificación total por  intereses generados de $1977    el cual será bonificado en un plazo de dos días hábiles . Lamentablemente no podemos aprobar tu solicitud de aclaración en esta ocasión.,1
0402250342,CierreMasivo 06Feb25,0,5,Tras revisar la transacción en detalle encontramos que ingresaste tu NIP correctamente en la terminal para confirmar la compra. Lamentablemente no podemos aprobar tu solicitud de aclaración.,1
0402253423,CierreMasivo 06Feb25,0,5,Tras revisar la transacción en detalle encontramos que ingresaste tu NIP correctamente en la terminal para confirmar la compra. Lamentablemente no podemos aprobar tu solicitud de aclaración.,1
0402253776,CierreMasivo 06Feb25,0,5,Tras revisar la transacción en detalle encontramos que ingresaste tu NIP correctamente en la terminal para confirmar la compra. Lamentablemente no podemos aprobar tu solicitud de aclaración.,1
0502250105,CierreMasivo 06Feb25,0,5,Tras revisar la transacción en detalle se realiza bonificación total por  intereses generados de $1251  el cual será bonificado en un plazo de dos días hábiles.  ( COMISION APERTURA  ). Lo invitamos a liquidar el deudor total de crédito posterior a la bonificación.,1
0502251783,CierreMasivo 06Feb25,0,5,Tras revisar la transacción en detalle se realiza bonificación total por  intereses generados de $2422  el cual será bonificado en un plazo de dos días hábiles.  ( COMISION APERTURA  ). Lo invitamos a liquidar el deudor total de crédito posterior a la bonificación.,1
0502252272,CierreMasivo 06Feb25,0,5,Tras revisar la transacción en detalle  importe corresponde a traspaso   importe  20/12/2024  pendiente de la TDC VISA TARJETA: 4268070337999967  CUENTA :600624643166 correspondiente a compras pendientes del 15 y 16 diciembre   .  Lamentablemente no podemos aprobar tu solicitud de aclaración en esta ocasión.,1
0502253013,CierreMasivo 06Feb25,0,5,Tras revisar la transacción en detalle encontramos que el monto reclamado corresponde a COBRO COMISIÓN  POR APERTURA  el cual es correcto . Lamentablemente no podemos aprobar tu solicitud de aclaración en esta ocasión.,1
0502253035,CierreMasivo 06Feb25,0,5,Tras validar el detalle movimiento disposicion de efectivo de TDC fue realizado mediante la aplicación APP Bancoppel  con cobro (COMISION E IVA POR DISPOSICION DE EFECTIVO ) .  al tratarse de este tipo de movimientos  se necesita descargar APP en el teléfono proporcionado además de ingresar una serie de datos los cuales solo son del conocimiento del cliente. Lamentablemente no podemos aprobar tu solicitud de aclaración en esta ocasión.,1
0502253060,CierreMasivo 06Feb25,0,5,Tras validar el detalle movimiento disposicion de efectivo de TDC fue realizado mediante la aplicación APP Bancoppel  con cobro (COMISION E IVA POR DISPOSICION DE EFECTIVO ) .  al tratarse de este tipo de movimientos  se necesita descargar APP en el teléfono proporcionado además de ingresar una serie de datos los cuales solo son del conocimiento del cliente. Lamentablemente no podemos aprobar tu solicitud de aclaración en esta ocasión.,1
0502251855,CierreMasivo 06Feb25,0,5,Tras validar el detalle movimiento disposicion de efectivo de TDC fue realizado mediante la aplicación APP Bancoppel  con cobro (COMISION E IVA POR DISPOSICION DE EFECTIVO ) .  al tratarse de este tipo de movimientos  se necesita descargar APP en el teléfono proporcionado además de ingresar una serie de datos los cuales solo son del conocimiento del cliente. Lamentablemente no podemos aprobar tu solicitud de aclaración en esta ocasión.,1
0502251869,CierreMasivo 06Feb25,0,5,Tras validar el detalle movimiento disposicion de efectivo de TDC fue realizado mediante la aplicación APP Bancoppel  con cobro (COMISION E IVA POR DISPOSICION DE EFECTIVO ) .  al tratarse de este tipo de movimientos  se necesita descargar APP en el teléfono proporcionado además de ingresar una serie de datos los cuales solo son del conocimiento del cliente. Lamentablemente no podemos aprobar tu solicitud de aclaración en esta ocasión.,1
0502251882,CierreMasivo 06Feb25,0,5,Tras validar el detalle movimiento disposicion de efectivo de TDC fue realizado mediante la aplicación APP Bancoppel  con cobro (COMISION E IVA POR DISPOSICION DE EFECTIVO ) .  al tratarse de este tipo de movimientos  se necesita descargar APP en el teléfono proporcionado además de ingresar una serie de datos los cuales solo son del conocimiento del cliente. Lamentablemente no podemos aprobar tu solicitud de aclaración en esta ocasión.,1
0502253012,CierreMasivo 06Feb25,0,5,Tras revisar la transacción en detalle  cargo corresponde a el cobro comisión por anualidad es correcta  favor de validar tabla de tasas y comisiones de TDC ORO actualizadas   con ejecutivo. Lamentablemente no podemos aprobar tu solicitud de aclaración en esta ocasión.,1
0502251719,CierreMasivo 06Feb25,0,5,Tras revisar la transacción en detalle encontramos que el monto reclamado corresponde a COBRO COMISIÓN  POR APERTURA  el cual es correcto . Lamentablemente no podemos aprobar tu solicitud de aclaración en esta ocasión.,1
0502252803,CierreMasivo 06Feb25,0,5,Tras revisar la transacción en detalle encontramos que el monto corresponde  a cobro por comisión por manejo de cuenta;( $20.00 comisión y $3.20 IVA ) y del cual es es necesario contar con saldo promedio mayor mensual de $300 su saldo promedio fue del periodo           29/DIC./2024 AL 28/ENE./2025 SALDO $ 232.70  y/o no cumplieron con las reglas para exentar. Lamentablemente no podemos aprobar tu solicitud de aclaración en esta ocasión.,1
0502252331,CierreMasivo 06Feb25,0,5,Tras revisar la transacción en detalle encontramos que el monto corresponde  a cobro por comisión por manejo de cuenta;( $20.00 comisión y $3.20 IVA ) y del cual es es necesario contar con saldo promedio mayor mensual de $300 su saldo promedio fue del periodo           15/NOV./2024 AL 14/DIC./2024 SALDO $ 107.42   y/o no cumplieron con las reglas para exentar. Lamentablemente no podemos aprobar tu solicitud de aclaración en esta ocasión.,1
0502252357,CierreMasivo 06Feb25,0,5,Tras revisar la transacción en detalle encontramos que el monto corresponde  a cobro por comisión por manejo de cuenta;( $20.00 comisión y $3.20 IVA ) y del cual es es necesario contar con saldo promedio mayor mensual de $300 su saldo promedio fue del periodo           15/DIC./2024 AL 14/ENE./2025 SALDO $ 119.77   y/o no cumplieron con las reglas para exentar. Lamentablemente no podemos aprobar tu solicitud de aclaración en esta ocasión.,1
0502253042,CierreMasivo 06Feb25,1,6,@+ Hemos atendido tu aclaración y abonado el importe reclamado a tu cuenta. Valoramos tu elección como cliente en BanCoppel y esperamos seguir siendo tu elección para futuras compras. ¡Siempre estaremos aquí para ayudarte!,1
0502250500,CierreMasivo 06Feb25,1,6,@+ Hemos atendido tu aclaración y abonado el importe reclamado a tu cuenta. Valoramos tu elección como cliente en BanCoppel y esperamos seguir siendo tu elección para futuras compras. ¡Siempre estaremos aquí para ayudarte!,1
0502250971,CierreMasivo 06Feb25,0,5,Tras revisar la transacción en detalle  movimiento corresponde a Tras revisar la transacción en detalle  movimiento corresponde a CARGO POR ACLARACION 1410240108 (CARGO POR DUPLICICDAD DE DEVOLUCION 31-10-2024)  . Lamentablemente  no podemos aprobar tu solicitud de aclaración en esta ocasión.,1
0502252106,CierreMasivo 06Feb25,0,5,Tras revisar la transacción en detalle encontramos que el monto corresponde  a cobro por comisión por manejo de cuenta;( $20.00 comisión y $3.20 IVA ) y del cual es es necesario contar con saldo promedio mayor mensual de $300 su saldo promedio fue del periodo           27/DIC./2024 AL 26/ENE./2025 SALDO $ 256.47   y/o no cumplieron con las reglas para exentar. Lamentablemente no podemos aprobar tu solicitud de aclaración en esta ocasión.,1
0502252596,CierreMasivo 06Feb25,0,5,Tras revisar la transacción en detalle  no se encontró información de evento que reclama   favor de validar estados de cuenta con apoyo de Gerente en sucursal.  Lamentablemente no podemos aprobar tu solicitud de aclaración en esta ocasión.,1
0502250788,CierreMasivo 06Feb25,0,5,Tras revisar la transacción en detalle  de acuerdo a la información proporcionada por el área correspondiente  CARGO ATRAS BANCO  (2025012840014BMOV0000443324922 )  es debido a un abono SPEI que a cliente no correspondia   . Lamentablemente no podemos aprobar tu solicitud de aclaración en esta ocasión.,1
0502251735,CierreMasivo 06Feb25,0,5,Tras revisar la transacción en detalle Movimiento corresponde a domiciliacion  favor de validar y levantar por evento correcto.  Lamentablemente no podemos aprobar tu solicitud de aclaración en esta ocasión.,1
0502250962,CierreMasivo 06Feb25,0,5,Tras revisar la transacción en detalle encontramos que el monto corresponde  a cobro por comisión por manejo de cuenta;( $20.00 comisión y $3.20 IVA ) y del cual es es necesario contar con saldo promedio mayor mensual de $300 su saldo promedio fue del periodo           20/DIC./2024 AL 19/ENE./2025 SALDO $ 218.53   y/o no cumplieron con las reglas para exentar. Lamentablemente no podemos aprobar tu solicitud de aclaración en esta ocasión.,1
0402252067,CierreMasivo 06Feb25,1,6,{* Hemos atendido tu aclaración y abonado el importe reclamado a tu cuenta. Valoramos tu elección como cliente en BanCoppel y esperamos seguir siendo tu elección para futuras compras. ¡Siempre estaremos aquí para ayudarte!,1
0402252110,CierreMasivo 06Feb25,1,6,{* Hemos atendido tu aclaración y abonado el importe reclamado a tu cuenta. Valoramos tu elección como cliente en BanCoppel y esperamos seguir siendo tu elección para futuras compras. ¡Siempre estaremos aquí para ayudarte!,1
0402252141,CierreMasivo 06Feb25,1,6,{* Hemos atendido tu aclaración y abonado el importe reclamado a tu cuenta. Valoramos tu elección como cliente en BanCoppel y esperamos seguir siendo tu elección para futuras compras. ¡Siempre estaremos aquí para ayudarte!,1
0402252156,CierreMasivo 06Feb25,1,6,{* Hemos atendido tu aclaración y abonado el importe reclamado a tu cuenta. Valoramos tu elección como cliente en BanCoppel y esperamos seguir siendo tu elección para futuras compras. ¡Siempre estaremos aquí para ayudarte!,1
0402252174,CierreMasivo 06Feb25,1,6,{* Hemos atendido tu aclaración y abonado el importe reclamado a tu cuenta. Valoramos tu elección como cliente en BanCoppel y esperamos seguir siendo tu elección para futuras compras. ¡Siempre estaremos aquí para ayudarte!,1
0402252185,CierreMasivo 06Feb25,1,6,{* Hemos atendido tu aclaración y abonado el importe reclamado a tu cuenta. Valoramos tu elección como cliente en BanCoppel y esperamos seguir siendo tu elección para futuras compras. ¡Siempre estaremos aquí para ayudarte!,1
0402252200,CierreMasivo 06Feb25,1,6,{* Hemos atendido tu aclaración y abonado el importe reclamado a tu cuenta. Valoramos tu elección como cliente en BanCoppel y esperamos seguir siendo tu elección para futuras compras. ¡Siempre estaremos aquí para ayudarte!,1
0402250747,CierreMasivo 06Feb25,1,6,{* Hemos atendido tu aclaración y abonado el importe reclamado a tu cuenta. Valoramos tu elección como cliente en BanCoppel y esperamos seguir siendo tu elección para futuras compras. ¡Siempre estaremos aquí para ayudarte!,1
0402253657,CierreMasivo 06Feb25,1,6,{* Hemos atendido tu aclaración y abonado el importe reclamado a tu cuenta. Valoramos tu elección como cliente en BanCoppel y esperamos seguir siendo tu elección para futuras compras. ¡Siempre estaremos aquí para ayudarte!,1
0402253656,CierreMasivo 06Feb25,1,6,{* Hemos atendido tu aclaración y abonado el importe reclamado a tu cuenta. Valoramos tu elección como cliente en BanCoppel y esperamos seguir siendo tu elección para futuras compras. ¡Siempre estaremos aquí para ayudarte!,1
0402250200,CierreMasivo 06Feb25,1,6,{* Hemos atendido tu aclaración y abonado el importe reclamado a tu cuenta. Valoramos tu elección como cliente en BanCoppel y esperamos seguir siendo tu elección para futuras compras. ¡Siempre estaremos aquí para ayudarte!,1
0402250224,CierreMasivo 06Feb25,1,6,{* Hemos atendido tu aclaración y abonado el importe reclamado a tu cuenta. Valoramos tu elección como cliente en BanCoppel y esperamos seguir siendo tu elección para futuras compras. ¡Siempre estaremos aquí para ayudarte!,1
0402250236,CierreMasivo 06Feb25,1,6,{* Hemos atendido tu aclaración y abonado el importe reclamado a tu cuenta. Valoramos tu elección como cliente en BanCoppel y esperamos seguir siendo tu elección para futuras compras. ¡Siempre estaremos aquí para ayudarte!,1
0402250255,CierreMasivo 06Feb25,1,6,{* Hemos atendido tu aclaración y abonado el importe reclamado a tu cuenta. Valoramos tu elección como cliente en BanCoppel y esperamos seguir siendo tu elección para futuras compras. ¡Siempre estaremos aquí para ayudarte!,1
0402250297,CierreMasivo 06Feb25,1,6,{* Hemos atendido tu aclaración y abonado el importe reclamado a tu cuenta. Valoramos tu elección como cliente en BanCoppel y esperamos seguir siendo tu elección para futuras compras. ¡Siempre estaremos aquí para ayudarte!,1
0402250327,CierreMasivo 06Feb25,1,6,{* Hemos atendido tu aclaración y abonado el importe reclamado a tu cuenta. Valoramos tu elección como cliente en BanCoppel y esperamos seguir siendo tu elección para futuras compras. ¡Siempre estaremos aquí para ayudarte!,1
0402252801,CierreMasivo 06Feb25,1,6,{* Hemos atendido tu aclaración y abonado el importe reclamado a tu cuenta. Valoramos tu elección como cliente en BanCoppel y esperamos seguir siendo tu elección para futuras compras. ¡Siempre estaremos aquí para ayudarte!,1
0402252783,CierreMasivo 06Feb25,1,6,{* Hemos atendido tu aclaración y abonado el importe reclamado a tu cuenta. Valoramos tu elección como cliente en BanCoppel y esperamos seguir siendo tu elección para futuras compras. ¡Siempre estaremos aquí para ayudarte!,1
0402251621,CierreMasivo 06Feb25,1,6,{* Hemos atendido tu aclaración y abonado el importe reclamado a tu cuenta. Valoramos tu elección como cliente en BanCoppel y esperamos seguir siendo tu elección para futuras compras. ¡Siempre estaremos aquí para ayudarte!,1
0402251597,CierreMasivo 06Feb25,1,6,{* Hemos atendido tu aclaración y abonado el importe reclamado a tu cuenta. Valoramos tu elección como cliente en BanCoppel y esperamos seguir siendo tu elección para futuras compras. ¡Siempre estaremos aquí para ayudarte!,1
0402251586,CierreMasivo 06Feb25,1,6,{* Hemos atendido tu aclaración y abonado el importe reclamado a tu cuenta. Valoramos tu elección como cliente en BanCoppel y esperamos seguir siendo tu elección para futuras compras. ¡Siempre estaremos aquí para ayudarte!,1
0402251602,CierreMasivo 06Feb25,1,6,{* Hemos atendido tu aclaración y abonado el importe reclamado a tu cuenta. Valoramos tu elección como cliente en BanCoppel y esperamos seguir siendo tu elección para futuras compras. ¡Siempre estaremos aquí para ayudarte!,1
0402252787,CierreMasivo 06Feb25,1,6,{* Hemos atendido tu aclaración y abonado el importe reclamado a tu cuenta. Valoramos tu elección como cliente en BanCoppel y esperamos seguir siendo tu elección para futuras compras. ¡Siempre estaremos aquí para ayudarte!,1
0402252810,CierreMasivo 06Feb25,1,6,{* Hemos atendido tu aclaración y abonado el importe reclamado a tu cuenta. Valoramos tu elección como cliente en BanCoppel y esperamos seguir siendo tu elección para futuras compras. ¡Siempre estaremos aquí para ayudarte!,1
0402252826,CierreMasivo 06Feb25,1,6,{* Hemos atendido tu aclaración y abonado el importe reclamado a tu cuenta. Valoramos tu elección como cliente en BanCoppel y esperamos seguir siendo tu elección para futuras compras. ¡Siempre estaremos aquí para ayudarte!,1
0402252841,CierreMasivo 06Feb25,1,6,{* Hemos atendido tu aclaración y abonado el importe reclamado a tu cuenta. Valoramos tu elección como cliente en BanCoppel y esperamos seguir siendo tu elección para futuras compras. ¡Siempre estaremos aquí para ayudarte!,1
0402252861,CierreMasivo 06Feb25,1,6,{* Hemos atendido tu aclaración y abonado el importe reclamado a tu cuenta. Valoramos tu elección como cliente en BanCoppel y esperamos seguir siendo tu elección para futuras compras. ¡Siempre estaremos aquí para ayudarte!,1
0402252879,CierreMasivo 06Feb25,1,6,{* Hemos atendido tu aclaración y abonado el importe reclamado a tu cuenta. Valoramos tu elección como cliente en BanCoppel y esperamos seguir siendo tu elección para futuras compras. ¡Siempre estaremos aquí para ayudarte!,1
0402252891,CierreMasivo 06Feb25,1,6,{* Hemos atendido tu aclaración y abonado el importe reclamado a tu cuenta. Valoramos tu elección como cliente en BanCoppel y esperamos seguir siendo tu elección para futuras compras. ¡Siempre estaremos aquí para ayudarte!,1
0402252904,CierreMasivo 06Feb25,1,6,{* Hemos atendido tu aclaración y abonado el importe reclamado a tu cuenta. Valoramos tu elección como cliente en BanCoppel y esperamos seguir siendo tu elección para futuras compras. ¡Siempre estaremos aquí para ayudarte!,1
0402252921,CierreMasivo 06Feb25,1,6,{* Hemos atendido tu aclaración y abonado el importe reclamado a tu cuenta. Valoramos tu elección como cliente en BanCoppel y esperamos seguir siendo tu elección para futuras compras. ¡Siempre estaremos aquí para ayudarte!,1
0402252931,CierreMasivo 06Feb25,1,6,{* Hemos atendido tu aclaración y abonado el importe reclamado a tu cuenta. Valoramos tu elección como cliente en BanCoppel y esperamos seguir siendo tu elección para futuras compras. ¡Siempre estaremos aquí para ayudarte!,1
0402252942,CierreMasivo 06Feb25,1,6,{* Hemos atendido tu aclaración y abonado el importe reclamado a tu cuenta. Valoramos tu elección como cliente en BanCoppel y esperamos seguir siendo tu elección para futuras compras. ¡Siempre estaremos aquí para ayudarte!,1
0402253067,CierreMasivo 06Feb25,1,6,{* Hemos atendido tu aclaración y abonado el importe reclamado a tu cuenta. Valoramos tu elección como cliente en BanCoppel y esperamos seguir siendo tu elección para futuras compras. ¡Siempre estaremos aquí para ayudarte!,1
0402253079,CierreMasivo 06Feb25,1,6,{* Hemos atendido tu aclaración y abonado el importe reclamado a tu cuenta. Valoramos tu elección como cliente en BanCoppel y esperamos seguir siendo tu elección para futuras compras. ¡Siempre estaremos aquí para ayudarte!,1
0402253092,CierreMasivo 06Feb25,1,6,{* Hemos atendido tu aclaración y abonado el importe reclamado a tu cuenta. Valoramos tu elección como cliente en BanCoppel y esperamos seguir siendo tu elección para futuras compras. ¡Siempre estaremos aquí para ayudarte!,1
0402253105,CierreMasivo 06Feb25,1,6,{* Hemos atendido tu aclaración y abonado el importe reclamado a tu cuenta. Valoramos tu elección como cliente en BanCoppel y esperamos seguir siendo tu elección para futuras compras. ¡Siempre estaremos aquí para ayudarte!,1
0402250374,CierreMasivo 06Feb25,1,6,{* Hemos atendido tu aclaración y abonado el importe reclamado a tu cuenta. Valoramos tu elección como cliente en BanCoppel y esperamos seguir siendo tu elección para futuras compras. ¡Siempre estaremos aquí para ayudarte!,1
0402250967,CierreMasivo 06Feb25,1,6,{* Hemos atendido tu aclaración y abonado el importe reclamado a tu cuenta. Valoramos tu elección como cliente en BanCoppel y esperamos seguir siendo tu elección para futuras compras. ¡Siempre estaremos aquí para ayudarte!,1
0402252768,CierreMasivo 06Feb25,1,6,{* Hemos atendido tu aclaración y abonado el importe reclamado a tu cuenta. Valoramos tu elección como cliente en BanCoppel y esperamos seguir siendo tu elección para futuras compras. ¡Siempre estaremos aquí para ayudarte!,1
0402252804,CierreMasivo 06Feb25,1,6,{* Hemos atendido tu aclaración y abonado el importe reclamado a tu cuenta. Valoramos tu elección como cliente en BanCoppel y esperamos seguir siendo tu elección para futuras compras. ¡Siempre estaremos aquí para ayudarte!,1
0402252848,CierreMasivo 06Feb25,1,6,{* Hemos atendido tu aclaración y abonado el importe reclamado a tu cuenta. Valoramos tu elección como cliente en BanCoppel y esperamos seguir siendo tu elección para futuras compras. ¡Siempre estaremos aquí para ayudarte!,1
0402252633,CierreMasivo 06Feb25,1,6,{* Hemos atendido tu aclaración y abonado el importe reclamado a tu cuenta. Valoramos tu elección como cliente en BanCoppel y esperamos seguir siendo tu elección para futuras compras. ¡Siempre estaremos aquí para ayudarte!,1
0402250426,CierreMasivo 06Feb25,1,6,{* Hemos atendido tu aclaración y abonado el importe reclamado a tu cuenta. Valoramos tu elección como cliente en BanCoppel y esperamos seguir siendo tu elección para futuras compras. ¡Siempre estaremos aquí para ayudarte!,1
0402250480,CierreMasivo 06Feb25,1,6,{* Hemos atendido tu aclaración y abonado el importe reclamado a tu cuenta. Valoramos tu elección como cliente en BanCoppel y esperamos seguir siendo tu elección para futuras compras. ¡Siempre estaremos aquí para ayudarte!,1
0402252248,CierreMasivo 06Feb25,1,6,{* Hemos atendido tu aclaración y abonado el importe reclamado a tu cuenta. Valoramos tu elección como cliente en BanCoppel y esperamos seguir siendo tu elección para futuras compras. ¡Siempre estaremos aquí para ayudarte!,1
0402252311,CierreMasivo 06Feb25,1,6,{* Hemos atendido tu aclaración y abonado el importe reclamado a tu cuenta. Valoramos tu elección como cliente en BanCoppel y esperamos seguir siendo tu elección para futuras compras. ¡Siempre estaremos aquí para ayudarte!,1
0402252323,CierreMasivo 06Feb25,1,6,{* Hemos atendido tu aclaración y abonado el importe reclamado a tu cuenta. Valoramos tu elección como cliente en BanCoppel y esperamos seguir siendo tu elección para futuras compras. ¡Siempre estaremos aquí para ayudarte!,1
0402252378,CierreMasivo 06Feb25,1,6,{* Hemos atendido tu aclaración y abonado el importe reclamado a tu cuenta. Valoramos tu elección como cliente en BanCoppel y esperamos seguir siendo tu elección para futuras compras. ¡Siempre estaremos aquí para ayudarte!,1
0402252391,CierreMasivo 06Feb25,1,6,{* Hemos atendido tu aclaración y abonado el importe reclamado a tu cuenta. Valoramos tu elección como cliente en BanCoppel y esperamos seguir siendo tu elección para futuras compras. ¡Siempre estaremos aquí para ayudarte!,1
0402252420,CierreMasivo 06Feb25,1,6,{* Hemos atendido tu aclaración y abonado el importe reclamado a tu cuenta. Valoramos tu elección como cliente en BanCoppel y esperamos seguir siendo tu elección para futuras compras. ¡Siempre estaremos aquí para ayudarte!,1
0402252436,CierreMasivo 06Feb25,1,6,{* Hemos atendido tu aclaración y abonado el importe reclamado a tu cuenta. Valoramos tu elección como cliente en BanCoppel y esperamos seguir siendo tu elección para futuras compras. ¡Siempre estaremos aquí para ayudarte!,1
0402252444,CierreMasivo 06Feb25,1,6,{* Hemos atendido tu aclaración y abonado el importe reclamado a tu cuenta. Valoramos tu elección como cliente en BanCoppel y esperamos seguir siendo tu elección para futuras compras. ¡Siempre estaremos aquí para ayudarte!,1
0402252458,CierreMasivo 06Feb25,1,6,{* Hemos atendido tu aclaración y abonado el importe reclamado a tu cuenta. Valoramos tu elección como cliente en BanCoppel y esperamos seguir siendo tu elección para futuras compras. ¡Siempre estaremos aquí para ayudarte!,1
0402252468,CierreMasivo 06Feb25,1,6,{* Hemos atendido tu aclaración y abonado el importe reclamado a tu cuenta. Valoramos tu elección como cliente en BanCoppel y esperamos seguir siendo tu elección para futuras compras. ¡Siempre estaremos aquí para ayudarte!,1
0402252488,CierreMasivo 06Feb25,1,6,{* Hemos atendido tu aclaración y abonado el importe reclamado a tu cuenta. Valoramos tu elección como cliente en BanCoppel y esperamos seguir siendo tu elección para futuras compras. ¡Siempre estaremos aquí para ayudarte!,1
0402252508,CierreMasivo 06Feb25,1,6,{* Hemos atendido tu aclaración y abonado el importe reclamado a tu cuenta. Valoramos tu elección como cliente en BanCoppel y esperamos seguir siendo tu elección para futuras compras. ¡Siempre estaremos aquí para ayudarte!,1
0402252519,CierreMasivo 06Feb25,1,6,{* Hemos atendido tu aclaración y abonado el importe reclamado a tu cuenta. Valoramos tu elección como cliente en BanCoppel y esperamos seguir siendo tu elección para futuras compras. ¡Siempre estaremos aquí para ayudarte!,1
0402252534,CierreMasivo 06Feb25,1,6,{* Hemos atendido tu aclaración y abonado el importe reclamado a tu cuenta. Valoramos tu elección como cliente en BanCoppel y esperamos seguir siendo tu elección para futuras compras. ¡Siempre estaremos aquí para ayudarte!,1
0402252549,CierreMasivo 06Feb25,1,6,{* Hemos atendido tu aclaración y abonado el importe reclamado a tu cuenta. Valoramos tu elección como cliente en BanCoppel y esperamos seguir siendo tu elección para futuras compras. ¡Siempre estaremos aquí para ayudarte!,1
0402252558,CierreMasivo 06Feb25,1,6,{* Hemos atendido tu aclaración y abonado el importe reclamado a tu cuenta. Valoramos tu elección como cliente en BanCoppel y esperamos seguir siendo tu elección para futuras compras. ¡Siempre estaremos aquí para ayudarte!,1
0402252569,CierreMasivo 06Feb25,1,6,{* Hemos atendido tu aclaración y abonado el importe reclamado a tu cuenta. Valoramos tu elección como cliente en BanCoppel y esperamos seguir siendo tu elección para futuras compras. ¡Siempre estaremos aquí para ayudarte!,1
0402252582,CierreMasivo 06Feb25,1,6,{* Hemos atendido tu aclaración y abonado el importe reclamado a tu cuenta. Valoramos tu elección como cliente en BanCoppel y esperamos seguir siendo tu elección para futuras compras. ¡Siempre estaremos aquí para ayudarte!,1
0402252595,CierreMasivo 06Feb25,1,6,{* Hemos atendido tu aclaración y abonado el importe reclamado a tu cuenta. Valoramos tu elección como cliente en BanCoppel y esperamos seguir siendo tu elección para futuras compras. ¡Siempre estaremos aquí para ayudarte!,1
0402252609,CierreMasivo 06Feb25,1,6,{* Hemos atendido tu aclaración y abonado el importe reclamado a tu cuenta. Valoramos tu elección como cliente en BanCoppel y esperamos seguir siendo tu elección para futuras compras. ¡Siempre estaremos aquí para ayudarte!,1
0402251642,CierreMasivo 06Feb25,1,6,{* Hemos atendido tu aclaración y abonado el importe reclamado a tu cuenta. Valoramos tu elección como cliente en BanCoppel y esperamos seguir siendo tu elección para futuras compras. ¡Siempre estaremos aquí para ayudarte!,1
0402251393,CierreMasivo 06Feb25,1,6,{* Hemos atendido tu aclaración y abonado el importe reclamado a tu cuenta. Valoramos tu elección como cliente en BanCoppel y esperamos seguir siendo tu elección para futuras compras. ¡Siempre estaremos aquí para ayudarte!,1
0402252051,CierreMasivo 06Feb25,1,6,{* Hemos atendido tu aclaración y abonado el importe reclamado a tu cuenta. Valoramos tu elección como cliente en BanCoppel y esperamos seguir siendo tu elección para futuras compras. ¡Siempre estaremos aquí para ayudarte!,1
0402252956,CierreMasivo 06Feb25,1,6,{* Hemos atendido tu aclaración y abonado el importe reclamado a tu cuenta. Valoramos tu elección como cliente en BanCoppel y esperamos seguir siendo tu elección para futuras compras. ¡Siempre estaremos aquí para ayudarte!,1
0402250845,CierreMasivo 06Feb25,1,6,{* Hemos atendido tu aclaración y abonado el importe reclamado a tu cuenta. Valoramos tu elección como cliente en BanCoppel y esperamos seguir siendo tu elección para futuras compras. ¡Siempre estaremos aquí para ayudarte!,1
0402253454,CierreMasivo 06Feb25,1,6,{* Hemos atendido tu aclaración y abonado el importe reclamado a tu cuenta. Valoramos tu elección como cliente en BanCoppel y esperamos seguir siendo tu elección para futuras compras. ¡Siempre estaremos aquí para ayudarte!,1
0402253391,CierreMasivo 06Feb25,1,6,{* Hemos atendido tu aclaración y abonado el importe reclamado a tu cuenta. Valoramos tu elección como cliente en BanCoppel y esperamos seguir siendo tu elección para futuras compras. ¡Siempre estaremos aquí para ayudarte!,1
0402253405,CierreMasivo 06Feb25,1,6,{* Hemos atendido tu aclaración y abonado el importe reclamado a tu cuenta. Valoramos tu elección como cliente en BanCoppel y esperamos seguir siendo tu elección para futuras compras. ¡Siempre estaremos aquí para ayudarte!,1
0402253418,CierreMasivo 06Feb25,1,6,{* Hemos atendido tu aclaración y abonado el importe reclamado a tu cuenta. Valoramos tu elección como cliente en BanCoppel y esperamos seguir siendo tu elección para futuras compras. ¡Siempre estaremos aquí para ayudarte!,1
0402253476,CierreMasivo 06Feb25,1,6,{* Hemos atendido tu aclaración y abonado el importe reclamado a tu cuenta. Valoramos tu elección como cliente en BanCoppel y esperamos seguir siendo tu elección para futuras compras. ¡Siempre estaremos aquí para ayudarte!,1
0402253508,CierreMasivo 06Feb25,1,6,{* Hemos atendido tu aclaración y abonado el importe reclamado a tu cuenta. Valoramos tu elección como cliente en BanCoppel y esperamos seguir siendo tu elección para futuras compras. ¡Siempre estaremos aquí para ayudarte!,1
0402253533,CierreMasivo 06Feb25,1,6,{* Hemos atendido tu aclaración y abonado el importe reclamado a tu cuenta. Valoramos tu elección como cliente en BanCoppel y esperamos seguir siendo tu elección para futuras compras. ¡Siempre estaremos aquí para ayudarte!,1
0402253550,CierreMasivo 06Feb25,1,6,{* Hemos atendido tu aclaración y abonado el importe reclamado a tu cuenta. Valoramos tu elección como cliente en BanCoppel y esperamos seguir siendo tu elección para futuras compras. ¡Siempre estaremos aquí para ayudarte!,1
0402253565,CierreMasivo 06Feb25,1,6,{* Hemos atendido tu aclaración y abonado el importe reclamado a tu cuenta. Valoramos tu elección como cliente en BanCoppel y esperamos seguir siendo tu elección para futuras compras. ¡Siempre estaremos aquí para ayudarte!,1
0402253608,CierreMasivo 06Feb25,1,6,{* Hemos atendido tu aclaración y abonado el importe reclamado a tu cuenta. Valoramos tu elección como cliente en BanCoppel y esperamos seguir siendo tu elección para futuras compras. ¡Siempre estaremos aquí para ayudarte!,1
0402253621,CierreMasivo 06Feb25,1,6,{* Hemos atendido tu aclaración y abonado el importe reclamado a tu cuenta. Valoramos tu elección como cliente en BanCoppel y esperamos seguir siendo tu elección para futuras compras. ¡Siempre estaremos aquí para ayudarte!,1
0402250781,CierreMasivo 06Feb25,1,6,{* Hemos atendido tu aclaración y abonado el importe reclamado a tu cuenta. Valoramos tu elección como cliente en BanCoppel y esperamos seguir siendo tu elección para futuras compras. ¡Siempre estaremos aquí para ayudarte!,1
0402253460,CierreMasivo 06Feb25,1,6,{* Hemos atendido tu aclaración y abonado el importe reclamado a tu cuenta. Valoramos tu elección como cliente en BanCoppel y esperamos seguir siendo tu elección para futuras compras. ¡Siempre estaremos aquí para ayudarte!,1
0402253519,CierreMasivo 06Feb25,1,6,{* Hemos atendido tu aclaración y abonado el importe reclamado a tu cuenta. Valoramos tu elección como cliente en BanCoppel y esperamos seguir siendo tu elección para futuras compras. ¡Siempre estaremos aquí para ayudarte!,1
0402252045,CierreMasivo 06Feb25,1,6,{* Hemos atendido tu aclaración y abonado el importe reclamado a tu cuenta. Valoramos tu elección como cliente en BanCoppel y esperamos seguir siendo tu elección para futuras compras. ¡Siempre estaremos aquí para ayudarte!,1
0402252061,CierreMasivo 06Feb25,1,6,{* Hemos atendido tu aclaración y abonado el importe reclamado a tu cuenta. Valoramos tu elección como cliente en BanCoppel y esperamos seguir siendo tu elección para futuras compras. ¡Siempre estaremos aquí para ayudarte!,1
0402250748,CierreMasivo 06Feb25,1,6,{* Hemos atendido tu aclaración y abonado el importe reclamado a tu cuenta. Valoramos tu elección como cliente en BanCoppel y esperamos seguir siendo tu elección para futuras compras. ¡Siempre estaremos aquí para ayudarte!,1
0402250762,CierreMasivo 06Feb25,1,6,{* Hemos atendido tu aclaración y abonado el importe reclamado a tu cuenta. Valoramos tu elección como cliente en BanCoppel y esperamos seguir siendo tu elección para futuras compras. ¡Siempre estaremos aquí para ayudarte!,1
0402250779,CierreMasivo 06Feb25,1,6,{* Hemos atendido tu aclaración y abonado el importe reclamado a tu cuenta. Valoramos tu elección como cliente en BanCoppel y esperamos seguir siendo tu elección para futuras compras. ¡Siempre estaremos aquí para ayudarte!,1
0402250799,CierreMasivo 06Feb25,1,6,{* Hemos atendido tu aclaración y abonado el importe reclamado a tu cuenta. Valoramos tu elección como cliente en BanCoppel y esperamos seguir siendo tu elección para futuras compras. ¡Siempre estaremos aquí para ayudarte!,1
0402250820,CierreMasivo 06Feb25,1,6,{* Hemos atendido tu aclaración y abonado el importe reclamado a tu cuenta. Valoramos tu elección como cliente en BanCoppel y esperamos seguir siendo tu elección para futuras compras. ¡Siempre estaremos aquí para ayudarte!,1
0402250849,CierreMasivo 06Feb25,1,6,{* Hemos atendido tu aclaración y abonado el importe reclamado a tu cuenta. Valoramos tu elección como cliente en BanCoppel y esperamos seguir siendo tu elección para futuras compras. ¡Siempre estaremos aquí para ayudarte!,1
0402250858,CierreMasivo 06Feb25,1,6,{* Hemos atendido tu aclaración y abonado el importe reclamado a tu cuenta. Valoramos tu elección como cliente en BanCoppel y esperamos seguir siendo tu elección para futuras compras. ¡Siempre estaremos aquí para ayudarte!,1
0402250875,CierreMasivo 06Feb25,1,6,{* Hemos atendido tu aclaración y abonado el importe reclamado a tu cuenta. Valoramos tu elección como cliente en BanCoppel y esperamos seguir siendo tu elección para futuras compras. ¡Siempre estaremos aquí para ayudarte!,1
0402250888,CierreMasivo 06Feb25,1,6,{* Hemos atendido tu aclaración y abonado el importe reclamado a tu cuenta. Valoramos tu elección como cliente en BanCoppel y esperamos seguir siendo tu elección para futuras compras. ¡Siempre estaremos aquí para ayudarte!,1
0402250904,CierreMasivo 06Feb25,1,6,{* Hemos atendido tu aclaración y abonado el importe reclamado a tu cuenta. Valoramos tu elección como cliente en BanCoppel y esperamos seguir siendo tu elección para futuras compras. ¡Siempre estaremos aquí para ayudarte!,1
0402250921,CierreMasivo 06Feb25,1,6,{* Hemos atendido tu aclaración y abonado el importe reclamado a tu cuenta. Valoramos tu elección como cliente en BanCoppel y esperamos seguir siendo tu elección para futuras compras. ¡Siempre estaremos aquí para ayudarte!,1
0402250940,CierreMasivo 06Feb25,1,6,{* Hemos atendido tu aclaración y abonado el importe reclamado a tu cuenta. Valoramos tu elección como cliente en BanCoppel y esperamos seguir siendo tu elección para futuras compras. ¡Siempre estaremos aquí para ayudarte!,1
0402250961,CierreMasivo 06Feb25,1,6,{* Hemos atendido tu aclaración y abonado el importe reclamado a tu cuenta. Valoramos tu elección como cliente en BanCoppel y esperamos seguir siendo tu elección para futuras compras. ¡Siempre estaremos aquí para ayudarte!,1
0402250999,CierreMasivo 06Feb25,1,6,{* Hemos atendido tu aclaración y abonado el importe reclamado a tu cuenta. Valoramos tu elección como cliente en BanCoppel y esperamos seguir siendo tu elección para futuras compras. ¡Siempre estaremos aquí para ayudarte!,1
0402251012,CierreMasivo 06Feb25,1,6,{* Hemos atendido tu aclaración y abonado el importe reclamado a tu cuenta. Valoramos tu elección como cliente en BanCoppel y esperamos seguir siendo tu elección para futuras compras. ¡Siempre estaremos aquí para ayudarte!,1
0402251028,CierreMasivo 06Feb25,1,6,{* Hemos atendido tu aclaración y abonado el importe reclamado a tu cuenta. Valoramos tu elección como cliente en BanCoppel y esperamos seguir siendo tu elección para futuras compras. ¡Siempre estaremos aquí para ayudarte!,1
0402252266,CierreMasivo 06Feb25,1,6,{* Hemos atendido tu aclaración y abonado el importe reclamado a tu cuenta. Valoramos tu elección como cliente en BanCoppel y esperamos seguir siendo tu elección para futuras compras. ¡Siempre estaremos aquí para ayudarte!,1
0402251750,CierreMasivo 06Feb25,1,6,{* Hemos atendido tu aclaración y abonado el importe reclamado a tu cuenta. Valoramos tu elección como cliente en BanCoppel y esperamos seguir siendo tu elección para futuras compras. ¡Siempre estaremos aquí para ayudarte!,1
0402251532,CierreMasivo 06Feb25,1,6,{* Hemos atendido tu aclaración y abonado el importe reclamado a tu cuenta. Valoramos tu elección como cliente en BanCoppel y esperamos seguir siendo tu elección para futuras compras. ¡Siempre estaremos aquí para ayudarte!,1
0402253595,CierreMasivo 06Feb25,1,6,{* Hemos atendido tu aclaración y abonado el importe reclamado a tu cuenta. Valoramos tu elección como cliente en BanCoppel y esperamos seguir siendo tu elección para futuras compras. ¡Siempre estaremos aquí para ayudarte!,1
0402251112,CierreMasivo 06Feb25,1,6,{* Hemos atendido tu aclaración y abonado el importe reclamado a tu cuenta. Valoramos tu elección como cliente en BanCoppel y esperamos seguir siendo tu elección para futuras compras. ¡Siempre estaremos aquí para ayudarte!,1
0402253252,CierreMasivo 06Feb25,1,6,{* Hemos atendido tu aclaración y abonado el importe reclamado a tu cuenta. Valoramos tu elección como cliente en BanCoppel y esperamos seguir siendo tu elección para futuras compras. ¡Siempre estaremos aquí para ayudarte!,1
0402250535,CierreMasivo 06Feb25,1,6,{* Hemos atendido tu aclaración y abonado el importe reclamado a tu cuenta. Valoramos tu elección como cliente en BanCoppel y esperamos seguir siendo tu elección para futuras compras. ¡Siempre estaremos aquí para ayudarte!,1
0402251619,CierreMasivo 06Feb25,1,6,{* Hemos atendido tu aclaración y abonado el importe reclamado a tu cuenta. Valoramos tu elección como cliente en BanCoppel y esperamos seguir siendo tu elección para futuras compras. ¡Siempre estaremos aquí para ayudarte!,1
0402250135,CierreMasivo 06Feb25,1,6,{* Hemos atendido tu aclaración y abonado el importe reclamado a tu cuenta. Valoramos tu elección como cliente en BanCoppel y esperamos seguir siendo tu elección para futuras compras. ¡Siempre estaremos aquí para ayudarte!,1
0402252227,CierreMasivo 06Feb25,1,6,{* Hemos atendido tu aclaración y abonado el importe reclamado a tu cuenta. Valoramos tu elección como cliente en BanCoppel y esperamos seguir siendo tu elección para futuras compras. ¡Siempre estaremos aquí para ayudarte!,1
0402252297,CierreMasivo 06Feb25,1,6,{* Hemos atendido tu aclaración y abonado el importe reclamado a tu cuenta. Valoramos tu elección como cliente en BanCoppel y esperamos seguir siendo tu elección para futuras compras. ¡Siempre estaremos aquí para ayudarte!,1
0402251934,CierreMasivo 06Feb25,1,6,{* Hemos atendido tu aclaración y abonado el importe reclamado a tu cuenta. Valoramos tu elección como cliente en BanCoppel y esperamos seguir siendo tu elección para futuras compras. ¡Siempre estaremos aquí para ayudarte!,1
0402251285,CierreMasivo 06Feb25,1,6,{* Hemos atendido tu aclaración y abonado el importe reclamado a tu cuenta. Valoramos tu elección como cliente en BanCoppel y esperamos seguir siendo tu elección para futuras compras. ¡Siempre estaremos aquí para ayudarte!,1
0402250339,CierreMasivo 06Feb25,1,6,{* Hemos atendido tu aclaración y abonado el importe reclamado a tu cuenta. Valoramos tu elección como cliente en BanCoppel y esperamos seguir siendo tu elección para futuras compras. ¡Siempre estaremos aquí para ayudarte!,1
0402250353,CierreMasivo 06Feb25,1,6,{* Hemos atendido tu aclaración y abonado el importe reclamado a tu cuenta. Valoramos tu elección como cliente en BanCoppel y esperamos seguir siendo tu elección para futuras compras. ¡Siempre estaremos aquí para ayudarte!,1
0402250323,CierreMasivo 06Feb25,1,6,{* Hemos atendido tu aclaración y abonado el importe reclamado a tu cuenta. Valoramos tu elección como cliente en BanCoppel y esperamos seguir siendo tu elección para futuras compras. ¡Siempre estaremos aquí para ayudarte!,1
0402253372,CierreMasivo 06Feb25,1,6,{* Hemos atendido tu aclaración y abonado el importe reclamado a tu cuenta. Valoramos tu elección como cliente en BanCoppel y esperamos seguir siendo tu elección para futuras compras. ¡Siempre estaremos aquí para ayudarte!,1
0402253394,CierreMasivo 06Feb25,1,6,{* Hemos atendido tu aclaración y abonado el importe reclamado a tu cuenta. Valoramos tu elección como cliente en BanCoppel y esperamos seguir siendo tu elección para futuras compras. ¡Siempre estaremos aquí para ayudarte!,1
0402253422,CierreMasivo 06Feb25,1,6,{* Hemos atendido tu aclaración y abonado el importe reclamado a tu cuenta. Valoramos tu elección como cliente en BanCoppel y esperamos seguir siendo tu elección para futuras compras. ¡Siempre estaremos aquí para ayudarte!,1
0402253430,CierreMasivo 06Feb25,1,6,{* Hemos atendido tu aclaración y abonado el importe reclamado a tu cuenta. Valoramos tu elección como cliente en BanCoppel y esperamos seguir siendo tu elección para futuras compras. ¡Siempre estaremos aquí para ayudarte!,1
0402253183,CierreMasivo 06Feb25,1,6,{* Hemos atendido tu aclaración y abonado el importe reclamado a tu cuenta. Valoramos tu elección como cliente en BanCoppel y esperamos seguir siendo tu elección para futuras compras. ¡Siempre estaremos aquí para ayudarte!,1
0402253237,CierreMasivo 06Feb25,1,6,{* Hemos atendido tu aclaración y abonado el importe reclamado a tu cuenta. Valoramos tu elección como cliente en BanCoppel y esperamos seguir siendo tu elección para futuras compras. ¡Siempre estaremos aquí para ayudarte!,1
0402253290,CierreMasivo 06Feb25,1,6,{* Hemos atendido tu aclaración y abonado el importe reclamado a tu cuenta. Valoramos tu elección como cliente en BanCoppel y esperamos seguir siendo tu elección para futuras compras. ¡Siempre estaremos aquí para ayudarte!,1
0402253495,CierreMasivo 06Feb25,1,6,{* Hemos atendido tu aclaración y abonado el importe reclamado a tu cuenta. Valoramos tu elección como cliente en BanCoppel y esperamos seguir siendo tu elección para futuras compras. ¡Siempre estaremos aquí para ayudarte!,1
0402253526,CierreMasivo 06Feb25,1,6,{* Hemos atendido tu aclaración y abonado el importe reclamado a tu cuenta. Valoramos tu elección como cliente en BanCoppel y esperamos seguir siendo tu elección para futuras compras. ¡Siempre estaremos aquí para ayudarte!,1
0402253558,CierreMasivo 06Feb25,1,6,{* Hemos atendido tu aclaración y abonado el importe reclamado a tu cuenta. Valoramos tu elección como cliente en BanCoppel y esperamos seguir siendo tu elección para futuras compras. ¡Siempre estaremos aquí para ayudarte!,1
0402253576,CierreMasivo 06Feb25,1,6,{* Hemos atendido tu aclaración y abonado el importe reclamado a tu cuenta. Valoramos tu elección como cliente en BanCoppel y esperamos seguir siendo tu elección para futuras compras. ¡Siempre estaremos aquí para ayudarte!,1
0402253594,CierreMasivo 06Feb25,1,6,{* Hemos atendido tu aclaración y abonado el importe reclamado a tu cuenta. Valoramos tu elección como cliente en BanCoppel y esperamos seguir siendo tu elección para futuras compras. ¡Siempre estaremos aquí para ayudarte!,1
0402253609,CierreMasivo 06Feb25,1,6,{* Hemos atendido tu aclaración y abonado el importe reclamado a tu cuenta. Valoramos tu elección como cliente en BanCoppel y esperamos seguir siendo tu elección para futuras compras. ¡Siempre estaremos aquí para ayudarte!,1
0402253673,CierreMasivo 06Feb25,1,6,{* Hemos atendido tu aclaración y abonado el importe reclamado a tu cuenta. Valoramos tu elección como cliente en BanCoppel y esperamos seguir siendo tu elección para futuras compras. ¡Siempre estaremos aquí para ayudarte!,1
0402250460,CierreMasivo 06Feb25,1,6,{* Hemos atendido tu aclaración y abonado el importe reclamado a tu cuenta. Valoramos tu elección como cliente en BanCoppel y esperamos seguir siendo tu elección para futuras compras. ¡Siempre estaremos aquí para ayudarte!,1
0402250509,CierreMasivo 06Feb25,1,6,{* Hemos atendido tu aclaración y abonado el importe reclamado a tu cuenta. Valoramos tu elección como cliente en BanCoppel y esperamos seguir siendo tu elección para futuras compras. ¡Siempre estaremos aquí para ayudarte!,1
0402250521,CierreMasivo 06Feb25,1,6,{* Hemos atendido tu aclaración y abonado el importe reclamado a tu cuenta. Valoramos tu elección como cliente en BanCoppel y esperamos seguir siendo tu elección para futuras compras. ¡Siempre estaremos aquí para ayudarte!,1
0402250539,CierreMasivo 06Feb25,1,6,{* Hemos atendido tu aclaración y abonado el importe reclamado a tu cuenta. Valoramos tu elección como cliente en BanCoppel y esperamos seguir siendo tu elección para futuras compras. ¡Siempre estaremos aquí para ayudarte!,1
0402250554,CierreMasivo 06Feb25,1,6,{* Hemos atendido tu aclaración y abonado el importe reclamado a tu cuenta. Valoramos tu elección como cliente en BanCoppel y esperamos seguir siendo tu elección para futuras compras. ¡Siempre estaremos aquí para ayudarte!,1
0402250577,CierreMasivo 06Feb25,1,6,{* Hemos atendido tu aclaración y abonado el importe reclamado a tu cuenta. Valoramos tu elección como cliente en BanCoppel y esperamos seguir siendo tu elección para futuras compras. ¡Siempre estaremos aquí para ayudarte!,1
0402250600,CierreMasivo 06Feb25,1,6,{* Hemos atendido tu aclaración y abonado el importe reclamado a tu cuenta. Valoramos tu elección como cliente en BanCoppel y esperamos seguir siendo tu elección para futuras compras. ¡Siempre estaremos aquí para ayudarte!,1
0402250617,CierreMasivo 06Feb25,1,6,{* Hemos atendido tu aclaración y abonado el importe reclamado a tu cuenta. Valoramos tu elección como cliente en BanCoppel y esperamos seguir siendo tu elección para futuras compras. ¡Siempre estaremos aquí para ayudarte!,1
0402250439,CierreMasivo 06Feb25,1,6,{* Hemos atendido tu aclaración y abonado el importe reclamado a tu cuenta. Valoramos tu elección como cliente en BanCoppel y esperamos seguir siendo tu elección para futuras compras. ¡Siempre estaremos aquí para ayudarte!,1
0402251161,CierreMasivo 06Feb25,1,6,{* Hemos atendido tu aclaración y abonado el importe reclamado a tu cuenta. Valoramos tu elección como cliente en BanCoppel y esperamos seguir siendo tu elección para futuras compras. ¡Siempre estaremos aquí para ayudarte!,1
0402252630,CierreMasivo 06Feb25,1,6,{* Hemos atendido tu aclaración y abonado el importe reclamado a tu cuenta. Valoramos tu elección como cliente en BanCoppel y esperamos seguir siendo tu elección para futuras compras. ¡Siempre estaremos aquí para ayudarte!,1
0402251682,CierreMasivo 06Feb25,1,6,{* Hemos atendido tu aclaración y abonado el importe reclamado a tu cuenta. Valoramos tu elección como cliente en BanCoppel y esperamos seguir siendo tu elección para futuras compras. ¡Siempre estaremos aquí para ayudarte!,1
0402252765,CierreMasivo 06Feb25,1,6,{* Hemos atendido tu aclaración y abonado el importe reclamado a tu cuenta. Valoramos tu elección como cliente en BanCoppel y esperamos seguir siendo tu elección para futuras compras. ¡Siempre estaremos aquí para ayudarte!,1
0402252646,CierreMasivo 06Feb25,1,6,{* Hemos atendido tu aclaración y abonado el importe reclamado a tu cuenta. Valoramos tu elección como cliente en BanCoppel y esperamos seguir siendo tu elección para futuras compras. ¡Siempre estaremos aquí para ayudarte!,1
0402252688,CierreMasivo 06Feb25,1,6,{* Hemos atendido tu aclaración y abonado el importe reclamado a tu cuenta. Valoramos tu elección como cliente en BanCoppel y esperamos seguir siendo tu elección para futuras compras. ¡Siempre estaremos aquí para ayudarte!,1
0402253703,CierreMasivo 06Feb25,1,6,{* Hemos atendido tu aclaración y abonado el importe reclamado a tu cuenta. Valoramos tu elección como cliente en BanCoppel y esperamos seguir siendo tu elección para futuras compras. ¡Siempre estaremos aquí para ayudarte!,1
0302253601,CierreMasivo 06Feb25,1,6,{* Hemos atendido tu aclaración y abonado el importe reclamado a tu cuenta. Valoramos tu elección como cliente en BanCoppel y esperamos seguir siendo tu elección para futuras compras. ¡Siempre estaremos aquí para ayudarte!,1
0402250891,CierreMasivo 06Feb25,1,6,{* Hemos atendido tu aclaración y abonado el importe reclamado a tu cuenta. Valoramos tu elección como cliente en BanCoppel y esperamos seguir siendo tu elección para futuras compras. ¡Siempre estaremos aquí para ayudarte!,1
0402250884,CierreMasivo 06Feb25,1,6,{* Hemos atendido tu aclaración y abonado el importe reclamado a tu cuenta. Valoramos tu elección como cliente en BanCoppel y esperamos seguir siendo tu elección para futuras compras. ¡Siempre estaremos aquí para ayudarte!,1
0402251888,CierreMasivo 06Feb25,1,6,{* Hemos atendido tu aclaración y abonado el importe reclamado a tu cuenta. Valoramos tu elección como cliente en BanCoppel y esperamos seguir siendo tu elección para futuras compras. ¡Siempre estaremos aquí para ayudarte!,1
0402251897,CierreMasivo 06Feb25,1,6,{* Hemos atendido tu aclaración y abonado el importe reclamado a tu cuenta. Valoramos tu elección como cliente en BanCoppel y esperamos seguir siendo tu elección para futuras compras. ¡Siempre estaremos aquí para ayudarte!,1
0402251901,CierreMasivo 06Feb25,1,6,{* Hemos atendido tu aclaración y abonado el importe reclamado a tu cuenta. Valoramos tu elección como cliente en BanCoppel y esperamos seguir siendo tu elección para futuras compras. ¡Siempre estaremos aquí para ayudarte!,1
0402251910,CierreMasivo 06Feb25,1,6,{* Hemos atendido tu aclaración y abonado el importe reclamado a tu cuenta. Valoramos tu elección como cliente en BanCoppel y esperamos seguir siendo tu elección para futuras compras. ¡Siempre estaremos aquí para ayudarte!,1
0402251630,CierreMasivo 06Feb25,1,6,{* Hemos atendido tu aclaración y abonado el importe reclamado a tu cuenta. Valoramos tu elección como cliente en BanCoppel y esperamos seguir siendo tu elección para futuras compras. ¡Siempre estaremos aquí para ayudarte!,1
0402252074,CierreMasivo 06Feb25,1,6,{* Hemos atendido tu aclaración y abonado el importe reclamado a tu cuenta. Valoramos tu elección como cliente en BanCoppel y esperamos seguir siendo tu elección para futuras compras. ¡Siempre estaremos aquí para ayudarte!,1
0402252090,CierreMasivo 06Feb25,1,6,{* Hemos atendido tu aclaración y abonado el importe reclamado a tu cuenta. Valoramos tu elección como cliente en BanCoppel y esperamos seguir siendo tu elección para futuras compras. ¡Siempre estaremos aquí para ayudarte!,1
0402251506,CierreMasivo 06Feb25,1,6,{* Hemos atendido tu aclaración y abonado el importe reclamado a tu cuenta. Valoramos tu elección como cliente en BanCoppel y esperamos seguir siendo tu elección para futuras compras. ¡Siempre estaremos aquí para ayudarte!,1
0402251528,CierreMasivo 06Feb25,1,6,{* Hemos atendido tu aclaración y abonado el importe reclamado a tu cuenta. Valoramos tu elección como cliente en BanCoppel y esperamos seguir siendo tu elección para futuras compras. ¡Siempre estaremos aquí para ayudarte!,1
0402251960,CierreMasivo 06Feb25,1,6,{* Hemos atendido tu aclaración y abonado el importe reclamado a tu cuenta. Valoramos tu elección como cliente en BanCoppel y esperamos seguir siendo tu elección para futuras compras. ¡Siempre estaremos aquí para ayudarte!,1
0402250271,CierreMasivo 06Feb25,1,6,{* Hemos atendido tu aclaración y abonado el importe reclamado a tu cuenta. Valoramos tu elección como cliente en BanCoppel y esperamos seguir siendo tu elección para futuras compras. ¡Siempre estaremos aquí para ayudarte!,1
0402250299,CierreMasivo 06Feb25,1,6,{* Hemos atendido tu aclaración y abonado el importe reclamado a tu cuenta. Valoramos tu elección como cliente en BanCoppel y esperamos seguir siendo tu elección para futuras compras. ¡Siempre estaremos aquí para ayudarte!,1
0402250320,CierreMasivo 06Feb25,1,6,{* Hemos atendido tu aclaración y abonado el importe reclamado a tu cuenta. Valoramos tu elección como cliente en BanCoppel y esperamos seguir siendo tu elección para futuras compras. ¡Siempre estaremos aquí para ayudarte!,1
0402250340,CierreMasivo 06Feb25,1,6,{* Hemos atendido tu aclaración y abonado el importe reclamado a tu cuenta. Valoramos tu elección como cliente en BanCoppel y esperamos seguir siendo tu elección para futuras compras. ¡Siempre estaremos aquí para ayudarte!,1
0402250358,CierreMasivo 06Feb25,1,6,{* Hemos atendido tu aclaración y abonado el importe reclamado a tu cuenta. Valoramos tu elección como cliente en BanCoppel y esperamos seguir siendo tu elección para futuras compras. ¡Siempre estaremos aquí para ayudarte!,1
0402250369,CierreMasivo 06Feb25,1,6,{* Hemos atendido tu aclaración y abonado el importe reclamado a tu cuenta. Valoramos tu elección como cliente en BanCoppel y esperamos seguir siendo tu elección para futuras compras. ¡Siempre estaremos aquí para ayudarte!,1
0402251734,CierreMasivo 06Feb25,1,6,{* Hemos atendido tu aclaración y abonado el importe reclamado a tu cuenta. Valoramos tu elección como cliente en BanCoppel y esperamos seguir siendo tu elección para futuras compras. ¡Siempre estaremos aquí para ayudarte!,1
0402251773,CierreMasivo 06Feb25,1,6,{* Hemos atendido tu aclaración y abonado el importe reclamado a tu cuenta. Valoramos tu elección como cliente en BanCoppel y esperamos seguir siendo tu elección para futuras compras. ¡Siempre estaremos aquí para ayudarte!,1
0402251807,CierreMasivo 06Feb25,1,6,{* Hemos atendido tu aclaración y abonado el importe reclamado a tu cuenta. Valoramos tu elección como cliente en BanCoppel y esperamos seguir siendo tu elección para futuras compras. ¡Siempre estaremos aquí para ayudarte!,1
0402252681,CierreMasivo 06Feb25,1,6,{* Hemos atendido tu aclaración y abonado el importe reclamado a tu cuenta. Valoramos tu elección como cliente en BanCoppel y esperamos seguir siendo tu elección para futuras compras. ¡Siempre estaremos aquí para ayudarte!,1
0402250651,CierreMasivo 06Feb25,1,6,{* Hemos atendido tu aclaración y abonado el importe reclamado a tu cuenta. Valoramos tu elección como cliente en BanCoppel y esperamos seguir siendo tu elección para futuras compras. ¡Siempre estaremos aquí para ayudarte!,1
0402250167,CierreMasivo 06Feb25,1,6,{* Hemos atendido tu aclaración y abonado el importe reclamado a tu cuenta. Valoramos tu elección como cliente en BanCoppel y esperamos seguir siendo tu elección para futuras compras. ¡Siempre estaremos aquí para ayudarte!,1
0402253225,CierreMasivo 06Feb25,1,6,{* Hemos atendido tu aclaración y abonado el importe reclamado a tu cuenta. Valoramos tu elección como cliente en BanCoppel y esperamos seguir siendo tu elección para futuras compras. ¡Siempre estaremos aquí para ayudarte!,1
0402253259,CierreMasivo 06Feb25,1,6,{* Hemos atendido tu aclaración y abonado el importe reclamado a tu cuenta. Valoramos tu elección como cliente en BanCoppel y esperamos seguir siendo tu elección para futuras compras. ¡Siempre estaremos aquí para ayudarte!,1
0402251023,CierreMasivo 06Feb25,1,6,{* Hemos atendido tu aclaración y abonado el importe reclamado a tu cuenta. Valoramos tu elección como cliente en BanCoppel y esperamos seguir siendo tu elección para futuras compras. ¡Siempre estaremos aquí para ayudarte!,1
0402250568,CierreMasivo 06Feb25,1,6,{* Hemos atendido tu aclaración y abonado el importe reclamado a tu cuenta. Valoramos tu elección como cliente en BanCoppel y esperamos seguir siendo tu elección para futuras compras. ¡Siempre estaremos aquí para ayudarte!,1
0402250531,CierreMasivo 06Feb25,1,6,{* Hemos atendido tu aclaración y abonado el importe reclamado a tu cuenta. Valoramos tu elección como cliente en BanCoppel y esperamos seguir siendo tu elección para futuras compras. ¡Siempre estaremos aquí para ayudarte!,1
0402252005,CierreMasivo 06Feb25,1,6,{* Hemos atendido tu aclaración y abonado el importe reclamado a tu cuenta. Valoramos tu elección como cliente en BanCoppel y esperamos seguir siendo tu elección para futuras compras. ¡Siempre estaremos aquí para ayudarte!,1
0402253436,CierreMasivo 06Feb25,1,6,{* Hemos atendido tu aclaración y abonado el importe reclamado a tu cuenta. Valoramos tu elección como cliente en BanCoppel y esperamos seguir siendo tu elección para futuras compras. ¡Siempre estaremos aquí para ayudarte!,1
0402253407,CierreMasivo 06Feb25,1,6,{* Hemos atendido tu aclaración y abonado el importe reclamado a tu cuenta. Valoramos tu elección como cliente en BanCoppel y esperamos seguir siendo tu elección para futuras compras. ¡Siempre estaremos aquí para ayudarte!,1
0402253417,CierreMasivo 06Feb25,1,6,{* Hemos atendido tu aclaración y abonado el importe reclamado a tu cuenta. Valoramos tu elección como cliente en BanCoppel y esperamos seguir siendo tu elección para futuras compras. ¡Siempre estaremos aquí para ayudarte!,1
0402251753,CierreMasivo 06Feb25,1,6,{* Hemos atendido tu aclaración y abonado el importe reclamado a tu cuenta. Valoramos tu elección como cliente en BanCoppel y esperamos seguir siendo tu elección para futuras compras. ¡Siempre estaremos aquí para ayudarte!,1
0402253265,CierreMasivo 06Feb25,1,6,{* Hemos atendido tu aclaración y abonado el importe reclamado a tu cuenta. Valoramos tu elección como cliente en BanCoppel y esperamos seguir siendo tu elección para futuras compras. ¡Siempre estaremos aquí para ayudarte!,1
0402251505,CierreMasivo 06Feb25,1,6,{* Hemos atendido tu aclaración y abonado el importe reclamado a tu cuenta. Valoramos tu elección como cliente en BanCoppel y esperamos seguir siendo tu elección para futuras compras. ¡Siempre estaremos aquí para ayudarte!,1
0402251355,CierreMasivo 06Feb25,1,6,{* Hemos atendido tu aclaración y abonado el importe reclamado a tu cuenta. Valoramos tu elección como cliente en BanCoppel y esperamos seguir siendo tu elección para futuras compras. ¡Siempre estaremos aquí para ayudarte!,1
0402252115,CierreMasivo 06Feb25,1,6,{* Hemos atendido tu aclaración y abonado el importe reclamado a tu cuenta. Valoramos tu elección como cliente en BanCoppel y esperamos seguir siendo tu elección para futuras compras. ¡Siempre estaremos aquí para ayudarte!,1
0402253216,CierreMasivo 06Feb25,1,6,{* Hemos atendido tu aclaración y abonado el importe reclamado a tu cuenta. Valoramos tu elección como cliente en BanCoppel y esperamos seguir siendo tu elección para futuras compras. ¡Siempre estaremos aquí para ayudarte!,1
0402253145,CierreMasivo 06Feb25,1,6,{* Hemos atendido tu aclaración y abonado el importe reclamado a tu cuenta. Valoramos tu elección como cliente en BanCoppel y esperamos seguir siendo tu elección para futuras compras. ¡Siempre estaremos aquí para ayudarte!,1
0402251137,CierreMasivo 06Feb25,1,6,{* Hemos atendido tu aclaración y abonado el importe reclamado a tu cuenta. Valoramos tu elección como cliente en BanCoppel y esperamos seguir siendo tu elección para futuras compras. ¡Siempre estaremos aquí para ayudarte!,1
0402251148,CierreMasivo 06Feb25,1,6,{* Hemos atendido tu aclaración y abonado el importe reclamado a tu cuenta. Valoramos tu elección como cliente en BanCoppel y esperamos seguir siendo tu elección para futuras compras. ¡Siempre estaremos aquí para ayudarte!,1
0402250030,CierreMasivo 06Feb25,1,6,{* Hemos atendido tu aclaración y abonado el importe reclamado a tu cuenta. Valoramos tu elección como cliente en BanCoppel y esperamos seguir siendo tu elección para futuras compras. ¡Siempre estaremos aquí para ayudarte!,1
0402250031,CierreMasivo 06Feb25,1,6,{* Hemos atendido tu aclaración y abonado el importe reclamado a tu cuenta. Valoramos tu elección como cliente en BanCoppel y esperamos seguir siendo tu elección para futuras compras. ¡Siempre estaremos aquí para ayudarte!,1
0402251582,CierreMasivo 06Feb25,1,6,{* Hemos atendido tu aclaración y abonado el importe reclamado a tu cuenta. Valoramos tu elección como cliente en BanCoppel y esperamos seguir siendo tu elección para futuras compras. ¡Siempre estaremos aquí para ayudarte!,1
0202251801,CierreMasivo 06Feb25,1,8,# Hemos atendido tu aclaración y abonado el importe reclamado a tu cuenta. Valoramos tu elección como cliente en BanCoppel y esperamos seguir siendo tu elección para futuras compras. ¡Siempre estaremos aquí para ayudarte!,1
0402252775,CierreMasivo 06Feb25,1,6,*/ Hemos atendido tu aclaración y abonado el importe reclamado a tu cuenta. Valoramos tu elección como cliente en BanCoppel y esperamos seguir siendo tu elección para futuras compras. ¡Siempre estaremos aquí para ayudarte!,1
0402252758,CierreMasivo 06Feb25,1,6,*/ Hemos atendido tu aclaración y abonado el importe reclamado a tu cuenta. Valoramos tu elección como cliente en BanCoppel y esperamos seguir siendo tu elección para futuras compras. ¡Siempre estaremos aquí para ayudarte!,1
0402252473,CierreMasivo 06Feb25,1,6,*/ Hemos atendido tu aclaración y abonado el importe reclamado a tu cuenta. Valoramos tu elección como cliente en BanCoppel y esperamos seguir siendo tu elección para futuras compras. ¡Siempre estaremos aquí para ayudarte!,1
0402250732,CierreMasivo 06Feb25,1,6,*/ Hemos atendido tu aclaración y abonado el importe reclamado a tu cuenta. Valoramos tu elección como cliente en BanCoppel y esperamos seguir siendo tu elección para futuras compras. ¡Siempre estaremos aquí para ayudarte!,1
0402251775,CierreMasivo 06Feb25,1,6,*/ Hemos atendido tu aclaración y abonado el importe reclamado a tu cuenta. Valoramos tu elección como cliente en BanCoppel y esperamos seguir siendo tu elección para futuras compras. ¡Siempre estaremos aquí para ayudarte!,1
0402251018,CierreMasivo 06Feb25,1,6,*/ Hemos atendido tu aclaración y abonado el importe reclamado a tu cuenta. Valoramos tu elección como cliente en BanCoppel y esperamos seguir siendo tu elección para futuras compras. ¡Siempre estaremos aquí para ayudarte!,1
0402250984,CierreMasivo 06Feb25,1,6,*/ Hemos atendido tu aclaración y abonado el importe reclamado a tu cuenta. Valoramos tu elección como cliente en BanCoppel y esperamos seguir siendo tu elección para futuras compras. ¡Siempre estaremos aquí para ayudarte!,1
0402251047,CierreMasivo 06Feb25,1,6,*/ Hemos atendido tu aclaración y abonado el importe reclamado a tu cuenta. Valoramos tu elección como cliente en BanCoppel y esperamos seguir siendo tu elección para futuras compras. ¡Siempre estaremos aquí para ayudarte!,1
2301250064,CierreMasivo 06Feb25,1,6,_ Hemos atendido tu aclaración y abonado el importe reclamado a tu cuenta. Valoramos tu elección como cliente en BanCoppel y esperamos seguir siendo tu elección para futuras compras. ¡Siempre estaremos aquí para ayudarte!,1
2301250133,CierreMasivo 06Feb25,1,6,_ Hemos atendido tu aclaración y abonado el importe reclamado a tu cuenta. Valoramos tu elección como cliente en BanCoppel y esperamos seguir siendo tu elección para futuras compras. ¡Siempre estaremos aquí para ayudarte!,1
2301252365,CierreMasivo 06Feb25,1,6,_ Hemos atendido tu aclaración y abonado el importe reclamado a tu cuenta. Valoramos tu elección como cliente en BanCoppel y esperamos seguir siendo tu elección para futuras compras. ¡Siempre estaremos aquí para ayudarte!,1
2701252365,CierreMasivo 06Feb25,1,6,_ Hemos atendido tu aclaración y abonado el importe reclamado a tu cuenta. Valoramos tu elección como cliente en BanCoppel y esperamos seguir siendo tu elección para futuras compras. ¡Siempre estaremos aquí para ayudarte!,1
0502251376,CierreMasivo 06Feb25,0,5,Tras revisar la transacción en detalle encontramos presenta Abono duplicado . Lamentablemente no podemos aprobar tu solicitud de aclaración en esta ocasión.,1
0502251398,CierreMasivo 06Feb25,0,5,Tras revisar la transacción en detalle encontramos presenta Abono duplicado . Lamentablemente no podemos aprobar tu solicitud de aclaración en esta ocasión.,1
0502251413,CierreMasivo 06Feb25,0,5,Tras revisar la transacción en detalle encontramos presenta Abono duplicado . Lamentablemente no podemos aprobar tu solicitud de aclaración en esta ocasión.,1
0502251422,CierreMasivo 06Feb25,0,5,Tras revisar la transacción en detalle encontramos presenta Abono duplicado . Lamentablemente no podemos aprobar tu solicitud de aclaración en esta ocasión.,1
0502251437,CierreMasivo 06Feb25,0,5,Tras revisar la transacción en detalle encontramos presenta Abono duplicado . Lamentablemente no podemos aprobar tu solicitud de aclaración en esta ocasión.,1
0502251448,CierreMasivo 06Feb25,0,5,Tras revisar la transacción en detalle encontramos presenta Abono duplicado . Lamentablemente no podemos aprobar tu solicitud de aclaración en esta ocasión.,1
0502251457,CierreMasivo 06Feb25,0,5,Tras revisar la transacción en detalle encontramos presenta Abono duplicado . Lamentablemente no podemos aprobar tu solicitud de aclaración en esta ocasión.,1
0502251464,CierreMasivo 06Feb25,0,5,Tras revisar la transacción en detalle encontramos presenta Abono duplicado . Lamentablemente no podemos aprobar tu solicitud de aclaración en esta ocasión.,1
0502253353,CierreMasivo 06Feb25,0,5,Tras revisar la transacción en detalle encontramos presento devolucion. Lamentablemente no podemos aprobar tu solicitud de aclaración en esta ocasión.,1
0502253283,CierreMasivo 06Feb25,0,5,Tras revisar la transacción en detalle encontramos presenta Abono duplicado . Lamentablemente no podemos aprobar tu solicitud de aclaración en esta ocasión.,1
0502250706,CierreMasivo 06Feb25,0,5,Tras revisar la transacción en detalle   el cargo corresponde al servicio domiciliado (TELEFONOS DE MEXICO S.A.B DE C.V.). Lamentablemente no podemos aprobar tu solicitud de aclaración en esta ocasión.,1
0502253121,CierreMasivo 06Feb25,0,5,Tras revisar la transacción en detalle encontramos que se debe a una COMPRA (COMP LIBCOPPEL SA CV). Lamentablemente no podemos aprobar tu solicitud de aclaración en esta ocasión.,1
0502251774,CierreMasivo 06Feb25,0,5,Tras revisar la transacción en detalle encontramos presenta Abono duplicado . Lamentablemente no podemos aprobar tu solicitud de aclaración en esta ocasión.,1
0502251780,CierreMasivo 06Feb25,0,5,Tras revisar la transacción en detalle encontramos presenta Abono duplicado . Lamentablemente no podemos aprobar tu solicitud de aclaración en esta ocasión.,1
0502251129,CierreMasivo 06Feb25,0,5,Tras revisar la transacción en detalle encontramos presenta Abono duplicado . Lamentablemente no podemos aprobar tu solicitud de aclaración en esta ocasión.,1
0502253469,CierreMasivo 06Feb25,0,5,Tras revisar la transacción en detalle encontramos se debe a un importe pendiente por recuperar TRANSFERENCIA PRESTAMOS COPPEL. Lamentablemente no podemos aprobar tu solicitud de aclaración en esta ocasión.,1
0502253167,CierreMasivo 06Feb25,0,5,Tras revisar la transacción en detalle  no se encontró información que coincida con la reclamación de evento seleccionado favor de validar y levantar por evento correcto.  Lamentablemente no podemos aprobar tu solicitud de aclaración en esta ocasión.,1
0502253573,CierreMasivo 06Feb25,0,5,Tras revisar la transacción en detalle encontramos se debe a un importe pendiente por recuperar por fraudes confirmados de acuerdo al Convenio de Colaboración para la Protección de Clientes Emisores del SPEI por otra institución financiera.. Lamentablemente no podemos aprobar tu solicitud de aclaración en esta ocasión.,1
0502253531,CierreMasivo 06Feb25,0,5,Tras revisar la transacción en detalle   el cargo corresponde al servicio domiciliado (BANCO INVEX SA INSTITUCION DE BANCA MULT). Lamentablemente no podemos aprobar tu solicitud de aclaración en esta ocasión.,1
0502253046,CierreMasivo 06Feb25,0,5,Tras revisar la transacción en detalle encontramos se debe a un importe pendiente por recuperar por fraudes confirmados de acuerdo al Convenio de Colaboración para la Protección de Clientes Emisores del SPEI por otra institución financiera.. Lamentablemente no podemos aprobar tu solicitud de aclaración en esta ocasión.,1
0502252854,CierreMasivo 06Feb25,0,5,Tras revisar la transacción en detalle  no se encontró información que coincida con la reclamación de evento seleccionado favor de validar y levantar por evento correcto.  Lamentablemente no podemos aprobar tu solicitud de aclaración en esta ocasión.,1
0502250927,CierreMasivo 06Feb25,0,5,Tras revisar la transacción en detalle encontramos se debe a un importe pendiente por recuperar TRANSFERENCIA PRESTAMOS COPPEL. Lamentablemente no podemos aprobar tu solicitud de aclaración en esta ocasión.,1
0502253338,CierreMasivo 06Feb25,0,5,Tras revisar la transacción en detalle encontramos se debe a un importe pendiente por recuperar por fraudes confirmados de acuerdo al Convenio de Colaboración para la Protección de Clientes Emisores del SPEI por otra institución financiera.. Lamentablemente no podemos aprobar tu solicitud de aclaración en esta ocasión.,1
0502250539,CierreMasivo 06Feb25,0,5,Tras revisar la transacción en detalle encontramos presenta Abono duplicado . Lamentablemente no podemos aprobar tu solicitud de aclaración en esta ocasión.,1
0502251920,CierreMasivo 06Feb25,0,5,Tras revisar la transacción en detalle encontramos presenta Abono duplicado . Lamentablemente no podemos aprobar tu solicitud de aclaración en esta ocasión.,1
0502252275,CierreMasivo 06Feb25,0,5,Tras revisar la transacción en detalle encontramos presenta Abono duplicado . Lamentablemente no podemos aprobar tu solicitud de aclaración en esta ocasión.,1
0502253607,CierreMasivo 06Feb25,0,5,Tras revisar la transacción en detalle encontramos se debe a un importe pendiente por recuperar TRANSFERENCIA PRESTAMOS COPPEL. Lamentablemente no podemos aprobar tu solicitud de aclaración en esta ocasión.,1
0502250317,CierreMasivo 06Feb25,0,5,Tras validar el detalle nuestra institución no otorga Prestamos Coppel por lo que le sugerimos validar directamente en cajas Coppel. Lamentablemente no podemos aprobar tu solicitud de aclaración en esta ocasión.,1
0502250335,CierreMasivo 06Feb25,0,5,Tras validar el detalle nuestra institución no otorga Prestamos Coppel por lo que le sugerimos validar directamente en cajas Coppel. Lamentablemente no podemos aprobar tu solicitud de aclaración en esta ocasión.,1
0502250366,CierreMasivo 06Feb25,0,5,Tras revisar la transacción en detalle  no se encontró información que coincida con la reclamación de evento seleccionado favor de validar y levantar por evento correcto.  Lamentablemente no podemos aprobar tu solicitud de aclaración en esta ocasión.,1
0502251722,CierreMasivo 06Feb25,0,5,Tras revisar la transacción en detalle  no se encontró información que coincida con la reclamación de evento seleccionado favor de validar y levantar por evento correcto.  Lamentablemente no podemos aprobar tu solicitud de aclaración en esta ocasión.,1
0502251572,CierreMasivo 06Feb25,0,5,Tras validar el detalle nuestra institución no otorga Prestamos Coppel por lo que le sugerimos validar directamente en cajas Coppel. Lamentablemente no podemos aprobar tu solicitud de aclaración en esta ocasión.,1
0502253496,CierreMasivo 06Feb25,0,5,Tras validar el detalle nuestra institución no otorga Prestamos Coppel por lo que le sugerimos validar directamente en cajas Coppel. Lamentablemente no podemos aprobar tu solicitud de aclaración en esta ocasión.,1
0502253097,CierreMasivo 06Feb25,0,5,Tras revisar la transacción en detalle  no se encontró información que coincida con la reclamación de evento seleccionado favor de validar y levantar por evento correcto.  Lamentablemente no podemos aprobar tu solicitud de aclaración en esta ocasión.,1
0402252285,CierreMasivo 06Feb25,0,5,Tras revisar la transacción en detalle no se encontró transacción duplicada el cual consiste tener la misma cantidad mismo comercio y mismo día. Lamentablemente no podemos aprobar tu solicitud de aclaración en esta ocasión.,1
0402252262,CierreMasivo 06Feb25,0,5,Tras revisar la transacción en detalle no se encontró transacción duplicada el cual consiste tener la misma cantidad mismo comercio y mismo día. Lamentablemente no podemos aprobar tu solicitud de aclaración en esta ocasión.,1
0402251472,CierreMasivo 06Feb25,0,5,Tras revisar la transacción en detalle no se encontró transacción duplicada el cual consiste tener la misma cantidad mismo comercio y mismo día. Lamentablemente no podemos aprobar tu solicitud de aclaración en esta ocasión.,1
0502253444,CierreMasivo 06Feb25,1,6,V Hemos atendido tu aclaración y abonado el importe reclamado a tu cuenta. Valoramos tu elección como cliente en BanCoppel y esperamos seguir siendo tu elección para futuras compras. ¡Siempre estaremos aquí para ayudarte!,1
0502251934,CierreMasivo 06Feb25,0,5,Tras revisar la transacción en detalle encontramos que ingresó datos de su tarjeta y código de autenticación que previamente recibió en su teléfono o correo electrónico datos confidenciales únicos a través de la aplicación para llevar a cabo la operación.,1
0502251945,CierreMasivo 06Feb25,0,5,Tras revisar la transacción en detalle encontramos que ingresó datos de su tarjeta y código de autenticación que previamente recibió en su teléfono o correo electrónico datos confidenciales únicos a través de la aplicación para llevar a cabo la operación.,1
0502252602,CierreMasivo 06Feb25,0,5,Tras revisar la transacción en detalle encontramos que ingresó datos de su tarjeta y código de autenticación que previamente recibió en su teléfono o correo electrónico datos confidenciales únicos a través de la aplicación para llevar a cabo la operación.,1
0502252079,CierreMasivo 06Feb25,0,5,Tras revisar la transacción en detalle encontramos que ingresó datos de su tarjeta y código de autenticación que previamente recibió en su teléfono o correo electrónico datos confidenciales únicos a través de la aplicación para llevar a cabo la operación.,1
0502252047,CierreMasivo 06Feb25,0,5,Tras revisar la transacción en detalle encontramos que ingresó datos de su tarjeta y código de autenticación que previamente recibió en su teléfono o correo electrónico datos confidenciales únicos a través de la aplicación para llevar a cabo la operación.,1
0502252055,CierreMasivo 06Feb25,0,5,Tras revisar la transacción en detalle encontramos que ingresó datos de su tarjeta y código de autenticación que previamente recibió en su teléfono o correo electrónico datos confidenciales únicos a través de la aplicación para llevar a cabo la operación.,1
0502253075,CierreMasivo 06Feb25,0,5,Tras revisar la transacción en detalle encontramos que ingresó datos de su tarjeta y código de autenticación que previamente recibió en su teléfono o correo electrónico datos confidenciales únicos a través de la aplicación para llevar a cabo la operación.,1
0502252442,CierreMasivo 06Feb25,0,5,Tras revisar la transacción en detalle encontramos que ingresó datos de su tarjeta y código de autenticación que previamente recibió en su teléfono o correo electrónico datos confidenciales únicos a través de la aplicación para llevar a cabo la operación.,1
0502253543,CierreMasivo 06Feb25,0,5,Tras revisar la transacción en detalle encontramos que ingresó datos de su tarjeta y código de autenticación que previamente recibió en su teléfono o correo electrónico datos confidenciales únicos a través de la aplicación para llevar a cabo la operación.,1
0502252631,CierreMasivo 06Feb25,0,5,Tras revisar la transacción en detalle encontramos que ingresó datos de su tarjeta y código de autenticación que previamente recibió en su teléfono o correo electrónico datos confidenciales únicos a través de la aplicación para llevar a cabo la operación.,1
0502252725,CierreMasivo 06Feb25,0,5,Tras revisar la transacción en detalle encontramos que ingresó datos de su tarjeta y código de autenticación que previamente recibió en su teléfono o correo electrónico datos confidenciales únicos a través de la aplicación para llevar a cabo la operación.,1
0502253196,CierreMasivo 06Feb25,0,5,Tras revisar la transacción en detalle encontramos que ingresó datos de su tarjeta y código de autenticación que previamente recibió en su teléfono o correo electrónico datos confidenciales únicos a través de la aplicación para llevar a cabo la operación.,1
0502252182,CierreMasivo 06Feb25,0,5,Tras revisar la transacción en detalle encontramos que ingresó datos de su tarjeta y código de autenticación que previamente recibió en su teléfono o correo electrónico datos confidenciales únicos a través de la aplicación para llevar a cabo la operación.,1
0502252209,CierreMasivo 06Feb25,0,5,Tras revisar la transacción en detalle encontramos que ingresó datos de su tarjeta y código de autenticación que previamente recibió en su teléfono o correo electrónico datos confidenciales únicos a través de la aplicación para llevar a cabo la operación.,1
0502252310,CierreMasivo 06Feb25,0,5,Tras revisar la transacción en detalle encontramos que ingresó datos de su tarjeta y código de autenticación que previamente recibió en su teléfono o correo electrónico datos confidenciales únicos a través de la aplicación para llevar a cabo la operación.,1
0502253048,CierreMasivo 06Feb25,0,5,Tras revisar la transacción en detalle encontramos que ingresó datos de su tarjeta y código de autenticación que previamente recibió en su teléfono o correo electrónico datos confidenciales únicos a través de la aplicación para llevar a cabo la operación.,1
1901250333,CierreMasivo 06Feb25,0,5,Tras revisar la transacción en detalle de acuerdo a la respuesta recibida por el Banco Adquirente informa no encontrar diferencia en el proceso de entrega de efectivo al cliente al tratarse de retiros en cajero automático es necesario digitar el código NIP dato que solo el cliente posee además las operaciones se realizaron con lector chip método de captura seguro con presencia del plástico en el cajero es responsabilidad del cliente el uso manejo y custodia de esta información. Lamentablemente no podemos aprobar tu solicitud de aclaración en esta ocasión.,1
1901250396,CierreMasivo 06Feb25,0,5,Tras revisar la transacción en detalle de acuerdo a la respuesta recibida por el Banco Adquirente informa no encontrar diferencia en el proceso de entrega de efectivo al cliente al tratarse de retiros en cajero automático es necesario digitar el código NIP dato que solo el cliente posee además las operaciones se realizaron con lector chip método de captura seguro con presencia del plástico en el cajero es responsabilidad del cliente el uso manejo y custodia de esta información. Lamentablemente no podemos aprobar tu solicitud de aclaración en esta ocasión.,1
1901250894,CierreMasivo 06Feb25,0,5,Tras revisar la transacción en detalle de acuerdo a la respuesta recibida por el Banco Adquirente informa no encontrar diferencia en el proceso de entrega de efectivo al cliente al tratarse de retiros en cajero automático es necesario digitar el código NIP dato que solo el cliente posee además las operaciones se realizaron con lector chip método de captura seguro con presencia del plástico en el cajero es responsabilidad del cliente el uso manejo y custodia de esta información. Lamentablemente no podemos aprobar tu solicitud de aclaración en esta ocasión.,1
1901250999,CierreMasivo 06Feb25,0,5,Tras revisar la transacción en detalle de acuerdo a la respuesta recibida por el Banco Adquirente informa no encontrar diferencia en el proceso de entrega de efectivo al cliente al tratarse de retiros en cajero automático es necesario digitar el código NIP dato que solo el cliente posee además las operaciones se realizaron con lector chip método de captura seguro con presencia del plástico en el cajero es responsabilidad del cliente el uso manejo y custodia de esta información. Lamentablemente no podemos aprobar tu solicitud de aclaración en esta ocasión.,1
1901251021,CierreMasivo 06Feb25,0,5,Tras revisar la transacción en detalle de acuerdo a la respuesta recibida por el Banco Adquirente informa no encontrar diferencia en el proceso de entrega de efectivo al cliente al tratarse de retiros en cajero automático es necesario digitar el código NIP dato que solo el cliente posee además las operaciones se realizaron con lector chip método de captura seguro con presencia del plástico en el cajero es responsabilidad del cliente el uso manejo y custodia de esta información. Lamentablemente no podemos aprobar tu solicitud de aclaración en esta ocasión.,1
1901252151,CierreMasivo 06Feb25,0,5,Tras revisar la transacción en detalle de acuerdo a la respuesta recibida por el Banco Adquirente informa no encontrar diferencia en el proceso de entrega de efectivo al cliente al tratarse de retiros en cajero automático es necesario digitar el código NIP dato que solo el cliente posee además las operaciones se realizaron con lector chip método de captura seguro con presencia del plástico en el cajero es responsabilidad del cliente el uso manejo y custodia de esta información. Lamentablemente no podemos aprobar tu solicitud de aclaración en esta ocasión.,1
1901252606,CierreMasivo 06Feb25,0,5,Tras revisar la transacción en detalle de acuerdo a la respuesta recibida por el Banco Adquirente informa no encontrar diferencia en el proceso de entrega de efectivo al cliente al tratarse de retiros en cajero automático es necesario digitar el código NIP dato que solo el cliente posee además las operaciones se realizaron con lector chip método de captura seguro con presencia del plástico en el cajero es responsabilidad del cliente el uso manejo y custodia de esta información. Lamentablemente no podemos aprobar tu solicitud de aclaración en esta ocasión.,1
2001250031,CierreMasivo 06Feb25,0,5,Tras revisar la transacción en detalle de acuerdo a la respuesta recibida por el Banco Adquirente informa no encontrar diferencia en el proceso de entrega de efectivo al cliente al tratarse de retiros en cajero automático es necesario digitar el código NIP dato que solo el cliente posee además las operaciones se realizaron con lector chip método de captura seguro con presencia del plástico en el cajero es responsabilidad del cliente el uso manejo y custodia de esta información. Lamentablemente no podemos aprobar tu solicitud de aclaración en esta ocasión.,1
2001252259,CierreMasivo 06Feb25,0,5,Tras revisar la transacción en detalle de acuerdo a la respuesta recibida por el Banco Adquirente informa no encontrar diferencia en el proceso de entrega de efectivo al cliente al tratarse de retiros en cajero automático es necesario digitar el código NIP dato que solo el cliente posee además las operaciones se realizaron con lector chip método de captura seguro con presencia del plástico en el cajero es responsabilidad del cliente el uso manejo y custodia de esta información. Lamentablemente no podemos aprobar tu solicitud de aclaración en esta ocasión.,1
2101254031,CierreMasivo 06Feb25,0,5,Tras revisar la transacción en detalle de acuerdo a la respuesta recibida por el Banco Adquirente informa no encontrar diferencia en el proceso de entrega de efectivo al cliente al tratarse de retiros en cajero automático es necesario digitar el código NIP dato que solo el cliente posee además las operaciones se realizaron con lector chip método de captura seguro con presencia del plástico en el cajero es responsabilidad del cliente el uso manejo y custodia de esta información. Lamentablemente no podemos aprobar tu solicitud de aclaración en esta ocasión.,1
2001250095,CierreMasivo 06Feb25,0,5,Tras revisar la transacción en detalle de acuerdo a la respuesta recibida por el Banco Adquirente informa no encontrar diferencia en el proceso de entrega de efectivo al cliente al tratarse de retiros en cajero automático es necesario digitar el código NIP dato que solo el cliente posee además las operaciones se realizaron con lector chip método de captura seguro con presencia del plástico en el cajero es responsabilidad del cliente el uso manejo y custodia de esta información. Lamentablemente no podemos aprobar tu solicitud de aclaración en esta ocasión.,1
2001251274,CierreMasivo 06Feb25,0,5,Tras revisar la transacción en detalle de acuerdo a la respuesta recibida por el Banco Adquirente informa no encontrar diferencia en el proceso de entrega de efectivo al cliente al tratarse de retiros en cajero automático es necesario digitar el código NIP dato que solo el cliente posee además las operaciones se realizaron con lector chip método de captura seguro con presencia del plástico en el cajero es responsabilidad del cliente el uso manejo y custodia de esta información. Lamentablemente no podemos aprobar tu solicitud de aclaración en esta ocasión.,1
2001252769,CierreMasivo 06Feb25,0,5,Tras revisar la transacción en detalle de acuerdo a la respuesta recibida por el Banco Adquirente informa no encontrar diferencia en el proceso de entrega de efectivo al cliente al tratarse de retiros en cajero automático es necesario digitar el código NIP dato que solo el cliente posee además las operaciones se realizaron con lector chip método de captura seguro con presencia del plástico en el cajero es responsabilidad del cliente el uso manejo y custodia de esta información. Lamentablemente no podemos aprobar tu solicitud de aclaración en esta ocasión.,1
2001252866,CierreMasivo 06Feb25,0,5,Tras revisar la transacción en detalle de acuerdo a la respuesta recibida por el Banco Adquirente informa no encontrar diferencia en el proceso de entrega de efectivo al cliente al tratarse de retiros en cajero automático es necesario digitar el código NIP dato que solo el cliente posee además las operaciones se realizaron con lector chip método de captura seguro con presencia del plástico en el cajero es responsabilidad del cliente el uso manejo y custodia de esta información. Lamentablemente no podemos aprobar tu solicitud de aclaración en esta ocasión.,1
2001252882,CierreMasivo 06Feb25,0,5,Tras revisar la transacción en detalle de acuerdo a la respuesta recibida por el Banco Adquirente informa no encontrar diferencia en el proceso de entrega de efectivo al cliente al tratarse de retiros en cajero automático es necesario digitar el código NIP dato que solo el cliente posee además las operaciones se realizaron con lector chip método de captura seguro con presencia del plástico en el cajero es responsabilidad del cliente el uso manejo y custodia de esta información. Lamentablemente no podemos aprobar tu solicitud de aclaración en esta ocasión.,1
2001252966,CierreMasivo 06Feb25,0,5,Tras revisar la transacción en detalle de acuerdo a la respuesta recibida por el Banco Adquirente informa no encontrar diferencia en el proceso de entrega de efectivo al cliente al tratarse de retiros en cajero automático es necesario digitar el código NIP dato que solo el cliente posee además las operaciones se realizaron con lector chip método de captura seguro con presencia del plástico en el cajero es responsabilidad del cliente el uso manejo y custodia de esta información. Lamentablemente no podemos aprobar tu solicitud de aclaración en esta ocasión.,1
2001253012,CierreMasivo 06Feb25,0,5,Tras revisar la transacción en detalle de acuerdo a la respuesta recibida por el Banco Adquirente informa no encontrar diferencia en el proceso de entrega de efectivo al cliente al tratarse de retiros en cajero automático es necesario digitar el código NIP dato que solo el cliente posee además las operaciones se realizaron con lector chip método de captura seguro con presencia del plástico en el cajero es responsabilidad del cliente el uso manejo y custodia de esta información. Lamentablemente no podemos aprobar tu solicitud de aclaración en esta ocasión.,1
2001253202,CierreMasivo 06Feb25,0,5,Tras revisar la transacción en detalle de acuerdo a la respuesta recibida por el Banco Adquirente informa no encontrar diferencia en el proceso de entrega de efectivo al cliente al tratarse de retiros en cajero automático es necesario digitar el código NIP dato que solo el cliente posee además las operaciones se realizaron con lector chip método de captura seguro con presencia del plástico en el cajero es responsabilidad del cliente el uso manejo y custodia de esta información. Lamentablemente no podemos aprobar tu solicitud de aclaración en esta ocasión.,1
2001253317,CierreMasivo 06Feb25,0,5,Tras revisar la transacción en detalle de acuerdo a la respuesta recibida por el Banco Adquirente informa no encontrar diferencia en el proceso de entrega de efectivo al cliente al tratarse de retiros en cajero automático es necesario digitar el código NIP dato que solo el cliente posee además las operaciones se realizaron con lector chip método de captura seguro con presencia del plástico en el cajero es responsabilidad del cliente el uso manejo y custodia de esta información. Lamentablemente no podemos aprobar tu solicitud de aclaración en esta ocasión.,1
2001254213,CierreMasivo 06Feb25,0,5,Tras revisar la transacción en detalle de acuerdo a la respuesta recibida por el Banco Adquirente informa no encontrar diferencia en el proceso de entrega de efectivo al cliente al tratarse de retiros en cajero automático es necesario digitar el código NIP dato que solo el cliente posee además las operaciones se realizaron con lector chip método de captura seguro con presencia del plástico en el cajero es responsabilidad del cliente el uso manejo y custodia de esta información. Lamentablemente no podemos aprobar tu solicitud de aclaración en esta ocasión.,1
2001254392,CierreMasivo 06Feb25,0,5,Tras revisar la transacción en detalle de acuerdo a la respuesta recibida por el Banco Adquirente informa no encontrar diferencia en el proceso de entrega de efectivo al cliente al tratarse de retiros en cajero automático es necesario digitar el código NIP dato que solo el cliente posee además las operaciones se realizaron con lector chip método de captura seguro con presencia del plástico en el cajero es responsabilidad del cliente el uso manejo y custodia de esta información. Lamentablemente no podemos aprobar tu solicitud de aclaración en esta ocasión.,1
2001254523,CierreMasivo 06Feb25,0,5,Tras revisar la transacción en detalle de acuerdo a la respuesta recibida por el Banco Adquirente informa no encontrar diferencia en el proceso de entrega de efectivo al cliente al tratarse de retiros en cajero automático es necesario digitar el código NIP dato que solo el cliente posee además las operaciones se realizaron con lector chip método de captura seguro con presencia del plástico en el cajero es responsabilidad del cliente el uso manejo y custodia de esta información. Lamentablemente no podemos aprobar tu solicitud de aclaración en esta ocasión.,1
2101250001,CierreMasivo 06Feb25,0,5,Tras revisar la transacción en detalle de acuerdo a la respuesta recibida por el Banco Adquirente informa no encontrar diferencia en el proceso de entrega de efectivo al cliente al tratarse de retiros en cajero automático es necesario digitar el código NIP dato que solo el cliente posee además las operaciones se realizaron con lector chip método de captura seguro con presencia del plástico en el cajero es responsabilidad del cliente el uso manejo y custodia de esta información. Lamentablemente no podemos aprobar tu solicitud de aclaración en esta ocasión.,1
2101250027,CierreMasivo 06Feb25,0,5,Tras revisar la transacción en detalle de acuerdo a la respuesta recibida por el Banco Adquirente informa no encontrar diferencia en el proceso de entrega de efectivo al cliente al tratarse de retiros en cajero automático es necesario digitar el código NIP dato que solo el cliente posee además las operaciones se realizaron con lector chip método de captura seguro con presencia del plástico en el cajero es responsabilidad del cliente el uso manejo y custodia de esta información. Lamentablemente no podemos aprobar tu solicitud de aclaración en esta ocasión.,1
2101250942,CierreMasivo 06Feb25,0,5,Tras revisar la transacción en detalle de acuerdo a la respuesta recibida por el Banco Adquirente informa no encontrar diferencia en el proceso de entrega de efectivo al cliente al tratarse de retiros en cajero automático es necesario digitar el código NIP dato que solo el cliente posee además las operaciones se realizaron con lector chip método de captura seguro con presencia del plástico en el cajero es responsabilidad del cliente el uso manejo y custodia de esta información. Lamentablemente no podemos aprobar tu solicitud de aclaración en esta ocasión.,1
2101251383,CierreMasivo 06Feb25,0,5,Tras revisar la transacción en detalle de acuerdo a la respuesta recibida por el Banco Adquirente informa no encontrar diferencia en el proceso de entrega de efectivo al cliente al tratarse de retiros en cajero automático es necesario digitar el código NIP dato que solo el cliente posee además las operaciones se realizaron con lector chip método de captura seguro con presencia del plástico en el cajero es responsabilidad del cliente el uso manejo y custodia de esta información. Lamentablemente no podemos aprobar tu solicitud de aclaración en esta ocasión.,1
2101253121,CierreMasivo 06Feb25,0,5,Tras revisar la transacción en detalle de acuerdo a la respuesta recibida por el Banco Adquirente informa no encontrar diferencia en el proceso de entrega de efectivo al cliente al tratarse de retiros en cajero automático es necesario digitar el código NIP dato que solo el cliente posee además las operaciones se realizaron con lector chip método de captura seguro con presencia del plástico en el cajero es responsabilidad del cliente el uso manejo y custodia de esta información. Lamentablemente no podemos aprobar tu solicitud de aclaración en esta ocasión.,1
2101254104,CierreMasivo 06Feb25,0,5,Tras revisar la transacción en detalle de acuerdo a la respuesta recibida por el Banco Adquirente informa no encontrar diferencia en el proceso de entrega de efectivo al cliente al tratarse de retiros en cajero automático es necesario digitar el código NIP dato que solo el cliente posee además las operaciones se realizaron con lector chip método de captura seguro con presencia del plástico en el cajero es responsabilidad del cliente el uso manejo y custodia de esta información. Lamentablemente no podemos aprobar tu solicitud de aclaración en esta ocasión.,1
2101254372,CierreMasivo 06Feb25,0,5,Tras revisar la transacción en detalle de acuerdo a la respuesta recibida por el Banco Adquirente informa no encontrar diferencia en el proceso de entrega de efectivo al cliente al tratarse de retiros en cajero automático es necesario digitar el código NIP dato que solo el cliente posee además las operaciones se realizaron con lector chip método de captura seguro con presencia del plástico en el cajero es responsabilidad del cliente el uso manejo y custodia de esta información. Lamentablemente no podemos aprobar tu solicitud de aclaración en esta ocasión.,1
2101254425,CierreMasivo 06Feb25,0,5,Tras revisar la transacción en detalle de acuerdo a la respuesta recibida por el Banco Adquirente informa no encontrar diferencia en el proceso de entrega de efectivo al cliente al tratarse de retiros en cajero automático es necesario digitar el código NIP dato que solo el cliente posee además las operaciones se realizaron con lector chip método de captura seguro con presencia del plástico en el cajero es responsabilidad del cliente el uso manejo y custodia de esta información. Lamentablemente no podemos aprobar tu solicitud de aclaración en esta ocasión.,1
2101254426,CierreMasivo 06Feb25,0,5,Tras revisar la transacción en detalle de acuerdo a la respuesta recibida por el Banco Adquirente informa no encontrar diferencia en el proceso de entrega de efectivo al cliente al tratarse de retiros en cajero automático es necesario digitar el código NIP dato que solo el cliente posee además las operaciones se realizaron con lector chip método de captura seguro con presencia del plástico en el cajero es responsabilidad del cliente el uso manejo y custodia de esta información. Lamentablemente no podemos aprobar tu solicitud de aclaración en esta ocasión.,1
2201253819,CierreMasivo 06Feb25,0,5,Tras revisar la transacción en detalle de acuerdo a la respuesta recibida por el Banco Adquirente informa no encontrar diferencia en el proceso de entrega de efectivo al cliente al tratarse de retiros en cajero automático es necesario digitar el código NIP dato que solo el cliente posee además las operaciones se realizaron con lector chip método de captura seguro con presencia del plástico en el cajero es responsabilidad del cliente el uso manejo y custodia de esta información. Lamentablemente no podemos aprobar tu solicitud de aclaración en esta ocasión.,1
2301250541,CierreMasivo 06Feb25,0,5,Tras revisar la transacción en detalle de acuerdo a la respuesta recibida por el Banco Adquirente informa no encontrar diferencia en el proceso de entrega de efectivo al cliente al tratarse de retiros en cajero automático es necesario digitar el código NIP dato que solo el cliente posee además las operaciones se realizaron con lector chip método de captura seguro con presencia del plástico en el cajero es responsabilidad del cliente el uso manejo y custodia de esta información. Lamentablemente no podemos aprobar tu solicitud de aclaración en esta ocasión.,1
2301251033,CierreMasivo 06Feb25,0,5,Tras revisar la transacción en detalle de acuerdo a la respuesta recibida por el Banco Adquirente informa no encontrar diferencia en el proceso de entrega de efectivo al cliente al tratarse de retiros en cajero automático es necesario digitar el código NIP dato que solo el cliente posee además las operaciones se realizaron con lector chip método de captura seguro con presencia del plástico en el cajero es responsabilidad del cliente el uso manejo y custodia de esta información. Lamentablemente no podemos aprobar tu solicitud de aclaración en esta ocasión.,1
2301253611,CierreMasivo 06Feb25,0,5,Tras revisar la transacción en detalle de acuerdo a la respuesta recibida por el Banco Adquirente informa no encontrar diferencia en el proceso de entrega de efectivo al cliente al tratarse de retiros en cajero automático es necesario digitar el código NIP dato que solo el cliente posee además las operaciones se realizaron con lector chip método de captura seguro con presencia del plástico en el cajero es responsabilidad del cliente el uso manejo y custodia de esta información. Lamentablemente no podemos aprobar tu solicitud de aclaración en esta ocasión.,1
2401251933,CierreMasivo 06Feb25,0,5,Tras revisar la transacción en detalle de acuerdo a la respuesta recibida por el Banco Adquirente informa no encontrar diferencia en el proceso de entrega de efectivo al cliente al tratarse de retiros en cajero automático es necesario digitar el código NIP dato que solo el cliente posee además las operaciones se realizaron con lector chip método de captura seguro con presencia del plástico en el cajero es responsabilidad del cliente el uso manejo y custodia de esta información. Lamentablemente no podemos aprobar tu solicitud de aclaración en esta ocasión.,1
2401252011,CierreMasivo 06Feb25,0,5,Tras revisar la transacción en detalle de acuerdo a la respuesta recibida por el Banco Adquirente informa no encontrar diferencia en el proceso de entrega de efectivo al cliente al tratarse de retiros en cajero automático es necesario digitar el código NIP dato que solo el cliente posee además las operaciones se realizaron con lector chip método de captura seguro con presencia del plástico en el cajero es responsabilidad del cliente el uso manejo y custodia de esta información. Lamentablemente no podemos aprobar tu solicitud de aclaración en esta ocasión.,1
2501251806,CierreMasivo 06Feb25,0,5,Tras revisar la transacción en detalle de acuerdo a la respuesta recibida por el Banco Adquirente informa no encontrar diferencia en el proceso de entrega de efectivo al cliente al tratarse de retiros en cajero automático es necesario digitar el código NIP dato que solo el cliente posee además las operaciones se realizaron con lector chip método de captura seguro con presencia del plástico en el cajero es responsabilidad del cliente el uso manejo y custodia de esta información. Lamentablemente no podemos aprobar tu solicitud de aclaración en esta ocasión.,1
2501251861,CierreMasivo 06Feb25,0,5,Tras revisar la transacción en detalle de acuerdo a la respuesta recibida por el Banco Adquirente informa no encontrar diferencia en el proceso de entrega de efectivo al cliente al tratarse de retiros en cajero automático es necesario digitar el código NIP dato que solo el cliente posee además las operaciones se realizaron con lector chip método de captura seguro con presencia del plástico en el cajero es responsabilidad del cliente el uso manejo y custodia de esta información. Lamentablemente no podemos aprobar tu solicitud de aclaración en esta ocasión.,1
2501251882,CierreMasivo 06Feb25,0,5,Tras revisar la transacción en detalle de acuerdo a la respuesta recibida por el Banco Adquirente informa no encontrar diferencia en el proceso de entrega de efectivo al cliente al tratarse de retiros en cajero automático es necesario digitar el código NIP dato que solo el cliente posee además las operaciones se realizaron con lector chip método de captura seguro con presencia del plástico en el cajero es responsabilidad del cliente el uso manejo y custodia de esta información. Lamentablemente no podemos aprobar tu solicitud de aclaración en esta ocasión.,1
2601250870,CierreMasivo 06Feb25,0,5,Tras revisar la transacción en detalle de acuerdo a la respuesta recibida por el Banco Adquirente informa no encontrar diferencia en el proceso de entrega de efectivo al cliente al tratarse de retiros en cajero automático es necesario digitar el código NIP dato que solo el cliente posee además las operaciones se realizaron con lector chip método de captura seguro con presencia del plástico en el cajero es responsabilidad del cliente el uso manejo y custodia de esta información. Lamentablemente no podemos aprobar tu solicitud de aclaración en esta ocasión.,1
2801250662,CierreMasivo 06Feb25,0,5,Tras revisar la transacción en detalle de acuerdo a la respuesta recibida por el Banco Adquirente informa no encontrar diferencia en el proceso de entrega de efectivo al cliente al tratarse de retiros en cajero automático es necesario digitar el código NIP dato que solo el cliente posee además las operaciones se realizaron con lector chip método de captura seguro con presencia del plástico en el cajero es responsabilidad del cliente el uso manejo y custodia de esta información. Lamentablemente no podemos aprobar tu solicitud de aclaración en esta ocasión.,1
2801252377,CierreMasivo 06Feb25,0,5,Tras revisar la transacción en detalle de acuerdo a la respuesta recibida por el Banco Adquirente informa no encontrar diferencia en el proceso de entrega de efectivo al cliente al tratarse de retiros en cajero automático es necesario digitar el código NIP dato que solo el cliente posee además las operaciones se realizaron con lector chip método de captura seguro con presencia del plástico en el cajero es responsabilidad del cliente el uso manejo y custodia de esta información. Lamentablemente no podemos aprobar tu solicitud de aclaración en esta ocasión.,1
2801252420,CierreMasivo 06Feb25,0,5,Tras revisar la transacción en detalle de acuerdo a la respuesta recibida por el Banco Adquirente informa no encontrar diferencia en el proceso de entrega de efectivo al cliente al tratarse de retiros en cajero automático es necesario digitar el código NIP dato que solo el cliente posee además las operaciones se realizaron con lector chip método de captura seguro con presencia del plástico en el cajero es responsabilidad del cliente el uso manejo y custodia de esta información. Lamentablemente no podemos aprobar tu solicitud de aclaración en esta ocasión.,1
2801252445,CierreMasivo 06Feb25,0,5,Tras revisar la transacción en detalle de acuerdo a la respuesta recibida por el Banco Adquirente informa no encontrar diferencia en el proceso de entrega de efectivo al cliente al tratarse de retiros en cajero automático es necesario digitar el código NIP dato que solo el cliente posee además las operaciones se realizaron con lector chip método de captura seguro con presencia del plástico en el cajero es responsabilidad del cliente el uso manejo y custodia de esta información. Lamentablemente no podemos aprobar tu solicitud de aclaración en esta ocasión.,1
2901250297,CierreMasivo 06Feb25,0,5,Tras revisar la transacción en detalle de acuerdo a la respuesta recibida por el Banco Adquirente informa no encontrar diferencia en el proceso de entrega de efectivo al cliente al tratarse de retiros en cajero automático es necesario digitar el código NIP dato que solo el cliente posee además las operaciones se realizaron con lector chip método de captura seguro con presencia del plástico en el cajero es responsabilidad del cliente el uso manejo y custodia de esta información. Lamentablemente no podemos aprobar tu solicitud de aclaración en esta ocasión.,1
0601251053,CierreMasivo 06Feb25,0,5,Tras revisar la transacción en detalle de acuerdo a la respuesta recibida por el Banco Adquirente informa no encontrar diferencia en el proceso de entrega de efectivo al cliente al tratarse de retiros en cajero automático es necesario digitar el código NIP dato que solo el cliente posee además las operaciones se realizaron con lector chip método de captura seguro con presencia del plástico en el cajero es responsabilidad del cliente el uso manejo y custodia de esta información. Lamentablemente no podemos aprobar tu solicitud de aclaración en esta ocasión.,1
2701253532,CierreMasivo 06Feb25,1,6,! Hemos atendido tu aclaración y abonado el importe reclamado a tu cuenta aceptando el cargo por parte de Coppel INTER-RED.Valoramos tu elección como cliente en BanCoppel y esperamos seguir siendo tu elección para futuras compras. ¡Siempre estaremos aquí para ayudarte!,1
2701251554,CierreMasivo 06Feb25,1,6,! Hemos atendido tu aclaración y abonado el importe reclamado a tu cuenta aceptando el cargo por parte de Coppel INTER-RED.Valoramos tu elección como cliente en BanCoppel y esperamos seguir siendo tu elección para futuras compras. ¡Siempre estaremos aquí para ayudarte!,1
2701253403,CierreMasivo 06Feb25,1,6,! Hemos atendido tu aclaración y abonado el importe reclamado a tu cuenta aceptando el cargo por parte de Coppel INTER-RED.Valoramos tu elección como cliente en BanCoppel y esperamos seguir siendo tu elección para futuras compras. ¡Siempre estaremos aquí para ayudarte!,1
2701251415,CierreMasivo 06Feb25,1,6,! Hemos atendido tu aclaración y abonado el importe reclamado a tu cuenta aceptando el cargo por parte de Coppel INTER-RED.Valoramos tu elección como cliente en BanCoppel y esperamos seguir siendo tu elección para futuras compras. ¡Siempre estaremos aquí para ayudarte!,1
2701253376,CierreMasivo 06Feb25,1,6,! Hemos atendido tu aclaración y abonado el importe reclamado a tu cuenta aceptando el cargo por parte de Coppel INTER-RED.Valoramos tu elección como cliente en BanCoppel y esperamos seguir siendo tu elección para futuras compras. ¡Siempre estaremos aquí para ayudarte!,1
2801251879,CierreMasivo 06Feb25,1,6,! Hemos atendido tu aclaración y abonado el importe reclamado a tu cuenta aceptando el cargo por parte de Coppel INTER-RED.Valoramos tu elección como cliente en BanCoppel y esperamos seguir siendo tu elección para futuras compras. ¡Siempre estaremos aquí para ayudarte!,1
2801252209,CierreMasivo 06Feb25,1,6,! Hemos atendido tu aclaración y abonado el importe reclamado a tu cuenta aceptando el cargo por parte de Coppel INTER-RED.Valoramos tu elección como cliente en BanCoppel y esperamos seguir siendo tu elección para futuras compras. ¡Siempre estaremos aquí para ayudarte!,1
2801251386,CierreMasivo 06Feb25,1,6,! Hemos atendido tu aclaración y abonado el importe reclamado a tu cuenta aceptando el cargo por parte de Coppel INTER-RED.Valoramos tu elección como cliente en BanCoppel y esperamos seguir siendo tu elección para futuras compras. ¡Siempre estaremos aquí para ayudarte!,1
1101252184,CierreMasivo 06Feb25,0,5,No procede la cuenta se encuentra bloqueada debido a que tiene un importe pendiente de recuperarpor la cantidad de $1524.63 pesos de una operación en NAFIN del día DOMI 02052024. La cuenta puede ser desbloqueada si el cliente cuenta con dicha cantidad para realizar el cargo.,1
1101251486,CierreMasivo 06Feb25,0,5,No procede bloqueada debido a que se detectaron operaciones inusuales de acuerdo al contrato en la sección 5.7 el banco esta facultado para realizar dicho bloqueo en caso de contar con saldo podrá ser retirado en su sucursal BanCoppel.,1
2901253628,CierreMasivo 06Feb25,0,5,No procede este evento es unicamente para bloqueo y desbloqueo de cuenta la cuenta se encuentra inactiva se recomienda realizar movimientos en su cuenta realizar un depósito mínimo de $ 300.00 pesos favor de validarlo.,1
2901252133,CierreMasivo 06Feb25,0,5,No procede cliente en su momento solicito la cancelación de la cuenta no es posible realizar la activación; favor de realizar la apertura de una nueva cuenta.,1
3001253240,CierreMasivo 06Feb25,0,5,No procede este evento es unicamente para bloqueo y desbloqueo de cuenta la cuenta se encuentra inactiva se recomienda realizar movimientos en su cuenta realizar un depósito mínimo de $ 300.00 pesos favor de validarlo.,1
3001250713,CierreMasivo 06Feb25,0,5,No procede favor de levantar aclaración por el evento correcto que es cancelación y pago a beneficiario por ese evento se le dará el debido seguimiento a su solicitud.,1
0102252681,CierreMasivo 06Feb25,0,5,No procede favor de validar con su ELP esta cuenta se encuentra bloqueada a petición de Recursos Humanos.,1
0102252665,CierreMasivo 06Feb25,0,5,No procede bloqueada por recuperación de una operación MEXICO ASISTENCIA SA DE CV por un importe de $108.19 pesos fecha DOMI 02052024. Una vez cuente con el importe mencionado en su saldo realice nueva aclaración.,1
0102252277,CierreMasivo 06Feb25,0,5,No procede bloqueada por recuperación de una operación TELEFONOS DE MEXICO S.A.B DE C.V. por un importe de $806.39 pesos fecha DOMI 02052024. Una vez cuente con el importe mencionado en su saldo realice nueva aclaración.,1
0102251768,CierreMasivo 06Feb25,0,5,No procede cliente en su momento solicito la cancelación de la cuenta no es posible realizar la activación; favor de realizar la apertura de una nueva cuenta.,1
0102251673,CierreMasivo 06Feb25,0,5,No procede este evento es para desbloqueo de cuenta y la cuenta se encuentra activa favor de validarlo.,1
0102251624,CierreMasivo 06Feb25,0,5,No procede este evento es para desbloqueo de cuenta y la cuenta se encuentra activa favor de validarlo.,1
0102250558,CierreMasivo 06Feb25,0,5,No procede la cuenta joven se encuentra bloqueada por mayoría de edad como característica del producto favor de validar la decisión 10.50 en la intranet.,1
0102250306,CierreMasivo 06Feb25,0,5,No procede favor de levantar aclaración por el evento correcto que es cancelación y pago a beneficiario por ese evento se le dará el debido seguimiento a su solicitud.,1
0102250233,CierreMasivo 06Feb25,0,5,No procede este evento es para desbloqueo de cuenta y la cuenta se encuentra activa favor de validarlo.,1
0102250277,CierreMasivo 06Feb25,0,5,No procede bloqueada por recuperación de una operación 1801250018 Recuperacion duplicidad de ab por un importe de $2315.5 pesos fecha 01/21/2025. Una vez cuente con el importe mencionado en su saldo realice nueva aclaración.,1
0202251493,CierreMasivo 06Feb25,0,5,No procede este evento es para desbloqueo de cuenta y la cuenta se encuentra activa favor de validarlo.,1
0202251406,CierreMasivo 06Feb25,0,5,No procede la solicitud de bloqueo fue a petición de JUZGADO DE MENOR CUANTIÁ DEL PRIMER DISTRITO JUDICIAL NUEVO LEÓN cliente debe dirigirse a dicha Institución para que la misma solicite al Banco el desbloqueo de la cuenta.,1
0202251094,CierreMasivo 06Feb25,0,5,No procede bloqueada por recuperación de una operación BELVO TECHNOLOGIES SAPI DE CV por un importe de $600.96 pesos fecha DOMI 02052024. Una vez cuente con el importe mencionado en su saldo realice nueva aclaración.,1
0202250329,CierreMasivo 06Feb25,0,5,No procede este evento es únicamente para desbloqueo de cuenta y se encuentra activa favor de acudir a sucursal y solicitar en promotoría se comuniquen a el área de fraudes para consultar sobre el bloqueo temporal de la tarjeta.,1
0202250174,CierreMasivo 06Feb25,0,5,No procede este evento es para desbloqueo de cuenta y la cuenta se encuentra activa favor de validarlo.,1
0202250047,CierreMasivo 06Feb25,0,5,No procede la cuenta joven se encuentra bloqueada por mayoría de edad como característica del producto favor de validar la decisión 10.50 en la intranet.,1
0302253422,CierreMasivo 06Feb25,0,5,No procede bloqueada por recuperación de una operación 1901250835 1901250872 Recuperacion dobl por un importe de $1212.33 pesos fecha 01/30/2025. Una vez cuente con el importe mencionado en su saldo realice nueva aclaración.,1
0302253125,CierreMasivo 06Feb25,0,5,No procede este evento es para desbloqueo de cuenta y la cuenta se encuentra activa favor de validarlo.,1
0302253057,CierreMasivo 06Feb25,0,5,No procede este evento es únicamente para desbloqueo de cuenta y se encuentra activa favor de acudir a sucursal y solicitar en promotoría se comuniquen a el área de fraudes para consultar sobre el bloqueo temporal de la tarjeta.,1
0302252825,CierreMasivo 06Feb25,0,5,No procede la solicitud de bloqueo fue a petición de SAT SERVICIO DE ADMINISTRACION TRIBUTARIA 400 45 00 02 00 2024 14477 cliente debe dirigirse a dicha Institución para que la misma solicite al Banco el desbloqueo de la cuenta.,1
0302252046,CierreMasivo 06Feb25,0,5,No procede bloqueada debido a que se detectaron operaciones inusuales de acuerdo al contrato en la sección 5.7 el banco esta facultado para realizar dicho bloqueo en caso de contar con saldo podrá ser retirado en su sucursal BanCoppel.,1
0302251649,CierreMasivo 06Feb25,0,5,No procede la solicitud de bloqueo fue a petición de SAT SERVICIO DE ADMINISTRACION TRIBUTARIA 400 36 00 03 02 2024 5020 cliente debe dirigirse a dicha Institución para que la misma solicite al Banco el desbloqueo de la cuenta.,1
0302251312,CierreMasivo 06Feb25,0,5,No procede este evento es para desbloqueo de cuenta y la cuenta se encuentra activa favor de validarlo.,1
0302251300,CierreMasivo 06Feb25,0,5,No procede la cuenta joven se encuentra bloqueada por mayoría de edad como característica del producto favor de validar la decisión 10.50 en la intranet.,1
0302251163,CierreMasivo 06Feb25,0,5,No procede este evento es para desbloqueo de cuenta y la cuenta se encuentra activa favor de validarlo.,1
0302251184,CierreMasivo 06Feb25,0,5,No procede este evento es unicamente para bloqueo y desbloqueo de cuenta la cuenta se encuentra inactiva se recomienda realizar movimientos en su cuenta realizar un depósito mínimo de $ 300.00 pesos favor de validarlo.,1
0302250586,CierreMasivo 06Feb25,0,5,No procede este evento es para desbloqueo de cuenta y la cuenta se encuentra activa favor de validarlo.,1
0402253336,CierreMasivo 06Feb25,0,5,No procede favor de validar con su ELP esta cuenta se encuentra bloqueada a petición de Recursos Humanos.,1
0402253211,CierreMasivo 06Feb25,0,5,No procede la cuenta joven se encuentra bloqueada por mayoría de edad como característica del producto favor de validar la decisión 10.50 en la intranet.,1
0402252971,CierreMasivo 06Feb25,0,5,No procede la solicitud de bloqueo fue a petición de SAT SERVICIO DE ADMINISTRACION TRIBUTARIA 400 36 00 03 02 2024 18852 cliente debe dirigirse a dicha Institución para que la misma solicite al Banco el desbloqueo de la cuenta.,1
0402252552,CierreMasivo 06Feb25,0,5,No procede bloqueada debido a que se detectaron operaciones inusuales de acuerdo al contrato en la sección 5.7 el banco esta facultado para realizar dicho bloqueo,1
0402252415,CierreMasivo 06Feb25,0,5,No procede este evento es únicamente para desbloqueo de cuenta y se encuentra activa favor de acudir a sucursal y solicitar en promotoría se comuniquen a el área de fraudes para consultar sobre el bloqueo temporal de la tarjeta.,1
0402252214,CierreMasivo 06Feb25,0,5,No procede la cuenta joven se encuentra bloqueada por mayoría de edad como característica del producto favor de validar la decisión 10.50 en la intranet.,1
0402252192,CierreMasivo 06Feb25,0,5,No procede este evento es para desbloqueo de cuenta y la cuenta se encuentra activa favor de validarlo.,1
0402252119,CierreMasivo 06Feb25,0,5,No procede la solicitud de bloqueo fue a petición de SAT SERVICIO DE ADMINISTRACION TRIBUTARIA 400 64 00 01 00 2024 4801 cliente debe dirigirse a dicha Institución para que la misma solicite al Banco el desbloqueo de la cuenta.,1
0402251962,CierreMasivo 06Feb25,0,5,No procede bloqueada por recuperación de una operación MEXICO ASISTENCIA SA DE CV por un importe de $89.74 pesos fecha DOMI 02052024. Una vez cuente con el importe mencionado en su saldo realice nueva aclaración.,1
0402251661,CierreMasivo 06Feb25,0,5,No procede la solicitud de bloqueo fue a petición de SAT SERVICIO DE ADMINISTRACION TRIBUTARIA 400 31 00 04 00 2024 10910 cliente debe dirigirse a dicha Institución para que la misma solicite al Banco el desbloqueo de la cuenta.,1
0402251560,CierreMasivo 06Feb25,0,5,No procede este evento es para desbloqueo de cuenta y la cuenta se encuentra activa favor de validarlo.,1
0402251298,CierreMasivo 06Feb25,0,5,No procede la solicitud de bloqueo fue a petición de SAT SERVICIO DE ADMINISTRACION TRIBUTARIA cliente debe dirigirse a dicha Institución para que la misma solicite al Banco el desbloqueo de la cuenta.,1
0402251215,CierreMasivo 06Feb25,0,5,No procede este evento es para desbloqueo de cuenta y la cuenta se encuentra activa favor de validarlo.,1
0402251042,CierreMasivo 06Feb25,0,5,No procede bloqueada debido a que se detectaron operaciones inusuales de acuerdo al contrato en la sección 5.7 el banco esta facultado para realizar dicho bloqueo.,1
0402250583,CierreMasivo 06Feb25,0,5,No procede la solicitud de bloqueo fue a petición de SAT SERVICIO DE ADMINISTRACION TRIBUTARIA cliente debe dirigirse a dicha Institución para que la misma solicite al Banco el desbloqueo de la cuenta.,1
0502253524,CierreMasivo 06Feb25,0,5,No procede bloqueada por recuperación de una operación BANCO INVEX SA INSTITUCION DE BANCA MULT por un importe de $135.95 pesos fecha DOMI 02052024. Una vez cuente con el importe mencionado en su saldo realice nueva aclaración.,1
0502253150,CierreMasivo 06Feb25,0,5,No procede bloqueada debido a que se detectaron operaciones inusuales de acuerdo al contrato en la sección 5.7 el banco esta facultado para realizar dicho bloqueo.,1
0502253175,CierreMasivo 06Feb25,0,5,No procede bloqueada debido a que se detectaron operaciones inusuales de acuerdo al contrato en la sección 5.7 el banco esta facultado para realizar dicho bloqueo.,1
0502253024,CierreMasivo 06Feb25,0,5,No procede es necesario realizar actualización de datos en sucursal principalmente la actividad y subactividad en caso de que continúe bloqueada favor de comunicarse a las extensiones que arroja el mensaje al consultar el status de la cuenta.,1
0502252989,CierreMasivo 06Feb25,0,5,No procede este evento es para desbloqueo de cuenta y la cuenta se encuentra activa favor de validarlo.,1
0502253053,CierreMasivo 06Feb25,0,5,No procede es necesario realizar actualización de datos en sucursal principalmente la actividad y subactividad en caso de que continúe bloqueada favor de comunicarse a las extensiones que arroja el mensaje al consultar el status de la cuenta.,1
0502253031,CierreMasivo 06Feb25,0,5,No procede la solicitud de bloqueo fue a petición de SAT SERVICIO DE ADMINISTRACION TRIBUTARIA 400 17 00 03 01 2024 884 cliente debe dirigirse a dicha Institución para que la misma solicite al Banco el desbloqueo de la cuenta.,1
0502252737,CierreMasivo 06Feb25,0,5,No procede la solicitud de bloqueo fue a petición de ADMINISTRACION DESCONCENTRADA DE RECAUDACION DE GUANAJUATO 3 cliente debe dirigirse a dicha Institución para que la misma solicite al Banco el desbloqueo de la cuenta.,1
0502252559,CierreMasivo 06Feb25,0,5,No procede cliente en su momento solicito la cancelación de la cuenta no es posible realizar la activación; favor de realizar la apertura de una nueva cuenta.,1
0502252157,CierreMasivo 06Feb25,0,5,No procede bloqueada por recuperación de una operación METLIFE MEXICO SA DE CV por un importe de $525.49 pesos fecha DOMI 02052024. Una vez cuente con el importe mencionado en su saldo realice nueva aclaración.,1
0502252067,CierreMasivo 06Feb25,0,5,No procede bloqueada debido a que se detectaron operaciones inusuales de acuerdo al contrato en la sección 5.7 el banco esta facultado para realizar dicho bloqueo en caso de contar con saldo podrá ser retirado en su sucursal BanCoppel.,1
0502252081,CierreMasivo 06Feb25,0,5,No procede este evento es únicamente para desbloqueo de cuenta y se encuentra activa favor de acudir a sucursal y solicitar en promotoría se comuniquen a el área de fraudes para consultar sobre el bloqueo temporal de la tarjeta.,1
0502251896,CierreMasivo 06Feb25,0,5,No procede bloqueada debido a que se detectaron operaciones inusuales de acuerdo al contrato en la sección 5.7 el banco esta facultado para realizar dicho bloqueo.,1
0502251825,CierreMasivo 06Feb25,0,5,No procede la solicitud de bloqueo fue a petición de SAT SERVICIO DE ADMINISTRACION TRIBUTARIA cliente debe dirigirse a dicha Institución para que la misma solicite al Banco el desbloqueo de la cuenta.,1
0502251711,CierreMasivo 06Feb25,0,5,No procede bloqueada por recuperación de una operación BANCO INVEX SA INSTITUCION DE BANCA MULT por un importe de $135.95 pesos fecha DOMI 02052024. Una vez cuente con el importe mencionado en su saldo realice nueva aclaración.,1
0502251388,CierreMasivo 06Feb25,0,5,No procede es necesario realizar actualización de datos en sucursal principalmente la actividad y subactividad en caso de que continúe bloqueada favor de comunicarse a las extensiones que arroja el mensaje al consultar el status de la cuenta.,1
0502251366,CierreMasivo 06Feb25,0,5,No procede bloqueada debido a que se detectaron operaciones inusuales de acuerdo al contrato en la sección 5.7 el banco esta facultado para realizar dicho bloqueo.,1
0502250955,CierreMasivo 06Feb25,0,5,No procede es necesario realizar actualización de datos en sucursal principalmente la actividad y subactividad en caso de que continúe bloqueada favor de comunicarse a las extensiones que arroja el mensaje al consultar el status de la cuenta.,1
0502250761,CierreMasivo 06Feb25,0,5,No procede bloqueada debido a que se detectaron operaciones inusuales de acuerdo al contrato en la sección 5.7 el banco esta facultado para realizar dicho bloqueo.,1
0502250815,CierreMasivo 06Feb25,0,5,No procede bloqueada por recuperación de una operación 2007242653 2007243210 2007244330 2207 por un importe de $825.03 pesos fecha 08/22/2024. Una vez cuente con el importe mencionado en su saldo realice nueva aclaración.,1
0502250665,CierreMasivo 06Feb25,0,5,No procede bloqueada debido a que se detectaron operaciones inusuales de acuerdo al contrato en la sección 5.7 el banco esta facultado para realizar dicho bloqueo.,1
0502250141,CierreMasivo 06Feb25,0,5,No procede en este caso favor de comunicarse con su Gerente de Banca Comercial para consultar este tipo de bloqueo de cuenta.,1
1901250742,CierreMasivo 06Feb25,1,6,*/ Hemos atendido tu aclaración y abonado el importe reclamado a tu cuenta. Valoramos tu elección como cliente en BanCoppel y esperamos seguir siendo tu elección para futuras compras. ¡Siempre estaremos aquí para ayudarte!,1
